序号,数据集,机速(m/min),负压_均值(Pa),负压_中段均值,负压_后段均值,前1步CO(ppm),前2步CO(ppm),滑动均值CO5,CO真实值(ppm),CO预测值(ppm),绝对误差(ppm),相对误差(%)
1,训练集,1.27,-13.252055555555554,-13.99942857142857,-13.813833333333333,3505.859,3486.69,3507.668,3552.16,3559.12,6.97,0.2
2,训练集,1.27,-13.2485,-14.000428571428573,-13.824833333333332,3552.156,3505.859,3511.5017999999995,3551.79,3555.95,4.16,0.12
3,训练集,1.27,-13.263222222222222,-14.019142857142855,-13.838833333333334,3551.794,3552.156,3528.1396,3544.2,3534.47,9.73,0.27
4,训练集,1.27,-13.0845,-13.906857142857145,-13.425166666666668,3544.199,3551.794,3527.4885999999997,3483.44,3472.81,10.62,0.3
5,训练集,1.27,-12.9825,-13.786428571428571,-13.261666666666665,3483.435,3544.199,3505.4255999999996,3395.54,3381.26,14.28,0.42
6,训练集,1.27,-12.972944444444444,-13.741571428571431,-13.262833333333333,3395.544,3483.435,3460.5036,3327.55,3325.6,1.95,0.06
7,训练集,1.27,-12.974944444444443,-13.734714285714286,-13.263,3327.546,3395.544,3407.1182,3284.87,3304.4,19.53,0.59
8,训练集,1.27,-12.972944444444444,-13.732857142857144,-13.261999999999999,3284.867,3327.546,3360.7493999999997,3312.36,3308.32,4.04,0.12
9,训练集,1.27,-12.975055555555555,-13.738428571428573,-13.268333333333333,3312.355,3284.867,3329.4269999999997,3326.82,3322.58,4.24,0.13
10,训练集,1.27,-12.964777777777776,-13.763714285714284,-13.269333333333334,3326.823,3312.355,3332.5376000000006,3411.1,3421.82,10.72,0.31
11,训练集,1.27,-12.973666666666666,-13.798714285714285,-13.271666666666667,3411.097,3326.823,3351.6349999999998,3423.03,3408.09,14.94,0.44
12,训练集,1.27,-12.963611111111112,-13.796714285714286,-13.250166666666667,3423.033,3411.097,3396.6292000000003,3509.84,3510.94,1.1,0.03
13,训练集,1.27,-12.942944444444443,-13.799142857142854,-13.230166666666667,3509.838,3423.033,3433.811,3498.26,3511.82,13.55,0.39
14,训练集,1.27,-12.936388888888889,-13.783142857142854,-13.245166666666668,3498.264,3509.838,3460.6483999999996,3461.01,3454.53,6.48,0.19
15,训练集,1.27,-12.927999999999999,-13.77657142857143,-13.270000000000003,3461.01,3498.264,3480.2520000000004,3509.12,3509.77,0.66,0.02
16,训练集,1.27,-12.849222222222224,-13.774000000000001,-12.991333333333335,3509.115,3461.01,3496.0216,3501.88,3508.2,6.32,0.18
17,训练集,1.27,-12.050777777777776,-13.77142857142857,-10.562333333333335,3501.881,3509.115,3500.579,3532.62,3526.89,5.74,0.16
18,训练集,1.27,-12.101777777777777,-13.785714285714288,-10.661,3532.625,3501.881,3520.5442000000003,3598.09,3588.77,9.32,0.26
19,训练集,1.27,-12.164777777777777,-13.814000000000002,-10.749833333333333,3598.09,3532.625,3541.8116,3567.35,3569.26,1.92,0.05
20,训练集,1.27,-12.172611111111111,-13.834,-10.719833333333334,3567.347,3598.09,3551.9388,3559.75,3566.14,6.39,0.18
21,训练集,1.27,-12.997,-13.834285714285713,-13.216333333333333,3559.751,3567.347,3561.9938,3552.16,3567.59,15.44,0.43
22,训练集,1.27,-12.804499999999999,-13.842142857142857,-12.646666666666668,3552.156,3559.751,3552.8068,3486.69,3499.73,13.04,0.37
23,训练集,1.27,-12.865944444444445,-13.864714285714285,-12.841666666666667,3486.69,3552.156,3536.6754,3517.43,3514.91,2.53,0.07
24,训练集,1.27,-13.01861111111111,-13.871142857142857,-13.272333333333334,3517.433,3486.69,3532.0458,3544.2,3553.7,9.5,0.27
25,训练集,1.27,-12.960611111111112,-13.725999999999999,-13.2125,3544.199,3517.433,3530.4543999999996,3551.79,3543.81,7.98,0.22
26,训练集,1.27,-13.038944444444446,-13.745571428571427,-13.344833333333334,3551.794,3544.199,3525.029,3525.03,3507.2,17.83,0.51
27,训练集,1.27,-13.16238888888889,-14.074,-13.319666666666668,3525.029,3551.794,3558.5214,3654.15,3646.85,7.3,0.2
28,训练集,1.29,-13.1405,-14.06042857142857,-13.285666666666666,3654.152,3525.029,3647.7142,3963.4,3973.99,10.59,0.27
29,训练集,1.29,-13.23361111111111,-14.167857142857144,-13.410833333333334,3963.397,3654.152,3722.3669999999997,3917.46,3907.36,10.1,0.26
30,训练集,1.29,-13.316611111111111,-14.337285714285715,-13.427666666666667,3917.463,3963.397,3789.3520000000003,3886.72,3899.29,12.57,0.32
31,训练集,1.29,-12.564833333333334,-14.608285714285712,-10.7975,3886.719,3917.463,3858.5794,3871.17,3872.61,1.45,0.04
32,训练集,1.29,-12.68438888888889,-14.721428571428572,-10.969000000000001,3871.166,3886.719,3912.7606,3925.06,3923.45,1.61,0.04
33,训练集,1.29,-13.37138888888889,-14.506428571428572,-13.345833333333333,3925.058,3871.166,3886.1402000000003,3830.3,3840.12,9.83,0.26
34,训练集,1.29,-13.208444444444446,-14.164714285714284,-13.3115,3830.295,3925.058,3857.9282,3776.4,3782.61,6.21,0.16
35,训练集,1.29,-13.174722222222222,-14.131857142857143,-13.301166666666667,3776.403,3830.295,3799.4790000000003,3594.47,3592.11,2.36,0.07
36,训练集,1.29,-13.13811111111111,-14.111714285714287,-13.249833333333333,3594.473,3776.403,3743.7064,3592.3,3597.23,4.93,0.14
37,训练集,1.29,-13.13111111111111,-14.120142857142854,-13.234166666666667,3592.303,3594.473,3670.6449999999995,3559.75,3554.5,5.25,0.15
38,训练集,1.29,-13.157333333333334,-14.114857142857145,-13.260333333333335,3559.751,3592.303,3627.821,3616.18,3615.03,1.15,0.03
39,训练集,1.29,-13.175722222222221,-14.122714285714286,-13.282666666666666,3616.175,3559.751,3603.2985999999996,3653.79,3650.54,3.25,0.09
40,训练集,1.29,-13.178888888888888,-14.139142857142858,-13.259833333333333,3653.791,3616.175,3631.1488,3733.72,3721.46,12.26,0.33
41,训练集,1.29,-13.183944444444444,-14.15757142857143,-13.260666666666667,3733.724,3653.791,3683.8832,3855.98,3858.99,3.01,0.08
42,训练集,1.29,-13.194111111111111,-14.149999999999997,-13.278999999999998,3855.975,3733.724,3701.3167999999996,3646.92,3631.02,15.9,0.44
43,训练集,1.29,-13.203000000000001,-14.145714285714282,-13.299999999999999,3646.919,3855.975,3730.3244,3761.21,3770.05,8.84,0.24
44,训练集,1.29,-13.140555555555556,-14.135142857142856,-13.232166666666666,3761.213,3646.919,3750.2896,3753.62,3762.84,9.23,0.25
45,训练集,1.29,-13.12811111111111,-14.125142857142858,-13.205666666666666,3753.617,3761.213,3754.9191999999994,3756.87,3749.76,7.11,0.19
46,训练集,1.29,-13.0675,-14.127714285714285,-13.166666666666666,3756.872,3753.617,3744.4302000000002,3803.53,3786.83,16.7,0.44
47,训练集,1.29,-13.060833333333335,-14.122142857142858,-13.149666666666668,3803.53,3756.872,3803.9642,3944.59,3949.57,4.98,0.13
48,训练集,1.29,-12.393500000000001,-14.123571428571429,-11.1335,3944.589,3803.53,3847.1498,3977.14,3979.45,2.3,0.06
49,训练集,1.29,-12.405166666666666,-14.131857142857143,-11.140333333333336,3977.141,3944.589,3885.2718,3944.23,3928.64,15.58,0.4
50,训练集,1.29,-12.69511111111111,-14.385428571428571,-11.647166666666665,3944.227,3977.141,3926.2873999999997,3961.95,3977.63,15.68,0.4
51,训练集,1.29,-12.883277777777778,-14.813714285714285,-11.676499999999999,3961.95,3944.227,3952.1119999999996,3932.65,3925.9,6.75,0.17
52,训练集,1.29,-12.925666666666665,-14.981714285714284,-11.613,3932.653,3961.95,3953.5588,3951.82,3953.48,1.66,0.04
53,训练集,1.29,-13.056666666666665,-15.085999999999999,-11.803333333333335,3951.823,3932.653,3961.299,4015.84,4001.83,14.02,0.35
54,训练集,1.29,-13.11111111111111,-15.233714285714285,-11.799166666666666,4015.842,3951.823,4006.3656,4169.56,4181.15,11.59,0.28
55,训练集,1.29,-13.142833333333332,-15.227142857142857,-11.817666666666666,4169.56,4015.842,4054.5425999999998,4202.84,4198.14,4.69,0.11
56,训练集,1.29,-13.371500000000001,-15.340142857142856,-12.201166666666666,4202.835,4169.56,4099.3922,4156.9,4171.79,14.89,0.36
57,训练集,1.29,-13.505333333333333,-15.487571428571428,-12.365000000000002,4156.901,4202.835,4139.7568,4153.65,4135.01,18.63,0.45
58,训练集,1.29,-13.520777777777777,-15.47585714285714,-12.382666666666667,4153.646,4156.901,4174.768399999999,4190.9,4188.64,2.26,0.05
59,训练集,1.29,-13.488555555555557,-15.464857142857142,-12.298499999999999,4190.9,4153.646,4178.385400000001,4187.65,4201.27,13.63,0.33
60,训练集,1.29,-14.012222222222222,-15.460285714285714,-13.955333333333334,4187.645,4190.9,4177.5898,4198.86,4197.9,0.96,0.02
61,训练集,1.29,-13.802,-15.203000000000001,-13.6875,4198.857,4187.645,4182.2194,4180.05,4194.12,14.07,0.34
62,训练集,1.29,-13.399722222222222,-14.655285714285714,-13.357833333333332,4180.049,4198.857,4189.8872,4191.98,4192.75,0.77,0.02
63,训练集,1.29,-13.206166666666666,-14.273857142857143,-13.283166666666668,4191.985,4180.049,4180.844999999999,4145.69,4143.48,2.2,0.05
64,训练集,1.29,-13.145777777777777,-14.105999999999998,-13.233000000000002,4145.689,4191.985,4119.864,3882.74,3870.34,12.4,0.32
65,训练集,1.29,-13.170944444444444,-14.097142857142858,-13.233500000000001,3882.74,4145.689,4013.3102,3666.09,3661.93,4.16,0.11
66,训练集,1.29,-13.240944444444445,-14.098714285714289,-13.419333333333332,3666.088,3882.74,3874.6384,3486.69,3500.32,13.63,0.39
67,训练集,1.29,-13.223222222222223,-14.10157142857143,-13.405999999999999,3486.69,3666.088,3710.7205999999996,3372.4,3378.64,6.24,0.19
68,训练集,1.29,-13.209333333333333,-14.093142857142855,-13.396166666666668,3372.396,3486.69,3530.0926,3242.55,3230.81,11.73,0.36
69,训练集,1.29,-13.188833333333333,-14.071428571428571,-13.394166666666665,3242.549,3372.396,3393.0122,3197.34,3195.7,1.63,0.05
70,训练集,1.29,-13.166166666666667,-14.063,-13.375333333333336,3197.338,3242.549,3303.7472000000002,3219.76,3212.49,7.27,0.23
71,训练集,1.29,-13.206833333333332,-14.112142857142857,-13.431666666666667,3219.763,3197.338,3251.0852,3223.38,3214.06,9.32,0.29
72,训练集,1.29,-13.225833333333334,-14.187285714285716,-13.438333333333333,3223.38,3219.763,3230.4687999999996,3269.31,3270.93,1.61,0.05
73,训练集,1.29,-13.216833333333334,-14.181285714285716,-13.423333333333332,3269.314,3223.38,3240.4516000000003,3292.46,3288.8,3.66,0.11
74,训练集,1.29,-13.189388888888889,-14.180571428571428,-13.381333333333332,3292.463,3269.314,3269.5314000000003,3342.74,3347.0,4.27,0.13
75,训练集,1.29,-13.159055555555556,-14.13742857142857,-13.383333333333333,3342.737,3292.463,3300.7814,3376.01,3371.51,4.5,0.13
76,训练集,1.29,-13.143888888888888,-14.071571428571431,-13.392000000000001,3376.013,3342.737,3339.8437999999996,3418.69,3419.95,1.25,0.04
77,训练集,1.29,-13.197722222222222,-14.183000000000002,-13.375,3418.692,3376.013,3361.1836000000003,3376.01,3390.1,14.09,0.42
78,训练集,1.29,-13.245888888888887,-14.215571428571426,-13.407333333333334,3376.013,3418.692,3395.6888,3464.99,3469.84,4.85,0.14
79,训练集,1.29,-12.600055555555556,-13.526428571428571,-12.591500000000002,3464.989,3376.013,3425.2752,3490.67,3491.8,1.13,0.03
80,训练集,1.29,-12.648000000000001,-13.183714285714284,-13.251166666666668,3490.669,3464.989,3439.8874000000005,3449.07,3448.29,0.79,0.02
81,训练集,1.29,-12.823,-13.63957142857143,-12.964666666666666,3449.074,3490.669,3395.6166,3197.34,3202.26,4.92,0.15
82,训练集,1.29,-12.964999999999998,-14.037285714285716,-12.917833333333334,3197.338,3449.074,3329.3550000000005,3044.7,3058.74,14.04,0.46
83,训练集,1.29,-12.815277777777778,-13.997142857142858,-12.526499999999999,3044.705,3197.338,3312.3556,3379.99,3368.48,11.51,0.34
84,训练集,1.29,-12.735166666666666,-13.965428571428571,-12.500333333333332,3379.992,3044.705,3316.1894,3509.84,3497.32,12.51,0.36
85,训练集,1.29,-12.34961111111111,-13.946285714285716,-12.463833333333334,3509.838,3379.992,3310.113,3418.69,3417.81,0.88,0.03
86,训练集,1.29,-12.710888888888888,-13.927285714285714,-12.438833333333333,3418.692,3509.838,3354.3838000000005,3418.69,3428.3,9.6,0.28
87,训练集,1.29,-12.681611111111112,-13.914999999999997,-12.412333333333335,3418.692,3418.692,3445.0232000000005,3497.9,3520.92,23.01,0.66
88,训练集,1.29,-13.004777777777779,-13.931285714285716,-13.361166666666664,3497.902,3418.692,3481.7708,3563.73,3561.39,2.34,0.07
89,训练集,1.29,-13.041833333333335,-13.994,-13.382666666666667,3563.73,3497.902,3499.9276,3600.62,3588.46,12.16,0.34
90,训练集,1.29,-13.022166666666667,-13.956428571428573,-13.357500000000002,3600.622,3563.73,3537.9774000000007,3608.94,3613.18,4.23,0.12
91,训练集,1.29,-13.01511111111111,-13.920857142857141,-13.345666666666666,3608.941,3600.622,3563.8743999999997,3548.18,3544.81,3.37,0.09
92,训练集,1.29,-13.010333333333334,-13.92842857142857,-13.301666666666668,3548.177,3608.941,3570.7466,3532.26,3522.24,10.02,0.28
93,训练集,1.29,-13.01511111111111,-13.915571428571427,-13.303333333333335,3532.263,3548.177,3559.8235999999997,3509.12,3497.97,11.15,0.32
94,训练集,1.29,-13.024666666666668,-13.902,-13.3225,3509.115,3532.263,3520.2548,3402.78,3412.46,9.69,0.28
95,训练集,1.29,-13.014611111111108,-13.886857142857142,-13.304833333333333,3402.778,3509.115,3466.2184,3338.76,3336.58,2.18,0.07
96,训练集,1.29,-13.003999999999998,-13.870142857142856,-13.294500000000001,3338.759,3402.778,3426.5771999999997,3349.97,3344.24,5.73,0.17
97,训练集,1.29,-12.966833333333334,-13.867428571428572,-13.176000000000002,3349.971,3338.759,3406.1056,3429.9,3419.86,10.04,0.29
98,训练集,1.29,-12.858444444444444,-13.866428571428571,-12.880166666666668,3429.905,3349.971,3409.2884,3525.03,3532.09,7.06,0.2
99,训练集,1.29,-12.877666666666665,-13.875857142857143,-12.9425,3525.029,3429.905,3447.5552000000002,3594.11,3582.11,12.0,0.33
100,训练集,1.29,-13.041666666666668,-13.898142857142856,-13.386333333333335,3594.112,3525.029,3493.2728,3567.35,3566.58,0.77,0.02
101,训练集,1.29,-13.046444444444445,-13.915000000000003,-13.386666666666668,3567.347,3594.112,3533.6373999999996,3551.79,3555.95,4.15,0.12
102,训练集,1.29,-13.062222222222223,-13.921285714285716,-13.374166666666667,3551.794,3567.347,3548.8282,3505.86,3483.56,22.3,0.64
103,训练集,1.29,-13.056722222222223,-13.922571428571429,-13.3775,3505.859,3551.794,3532.0458,3441.12,3445.67,4.56,0.13
104,训练集,1.29,-13.046500000000002,-13.926428571428572,-13.38,3441.117,3505.859,3492.3322,3395.54,3393.81,1.74,0.05
105,训练集,1.29,-12.997833333333334,-13.935000000000002,-13.290166666666666,3395.544,3441.117,3450.3038,3357.2,3350.55,6.65,0.2
106,训练集,1.29,-12.875166666666665,-13.821285714285713,-13.104000000000001,3357.205,3395.544,3392.1440000000002,3261.0,3265.42,4.43,0.14
107,训练集,1.29,-12.810444444444446,-13.673714285714286,-13.018666666666668,3260.995,3357.205,3338.0352,3235.32,3236.03,0.72,0.02
108,训练集,1.29,-12.622722222222224,-13.679857142857143,-12.428333333333335,3235.315,3260.995,3279.8754,3150.32,3156.66,6.34,0.2
109,训练集,1.29,-12.600777777777777,-13.685285714285715,-12.326500000000001,3150.318,3235.315,3241.6086,3204.21,3203.22,0.99,0.03
110,训练集,1.29,-12.5915,-13.680142857142858,-12.332500000000001,3204.21,3150.318,3201.027,3154.3,3153.61,0.68,0.02
111,训练集,1.29,-12.583388888888889,-13.693428571428571,-12.301166666666667,3154.297,3204.21,3186.3424000000005,3187.57,3181.71,5.87,0.18
112,训练集,1.29,-12.403500000000001,-13.693285714285716,-11.794833333333335,3187.572,3154.297,3180.3384,3205.3,3184.42,20.88,0.65
113,训练集,1.29,-12.381666666666668,-13.695714285714287,-11.731666666666667,3205.295,3187.572,3204.1375999999996,3269.31,3259.57,9.74,0.3
114,训练集,1.29,-12.337499999999999,-13.708714285714285,-11.589,3269.314,3205.295,3230.3239999999996,3335.14,3337.19,2.05,0.06
115,训练集,1.29,-12.730833333333333,-13.719142857142856,-12.738166666666666,3335.142,3269.314,3276.1862,3383.61,3394.75,11.14,0.33
116,训练集,1.29,-12.787166666666666,-13.733428571428572,-12.8585,3383.608,3335.142,3320.0953999999997,3407.12,3416.56,9.44,0.28
117,训练集,1.31,-11.864777777777778,-13.746,-10.022833333333333,3407.118,3383.608,3367.3322,3441.48,3435.14,6.34,0.18
118,训练集,1.31,-12.111722222222221,-13.777714285714286,-10.720833333333333,3441.479,3407.118,3405.0928,3458.12,3451.2,6.92,0.2
119,训练集,1.31,-12.079,-13.805857142857144,-10.606,3458.117,3441.479,3436.8491999999997,3493.92,3497.76,3.84,0.11
120,训练集,1.31,-12.857222222222223,-13.79557142857143,-12.953833333333334,3493.924,3458.117,3453.1254,3464.99,3454.72,10.27,0.3
121,训练集,1.31,-12.744,-13.68257142857143,-12.809333333333333,3464.989,3493.924,3454.6444,3414.71,3414.4,0.31,0.01
122,训练集,1.31,-12.295611111111112,-13.531714285714287,-11.649666666666668,3414.713,3464.989,3475.1884000000005,3544.2,3554.85,10.65,0.3
123,训练集,1.31,-12.554055555555557,-13.79085714285714,-11.959833333333336,3544.199,3414.713,3509.7657999999997,3631.0,3623.34,7.66,0.21
124,训练集,1.31,-12.7475,-14.13957142857143,-12.0775,3631.004,3544.199,3533.4201999999996,3612.2,3608.65,3.54,0.1
125,训练集,1.31,-12.89011111111111,-14.147428571428572,-12.50783333333333,3612.196,3631.004,3563.5126000000005,3615.45,3620.54,5.09,0.14
126,训练集,1.31,-13.120444444444443,-14.132857142857144,-13.276166666666667,3615.451,3612.196,3612.2686000000003,3658.49,3648.67,9.82,0.27
127,训练集,1.31,-13.134222222222224,-14.122285714285713,-13.334666666666669,3658.493,3615.451,3133.1742000000004,1148.73,1191.52,42.79,3.73
128,训练集,1.31,-13.12911111111111,-14.113428571428571,-13.326999999999998,1148.727,3658.493,3037.8328,3154.3,3151.5,2.79,0.09
129,训练集,1.33,-13.121611111111111,-14.099428571428572,-13.326166666666667,3154.297,1148.727,3062.8617999999997,3737.34,3728.91,8.43,0.23
130,训练集,1.33,-13.118,-14.091,-13.336166666666669,3737.341,3154.297,3106.554,3833.91,3833.63,0.28,0.01
131,训练集,1.33,-13.175722222222221,-14.094142857142858,-13.481833333333332,3833.912,3737.341,3140.0464,3825.96,3814.25,11.71,0.31
132,训练集,1.33,-13.184055555555554,-14.099,-13.458166666666665,3825.955,3833.912,3667.8964,3787.98,3796.61,8.63,0.23
133,训练集,1.33,-13.185055555555554,-14.093428571428573,-13.436166666666667,3787.977,3825.955,3798.5388,3807.51,3823.59,16.08,0.42
134,训练集,1.33,-13.197888888888889,-14.088571428571427,-13.446,3807.509,3787.977,3799.1898,3740.6,3733.12,7.48,0.2
135,训练集,1.33,-13.164444444444445,-14.081857142857144,-13.3635,3740.596,3807.509,3787.471,3775.32,3755.13,20.18,0.53
136,训练集,1.33,-13.158555555555557,-14.072285714285714,-13.389000000000001,3775.318,3740.596,3783.5648,3806.42,3826.08,19.66,0.52
137,训练集,1.33,-13.139944444444444,-14.058714285714284,-13.4075,3806.424,3775.318,3785.952,3799.91,3796.25,3.67,0.1
138,训练集,1.33,-13.135333333333335,-14.069285714285716,-13.435333333333332,3799.913,3806.424,3788.1943999999994,3818.72,3836.67,17.95,0.47
139,训练集,1.33,-13.162666666666668,-14.072428571428572,-13.536833333333334,3818.721,3799.913,3816.5508,3882.38,3886.31,3.93,0.1
140,训练集,1.33,-13.16072222222222,-14.080142857142858,-13.511166666666668,3882.378,3818.721,3858.4346000000005,3984.74,3978.63,6.1,0.15
141,训练集,1.33,-13.157833333333333,-14.085428571428574,-13.492166666666668,3984.737,3882.378,3902.4883999999997,4026.69,4021.7,4.99,0.12
142,训练集,1.33,-13.156111111111109,-14.07742857142857,-13.496,4026.693,3984.737,3940.2488,3988.72,3989.97,1.25,0.03
143,训练集,1.33,-13.101944444444445,-14.072999999999999,-13.38,3988.715,4026.693,3956.7418,3901.19,3894.2,6.99,0.18
144,训练集,1.33,-13.077333333333335,-14.053,-13.34516666666667,3901.186,3988.715,3969.7627999999995,3947.48,3962.91,15.43,0.39
145,训练集,1.33,-12.929833333333331,-14.043285714285712,-13.011833333333334,3947.483,3901.186,3963.1076000000003,3951.46,3953.72,2.26,0.06
146,训练集,1.33,-12.297666666666666,-14.169857142857142,-10.9415,3951.461,3947.483,3962.3842000000004,4023.08,4024.91,1.83,0.05
147,训练集,1.33,-12.360055555555554,-14.374857142857142,-10.919666666666666,4023.076,3951.461,3986.0388000000007,4106.99,4101.46,5.52,0.13
148,训练集,1.33,-13.09077777777778,-14.379714285714288,-13.122,4106.988,4023.076,4048.4665999999997,4213.32,4214.59,1.26,0.03
149,训练集,1.33,-12.639611111111112,-14.416142857142859,-13.173999999999998,4213.325,4106.988,4100.9838,4210.07,4218.72,8.65,0.21
150,训练集,1.33,-11.790888888888889,-14.491142857142858,-10.640166666666667,4210.069,4213.325,4160.301,4248.05,4266.13,18.08,0.43
151,训练集,1.33,-11.612833333333333,-14.499714285714287,-10.0315,4248.047,4210.069,4177.8068,4110.6,4091.1,19.5,0.47
152,训练集,1.33,-11.639944444444446,-14.486,-10.081999999999999,4110.605,4248.047,4119.213000000001,3814.02,3818.78,4.76,0.12
153,训练集,1.33,-11.797666666666665,-14.477,-10.285833333333333,3814.019,4110.605,3997.5406000000003,3604.96,3605.81,0.84,0.02
154,训练集,1.33,-11.772055555555555,-14.481857142857143,-10.339333333333334,3604.963,3814.019,3887.2254000000003,3658.49,3654.48,4.01,0.11
155,训练集,1.33,-12.795555555555557,-14.491142857142858,-13.483666666666666,3658.493,3604.963,3812.428,3874.06,3878.26,4.2,0.11
156,训练集,1.33,-11.729555555555557,-14.502857142857142,-10.228499999999999,3874.06,3658.493,3773.6548000000003,3916.74,3918.1,1.37,0.03
157,训练集,1.33,-11.773555555555557,-14.506142857142859,-10.359166666666665,3916.739,3874.06,3805.5558000000005,3973.52,3982.11,8.59,0.22
158,训练集,1.33,-11.95427777777778,-14.490714285714287,-10.885,3973.524,3916.739,3870.9492,3931.93,3928.02,3.91,0.1
159,训练集,1.33,-12.628277777777779,-14.496142857142857,-12.8665,3931.93,3973.524,3937.0660000000003,3989.08,3975.45,13.62,0.34
160,训练集,1.33,-12.900722222222221,-14.512428571428572,-13.558833333333332,3989.077,3931.93,3950.3761999999997,3940.61,3939.96,0.65,0.02
161,训练集,1.33,-12.897944444444443,-14.517285714285714,-13.553333333333333,3940.611,3989.077,3967.1585999999998,4000.65,3998.21,2.44,0.06
162,训练集,1.33,-12.914499999999999,-14.491857142857144,-13.478666666666667,4000.651,3940.611,3973.2349999999997,4003.91,4006.77,2.87,0.07
163,训练集,1.33,-12.759722222222221,-14.278428571428574,-13.279166666666667,4003.906,4000.651,3979.3114,3962.31,3967.69,5.37,0.14
164,训练集,1.33,-11.844388888888888,-13.972142857142856,-10.869833333333332,3962.312,4003.906,3957.9716,3882.38,3899.9,17.52,0.45
165,训练集,1.33,-11.687722222222222,-13.971714285714285,-10.479166666666666,3882.378,3962.312,3919.56,3748.55,3740.89,7.66,0.2
166,训练集,1.33,-11.422111111111112,-13.731142857142856,-10.095666666666666,3748.553,3882.378,3853.2983999999997,3669.34,3670.61,1.26,0.03
167,训练集,1.33,-11.238944444444446,-13.418142857142856,-10.009166666666667,3669.343,3748.553,3776.0415999999996,3617.62,3616.88,0.75,0.02
168,训练集,1.33,-11.639055555555556,-13.428,-10.017999999999999,3617.622,3669.343,3708.9842000000003,3627.02,3645.08,18.05,0.5
169,训练集,1.33,-11.576166666666666,-13.461285714285717,-9.791333333333332,3627.025,3617.622,3638.9612,3532.26,3523.11,9.15,0.26
170,训练集,1.33,-11.536111111111113,-13.481142857142856,-9.722333333333333,3532.263,3627.025,3613.1366000000003,3619.43,3609.48,9.95,0.27
171,训练集,1.33,-11.541000000000002,-13.498999999999999,-9.729000000000001,3619.43,3532.263,3646.6289999999995,3836.8,3836.95,0.14,0.0
172,训练集,1.33,-11.549444444444443,-13.503,-9.744333333333332,3836.805,3619.43,3727.7198,4023.08,4008.16,14.92,0.37
173,训练集,1.33,-11.642555555555555,-13.47942857142857,-9.902499999999998,4023.076,3836.805,3803.8918,4007.88,3999.65,8.23,0.21
174,训练集,1.33,-11.583555555555556,-13.438,-9.897,4007.885,4023.076,3889.7568,3961.59,3961.67,0.08,0.0
175,训练集,1.33,-11.810277777777777,-13.468142857142857,-10.617499999999998,3961.588,4007.885,3975.1156,4046.22,4036.43,9.8,0.24
176,训练集,1.33,-11.509,-13.495142857142858,-9.815,4046.224,3961.588,3984.0856,3881.66,3882.95,1.3,0.03
177,训练集,1.33,-11.4495,-13.459285714285715,-9.749666666666668,3881.655,4046.224,3929.9767999999995,3752.53,3753.33,0.8,0.02
178,训练集,1.33,-11.531722222222221,-13.405857142857144,-9.884666666666668,3752.532,3881.655,3904.9478000000004,3882.74,3884.63,1.89,0.05
179,训练集,1.33,-12.536666666666667,-13.460142857142857,-12.8915,3882.74,3752.532,3921.875,4046.22,4042.01,4.21,0.1
180,训练集,1.33,-12.581944444444444,-13.520428571428571,-12.836,4046.224,3882.74,3928.096,4077.33,4068.08,9.24,0.23
181,训练集,1.33,-11.960166666666664,-13.635714285714286,-10.768833333333333,4077.329,4046.224,3945.7466,3969.91,3966.4,3.51,0.09
182,训练集,1.33,-11.687277777777776,-13.705714285714288,-9.794333333333334,3969.908,4077.329,3979.5284,3921.44,3929.42,7.98,0.2
183,训练集,1.33,-11.716444444444445,-13.86985714285714,-9.6755,3921.441,3969.908,4004.4127999999996,4007.16,4004.59,2.57,0.06
184,训练集,1.33,-11.714666666666666,-13.925285714285712,-9.780166666666666,4007.162,3921.441,4003.6169999999997,4042.24,4044.43,2.18,0.05
185,训练集,1.33,-11.713888888888889,-14.063285714285714,-9.655833333333334,4042.245,4007.162,4029.5864,4207.18,4204.59,2.59,0.06
186,训练集,1.33,-11.698722222222223,-14.055285714285715,-9.6425,4207.176,4042.245,4084.4908000000005,4244.43,4249.32,4.89,0.12
187,训练集,1.33,-11.737,-14.058285714285713,-9.752,4244.43,4207.176,4151.2588,4255.28,4240.95,14.33,0.34
188,训练集,1.33,-11.969833333333334,-14.255,-10.072500000000002,4255.281,4244.43,4190.393400000001,4202.84,4200.27,2.57,0.06
189,训练集,1.33,-12.189944444444443,-14.505285714285716,-10.257833333333332,4202.835,4255.281,4203.2696,4106.63,4104.88,1.74,0.04
190,训练集,1.33,-12.216333333333331,-14.509285714285715,-10.341,4106.626,4202.835,4163.4114,4007.88,4009.84,1.95,0.05
191,训练集,1.33,-12.169666666666666,-14.517285714285716,-10.1935,4007.885,4106.626,4117.6938,4015.84,4011.52,4.32,0.11
192,训练集,1.33,-12.173611111111112,-14.524857142857142,-10.143166666666666,4015.842,4007.885,4075.1590000000006,4042.61,4070.16,27.55,0.68
193,训练集,1.33,-12.167055555555555,-14.538714285714283,-10.033833333333334,4042.607,4015.842,4038.5562,4019.82,4015.42,4.4,0.11
194,训练集,1.33,-12.206499999999998,-14.55942857142857,-10.069666666666668,4019.821,4042.607,4018.0845999999997,4004.27,4003.94,0.33,0.01
195,训练集,1.33,-12.224833333333333,-14.570428571428574,-10.070666666666666,4004.268,4019.821,4016.6377999999995,4000.65,4008.11,7.46,0.19
196,训练集,1.33,-12.237888888888888,-14.557142857142855,-10.095,4000.651,4004.268,4002.2426,3943.87,3943.66,0.21,0.01
197,训练集,1.33,-12.28327777777778,-14.534,-10.254666666666667,3943.866,4000.651,3972.584,3894.31,3886.72,7.59,0.2
198,训练集,1.33,-12.270444444444443,-14.517142857142858,-10.263166666666667,3894.314,3943.866,3934.4618,3829.21,3828.67,0.54,0.01
199,训练集,1.33,-12.624444444444444,-14.501714285714286,-11.392333333333333,3829.21,3894.314,3911.6752,3890.34,3916.18,25.85,0.66
200,训练集,1.33,-12.682500000000001,-14.376142857142856,-11.738166666666665,3890.335,3829.21,3885.6335999999997,3870.44,3883.24,12.8,0.33
201,训练集,1.33,-12.37188888888889,-14.210714285714285,-10.9985,3870.443,3890.335,3893.0843999999997,3981.12,3957.75,23.37,0.59
202,训练集,1.33,-12.37038888888889,-14.228857142857143,-11.002666666666665,3981.12,3870.443,3909.7222,3977.5,3962.25,15.25,0.38
203,训练集,1.33,-12.046166666666666,-14.267999999999999,-9.974499999999999,3977.503,3981.12,3928.1684,3921.44,3913.1,8.34,0.21
204,训练集,1.33,-12.0745,-14.295428571428573,-9.993333333333334,3921.441,3977.503,3926.577,3882.38,3897.02,14.64,0.38
205,训练集,1.33,-13.05,-14.261857142857144,-13.005333333333333,3882.378,3921.441,3903.7182000000003,3756.15,3756.65,0.5,0.01
206,训练集,1.33,-12.716499999999998,-14.202285714285713,-12.121333333333334,3756.149,3882.378,3839.9884000000006,3662.47,3643.15,19.32,0.53
207,训练集,1.33,-12.699722222222224,-14.219999999999999,-12.065166666666668,3662.471,3756.149,3785.2286,3703.7,3702.96,0.74,0.02
208,训练集,1.33,-12.111,-14.16157142857143,-10.370333333333333,3703.704,3662.471,3734.8089999999997,3669.34,3646.98,22.37,0.61
209,训练集,1.33,-12.037222222222221,-14.074857142857141,-10.272666666666668,3669.343,3703.704,3684.5341999999996,3631.0,3618.36,12.65,0.35
210,训练集,1.33,-11.92922222222222,-13.998571428571429,-10.056833333333335,3631.004,3669.343,3627.6042,3471.5,3473.58,2.08,0.06
211,训练集,1.33,-12.162444444444443,-13.997285714285713,-10.756666666666666,3471.499,3631.004,3577.3294,3411.1,3412.91,1.81,0.05
212,训练集,1.33,-12.923,-13.961,-13.011166666666666,3411.097,3471.499,3532.4798,3479.46,3459.46,20.0,0.57
213,训练集,1.33,-12.444444444444445,-13.94057142857143,-11.561,3479.456,3411.097,3507.5231999999996,3544.56,3543.02,1.54,0.04
214,训练集,1.33,-12.507166666666667,-13.98542857142857,-11.694333333333333,3544.56,3479.456,3518.4462,3685.62,3685.17,0.45,0.01
215,训练集,1.33,-12.493444444444444,-13.973857142857142,-11.6875,3685.619,3544.56,3588.4694000000004,3821.62,3818.32,3.3,0.09
216,训练集,1.33,-12.507222222222222,-13.988142857142856,-11.736166666666668,3821.615,3685.619,3664.2796000000003,3790.15,3801.03,10.88,0.29
217,训练集,1.33,-12.501777777777779,-14.006857142857143,-11.733833333333335,3790.148,3821.615,3743.3450000000003,3874.78,3871.22,3.57,0.09
218,训练集,1.33,-12.338444444444445,-13.999714285714285,-11.269166666666665,3874.783,3790.148,3824.7975999999994,3951.82,3947.02,4.81,0.12
219,训练集,1.33,-12.3455,-14.007142857142854,-11.243666666666664,3951.823,3874.783,3889.2508000000003,4007.88,4000.43,7.45,0.19
220,训练集,1.33,-12.317333333333334,-14.010428571428573,-11.212833333333334,4007.885,3951.823,3919.6326,3973.52,3964.28,9.25,0.23
221,训练集,1.33,-12.269222222222222,-14.011285714285716,-11.104666666666667,3973.524,4007.885,3948.9294,3936.63,3925.05,11.58,0.29
222,训练集,1.33,-11.924500000000002,-14.044857142857143,-9.999333333333333,3936.632,3973.524,3944.2274000000007,3851.27,3862.92,11.65,0.3
223,训练集,1.33,-12.229888888888889,-13.968428571428573,-11.018333333333336,3851.273,3936.632,3908.8542,3774.96,3777.77,2.81,0.07
224,训练集,1.33,-11.945833333333333,-13.823857142857142,-10.304666666666668,3774.957,3851.273,3827.4016,3600.62,3588.92,11.7,0.32
225,训练集,1.33,-12.014444444444443,-13.834571428571428,-10.449,3600.622,3774.957,3729.3114,3483.07,3481.49,1.58,0.05
226,训练集,1.33,-12.341666666666667,-13.819857142857144,-11.420666666666667,3483.073,3600.622,3635.7059999999997,3468.6,3484.25,15.65,0.45
227,训练集,1.33,-12.338222222222223,-13.817142857142857,-11.484333333333334,3468.605,3483.073,3553.7472000000002,3441.48,3428.77,12.71,0.37
228,训练集,1.33,-12.277722222222222,-13.815714285714282,-11.360999999999999,3441.479,3468.605,3487.9195999999997,3445.82,3436.61,9.21,0.27
229,训练集,1.33,-12.24,-13.816999999999998,-11.259666666666666,3445.819,3441.479,3463.6864,3479.46,3471.0,8.46,0.24
230,训练集,1.33,-12.06961111111111,-13.794285714285715,-10.788666666666666,3479.456,3445.819,3456.1632,3445.46,3445.55,0.1,0.0
231,训练集,1.33,-12.074111111111113,-13.777714285714284,-10.820666666666668,3445.457,3479.456,3451.5335999999998,3445.46,3437.34,8.12,0.24
232,训练集,1.33,-12.112444444444442,-13.737571428571428,-11.001833333333332,3445.457,3445.457,3456.0908000000004,3464.26,3449.79,14.48,0.42
233,训练集,1.33,-12.031055555555556,-13.725857142857143,-10.747666666666666,3464.265,3445.457,3480.3964,3567.35,3567.24,0.1,0.0
234,训练集,1.33,-11.876166666666666,-13.756857142857141,-10.215666666666667,3567.347,3464.265,3513.1655999999994,3643.3,3616.33,26.97,0.74
235,训练集,1.33,-11.809055555555554,-13.753428571428572,-10.025833333333333,3643.302,3567.347,3551.0708,3634.98,3642.56,7.58,0.21
236,训练集,1.33,-12.256888888888888,-13.696857142857143,-11.4775,3634.983,3643.302,3588.2526,3631.37,3623.8,7.57,0.21
237,训练集,1.33,-12.250388888888887,-13.635,-11.531833333333333,3631.366,3634.983,3642.2889999999998,3734.45,3741.52,7.07,0.19
238,训练集,1.33,-12.635444444444444,-13.64242857142857,-12.652333333333331,3734.447,3631.366,3694.8062,3829.93,3825.46,4.47,0.12
239,训练集,1.33,-11.932444444444446,-13.660000000000002,-10.557333333333334,3829.933,3734.447,3756.655,3952.55,3956.23,3.68,0.09
240,训练集,1.33,-11.652111111111111,-13.684142857142858,-9.671666666666669,3952.546,3829.933,3786.4581999999996,3784.0,3776.18,7.82,0.21
241,训练集,1.33,-11.604999999999999,-13.735714285714286,-9.507166666666668,3783.999,3952.546,3799.5513999999994,3696.83,3690.19,6.65,0.18
242,训练集,1.33,-11.552222222222222,-13.726285714285712,-9.379833333333334,3696.832,3783.999,3761.5017999999995,3544.2,3550.33,6.13,0.17
243,训练集,1.33,-11.408944444444444,-13.726857142857146,-8.941833333333333,3544.199,3696.832,3700.3762,3524.3,3533.78,9.47,0.27
244,训练集,1.33,-11.48077777777778,-13.733857142857143,-9.137833333333333,3524.305,3544.199,3635.3444000000004,3627.39,3649.45,22.06,0.61
245,训练集,1.33,-11.469500000000002,-13.75357142857143,-9.060166666666666,3627.387,3524.305,3617.1876,3693.22,3682.98,10.23,0.28
246,训练集,1.33,-11.468833333333334,-13.750857142857143,-9.036499999999998,3693.215,3627.387,3621.7447999999995,3719.62,3697.51,22.11,0.59
247,训练集,1.33,-11.547555555555554,-13.749142857142857,-9.274166666666668,3719.618,3693.215,3650.0288,3685.62,3691.53,5.91,0.16
248,训练集,1.33,-11.604944444444444,-13.744428571428571,-9.485333333333333,3685.619,3719.618,3679.1812000000004,3670.07,3666.9,3.17,0.09
249,训练集,1.33,-11.491888888888889,-13.726714285714285,-9.204500000000001,3670.067,3685.619,3677.6622,3619.79,3619.9,0.11,0.0
250,训练集,1.33,-11.45738888888889,-13.68257142857143,-9.145166666666666,3619.792,3670.067,3667.6072,3642.94,3662.86,19.92,0.55
251,训练集,1.33,-11.739333333333333,-13.613714285714286,-9.9505,3642.94,3619.792,3655.3822,3658.49,3676.91,18.42,0.5
252,训练集,1.33,-11.642833333333336,-13.429,-10.062,3658.493,3642.94,3637.7318,3597.37,3600.72,3.36,0.09
253,训练集,1.33,-11.453333333333333,-13.696857142857143,-9.200166666666666,3597.367,3658.493,3707.6826,4019.82,4001.84,17.98,0.45
254,训练集,1.33,-11.394444444444444,-13.67442857142857,-9.096166666666665,4019.821,3597.367,3789.2074000000002,4027.42,4031.57,4.16,0.1
255,训练集,1.33,-11.39038888888889,-13.672714285714287,-9.271166666666668,4027.416,4019.821,3851.7798000000003,3955.8,3959.39,3.59,0.09
256,训练集,1.33,-11.673444444444446,-13.677857142857144,-9.305333333333333,3955.802,4027.416,3878.4,3791.59,3779.47,12.13,0.32
257,训练集,1.33,-11.482666666666667,-13.652714285714284,-9.623333333333333,3791.594,3955.802,3893.808,3674.41,3680.12,5.72,0.16
258,训练集,1.33,-11.444555555555556,-13.628714285714286,-9.491666666666667,3674.407,3791.594,3817.7084000000004,3639.32,3625.53,13.79,0.38
259,训练集,1.33,-11.6905,-13.63342857142857,-10.1465,3639.323,3674.407,3760.6338000000005,3742.04,3767.1,25.05,0.67
260,训练集,1.33,-12.038166666666665,-13.673142857142858,-11.084666666666669,3742.043,3639.323,3713.397,3719.62,3705.71,13.91,0.37
261,训练集,1.33,-12.020666666666665,-13.709428571428571,-10.996333333333332,3719.618,3742.043,3686.0534,3654.88,3655.47,0.6,0.02
262,训练集,1.33,-12.318666666666665,-13.657142857142857,-11.968499999999999,3654.876,3719.618,3663.918,3563.73,3568.0,4.27,0.12
263,训练集,1.33,-12.310222222222224,-13.615,-11.972666666666669,3563.73,3654.876,3644.0974,3540.22,3552.64,12.42,0.35
264,训练集,1.33,-12.240222222222222,-13.640285714285714,-11.791500000000001,3540.22,3563.73,3613.6432,3589.77,3594.57,4.79,0.13
265,训练集,1.33,-12.245722222222222,-13.623000000000003,-11.821666666666667,3589.772,3540.22,3605.2520000000004,3677.66,3673.32,4.34,0.12
266,训练集,1.33,-12.081277777777778,-13.623285714285714,-11.286833333333334,3677.662,3589.772,3599.0307999999995,3623.77,3614.7,9.07,0.25
267,训练集,1.33,-12.422,-13.64557142857143,-12.235166666666666,3623.77,3677.662,3605.7582,3597.37,3606.49,9.13,0.25
268,训练集,1.33,-12.720888888888886,-13.636428571428569,-12.952333333333334,3597.367,3623.77,3606.554,3544.2,3551.67,7.47,0.21
269,训练集,1.33,-12.595166666666666,-13.648285714285716,-12.536833333333334,3544.199,3597.367,3600.5498,3559.75,3561.92,2.17,0.06
270,训练集,1.33,-11.695666666666668,-13.635285714285715,-9.8705,3559.751,3544.199,3580.7292,3578.56,3574.56,4.0,0.11
271,训练集,1.33,-12.114111111111113,-13.623857142857144,-11.158500000000002,3578.559,3559.751,3557.9428,3509.84,3508.4,1.44,0.04
272,训练集,1.33,-12.13538888888889,-13.634857142857145,-11.184333333333333,3509.838,3578.559,3535.084,3483.07,3492.35,9.28,0.27
273,训练集,1.33,-11.638,-13.644714285714285,-9.733166666666667,3483.073,3509.838,3508.4636,3411.1,3411.95,0.86,0.03
274,训练集,1.33,-11.687277777777778,-13.643,-9.881333333333334,3411.097,3483.073,3459.6356,3315.61,3306.48,9.13,0.28
275,训练集,1.33,-12.335222222222221,-13.632428571428571,-11.8705,3315.611,3411.097,3388.0209999999997,3220.49,3218.69,1.8,0.06
276,训练集,1.33,-12.558333333333334,-13.63157142857143,-12.5615,3220.486,3315.611,3333.7676,3238.57,3231.04,7.53,0.23
277,训练集,1.33,-12.695388888888889,-13.631857142857143,-12.982833333333337,3238.571,3220.486,3289.6413999999995,3262.44,3268.7,6.26,0.19
278,训练集,1.33,-12.686666666666666,-13.644285714285711,-12.963833333333334,3262.442,3238.571,3246.1662,3193.72,3199.69,5.97,0.19
279,训练集,1.33,-12.640333333333334,-13.647,-12.7945,3193.721,3262.442,3229.3838,3231.7,3230.53,1.17,0.04
280,训练集,1.33,-12.624944444444443,-13.627285714285714,-12.790166666666666,3231.699,3193.721,3235.3156000000004,3250.14,3242.77,7.38,0.23
281,训练集,1.33,-12.628055555555553,-13.627714285714287,-12.809166666666668,3250.145,3231.699,3245.3706,3288.85,3282.02,6.82,0.21
282,训练集,1.33,-12.622222222222222,-13.627999999999998,-12.827333333333334,3288.846,3250.145,3257.5958,3323.57,3314.82,8.75,0.26
283,训练集,1.33,-12.3825,-13.615428571428572,-12.108166666666667,3323.568,3288.846,3295.5732000000003,3383.61,3393.46,9.85,0.29
284,训练集,1.33,-12.002388888888891,-13.60642857142857,-10.936666666666666,3383.608,3323.568,3307.0748,3289.21,3286.93,2.28,0.07
285,训练集,1.33,-11.96272222222222,-13.634285714285712,-10.7415,3289.207,3383.608,3312.4278,3276.91,3271.67,5.24,0.16
286,训练集,1.33,-11.846833333333333,-13.619142857142858,-10.403,3276.91,3289.207,3308.5214,3269.31,3274.73,5.42,0.17
287,训练集,1.33,-12.230777777777776,-13.637285714285714,-11.5565,3269.314,3276.91,3302.228,3292.1,3299.51,7.41,0.23
288,训练集,1.33,-12.335333333333331,-13.660428571428572,-11.832166666666666,3292.101,3269.314,3278.5733999999998,3265.34,3255.79,9.55,0.29
289,训练集,1.33,-12.70411111111111,-13.661,-12.975166666666667,3265.335,3292.101,3290.0027999999998,3346.35,3345.89,0.46,0.01
290,训练集,1.33,-12.706444444444445,-13.652142857142854,-13.006333333333332,3346.354,3265.335,3307.5807999999997,3364.8,3350.83,13.97,0.42
291,训练集,1.33,-12.713777777777779,-13.656142857142857,-13.017666666666665,3364.8,3346.354,3337.8904,3420.86,3414.42,6.45,0.19
292,训练集,1.33,-12.619833333333332,-13.662142857142857,-12.738,3420.862,3364.8,3374.6380000000004,3475.84,3489.36,13.52,0.39
293,训练集,1.33,-12.542222222222222,-13.665142857142856,-12.477666666666666,3475.839,3420.862,3412.254,3453.42,3450.55,2.87,0.08
294,训练集,1.33,-11.791666666666668,-13.669714285714287,-10.224333333333334,3453.415,3475.839,3431.3512,3441.84,3459.49,17.65,0.51
295,训练集,1.33,-11.568999999999999,-13.653714285714285,-9.601666666666667,3441.84,3453.415,3449.6528,3456.31,3447.4,8.91,0.26
296,训练集,1.33,-11.557388888888887,-13.625,-9.603833333333332,3456.308,3441.84,3438.4404000000004,3364.8,3370.53,5.73,0.17
297,训练集,1.33,-12.665722222222222,-13.600571428571428,-12.959000000000001,3364.8,3456.308,3408.7817999999997,3327.55,3326.85,0.69,0.02
298,训练集,1.33,-12.345944444444445,-13.61542857142857,-12.001833333333332,3327.546,3364.8,3397.9309999999996,3399.16,3396.61,2.55,0.08
299,训练集,1.33,-12.433777777777777,-13.63157142857143,-12.237166666666667,3399.161,3327.546,3372.7574,3315.97,3308.78,7.19,0.22
300,训练集,1.33,-12.610944444444446,-13.660428571428572,-12.722500000000002,3315.972,3399.161,3327.0398,3227.72,3225.37,2.35,0.07
301,训练集,1.33,-12.046944444444446,-13.691142857142856,-10.992333333333335,3227.72,3315.972,3297.3089999999997,3216.15,3233.15,17.01,0.53
302,训练集,1.33,-12.525333333333334,-13.696857142857143,-12.432666666666668,3216.146,3227.72,3281.1054000000004,3246.53,3246.14,0.39,0.01
303,训练集,1.33,-11.974,-13.711571428571428,-10.833833333333333,3246.528,3216.146,3253.617,3261.72,3256.18,5.54,0.17
304,训练集,1.33,-11.899222222222223,-13.718857142857145,-10.642666666666667,3261.719,3246.528,3260.4892,3350.33,3355.43,5.09,0.15
305,训练集,1.33,-12.063666666666668,-13.694714285714287,-11.209166666666667,3350.333,3261.719,3289.4966,3372.76,3375.86,3.1,0.09
306,训练集,1.33,-12.268277777777778,-13.69214285714286,-11.847833333333332,3372.757,3350.333,3320.7466,3372.4,3373.59,1.2,0.04
307,训练集,1.33,-12.264,-13.70442857142857,-11.83,3372.396,3372.757,3361.2558000000004,3449.07,3446.69,2.39,0.07
308,训练集,1.33,-12.251222222222225,-13.693142857142856,-11.8095,3449.074,3372.396,3389.5398,3403.14,3393.96,9.18,0.27
309,训练集,1.33,-12.284333333333334,-13.679857142857145,-11.887333333333332,3403.139,3449.074,3384.9824,3327.55,3320.21,7.33,0.22
310,训练集,1.33,-12.298333333333334,-13.693285714285716,-11.875166666666665,3327.546,3403.139,3364.2938000000004,3269.31,3279.26,9.95,0.3
311,训练集,1.33,-11.750333333333334,-13.696714285714284,-10.190833333333332,3269.314,3327.546,3348.2347999999997,3292.1,3298.08,5.98,0.18
312,训练集,1.33,-11.610777777777777,-13.723857142857144,-9.761166666666668,3292.101,3269.314,3300.2748,3209.27,3201.98,7.3,0.23
313,训练集,1.33,-11.648111111111112,-13.704714285714285,-9.941666666666666,3209.274,3292.101,3264.4676,3224.1,3210.4,13.7,0.43
314,训练集,1.33,-11.666,-13.708428571428572,-9.978833333333332,3224.103,3209.274,3248.264,3246.53,3263.49,16.96,0.52
315,训练集,1.33,-12.389944444444446,-13.715,-12.143666666666666,3246.528,3224.103,3268.0846,3368.42,3356.79,11.63,0.35
316,训练集,1.33,-12.391166666666667,-13.708714285714285,-12.216166666666666,3368.417,3246.528,3283.2754,3368.06,3366.12,1.93,0.06
317,训练集,1.33,-12.278666666666668,-13.80242857142857,-11.746833333333333,3368.055,3368.417,3319.6614,3391.2,3393.39,2.18,0.06
318,训练集,1.33,-11.632388888888888,-13.899285714285714,-9.614833333333333,3391.204,3368.055,3364.0046,3445.82,3445.77,0.05,0.0
319,训练集,1.33,-11.576944444444443,-13.916285714285715,-9.446333333333333,3445.819,3391.204,3413.4837999999995,3493.92,3490.65,3.27,0.09
320,训练集,1.33,-11.633888888888887,-13.915999999999999,-9.622333333333335,3493.924,3445.819,3436.415,3483.07,3484.86,1.79,0.05
321,训练集,1.33,-11.720722222222221,-13.931571428571429,-9.862,3483.073,3493.924,3455.8017999999997,3464.99,3457.05,7.94,0.23
322,训练集,1.33,-11.73988888888889,-13.926285714285713,-9.908333333333333,3464.989,3483.073,3463.6866,3430.63,3434.52,3.89,0.11
323,训练集,1.33,-11.75088888888889,-13.924142857142858,-9.934666666666667,3430.628,3464.989,3464.3376000000003,3449.07,3450.14,1.06,0.03
324,训练集,1.33,-11.765777777777778,-13.898857142857143,-9.915333333333335,3449.074,3430.628,3460.0696,3472.58,3470.55,2.03,0.06
325,训练集,1.33,-11.74238888888889,-13.902714285714284,-9.825666666666665,3472.584,3449.074,3441.6958,3391.2,3382.24,8.96,0.26
326,训练集,1.33,-12.501944444444444,-13.887571428571428,-12.172666666666666,3391.204,3472.584,3414.9305999999997,3331.16,3328.94,2.22,0.07
327,训练集,1.33,-12.213611111111112,-13.924000000000001,-11.319333333333333,3331.163,3391.204,3386.5017999999995,3288.48,3296.97,8.49,0.26
328,训练集,1.33,-11.619499999999999,-13.93342857142857,-9.529666666666666,3288.484,3331.163,3344.4012000000002,3238.57,3229.45,9.12,0.28
329,训练集,1.33,-11.60388888888889,-13.900714285714287,-9.501000000000001,3238.571,3288.484,3280.0928,3151.04,3153.52,2.47,0.08
330,训练集,1.33,-11.603444444444444,-13.906,-9.514666666666667,3151.042,3238.571,3241.3196,3197.34,3213.34,16.0,0.5
331,训练集,1.33,-11.673722222222223,-13.94,-9.648000000000001,3197.338,3151.042,3243.6344,3342.74,3332.41,10.33,0.31
332,训练集,1.33,-11.743222222222222,-13.915714285714285,-9.8235,3342.737,3197.338,3252.9659999999994,3335.14,3333.31,1.83,0.05
333,训练集,1.33,-12.157333333333334,-13.91342857142857,-11.068833333333332,3335.142,3342.737,3288.9902,3418.69,3426.83,8.14,0.24
334,训练集,1.33,-12.80477777777778,-13.893857142857142,-13.004166666666665,3418.692,3335.142,3353.9496,3475.84,3481.72,5.88,0.17
335,训练集,1.33,-11.732722222222222,-13.896714285714285,-9.728833333333334,3475.839,3418.692,3424.1174,3548.18,3552.44,4.27,0.12
336,训练集,1.33,-11.723444444444446,-13.919714285714283,-9.6515,3548.177,3475.839,3450.7378,3475.84,3460.57,15.27,0.44
337,训练集,1.33,-11.695166666666667,-13.921714285714286,-9.553333333333333,3475.839,3548.177,3467.4477999999995,3418.69,3421.82,3.13,0.09
338,训练集,1.33,-11.954,-13.923285714285715,-10.317000000000002,3418.692,3475.839,3474.3923999999997,3453.42,3467.35,13.93,0.4
339,训练集,1.33,-11.977333333333334,-13.938857142857144,-10.3855,3453.415,3418.692,3458.261,3395.18,3400.6,5.42,0.16
340,训练集,1.33,-12.004,-13.96942857142857,-10.421166666666666,3395.182,3453.415,3416.8838000000005,3341.29,3348.04,6.75,0.2
341,训练集,1.33,-12.012333333333334,-13.982142857142858,-10.43833333333333,3341.291,3395.182,3383.3190000000004,3308.02,3313.21,5.19,0.16
342,训练集,1.33,-11.977888888888888,-13.966714285714287,-10.386,3308.015,3341.291,3345.9204,3231.7,3242.33,10.63,0.33
343,训练集,1.33,-11.942777777777778,-13.965571428571428,-10.290000000000001,3231.699,3308.015,3294.7774,3197.7,3199.08,1.38,0.04
344,训练集,1.33,-11.645500000000002,-13.945714285714285,-9.465,3197.7,3231.699,3274.9568,3296.08,3289.4,6.68,0.2
345,训练集,1.33,-11.644444444444444,-13.946000000000002,-9.474333333333332,3296.079,3197.7,3282.697,3379.99,3384.78,4.79,0.14
346,训练集,1.33,-11.70061111111111,-13.924142857142856,-9.638833333333334,3379.992,3296.079,3313.947,3464.26,3469.64,5.37,0.16
347,训练集,1.33,-11.762611111111111,-13.914714285714286,-9.843166666666667,3464.265,3379.992,3355.5412000000006,3439.67,3433.18,6.49,0.19
348,训练集,1.33,-11.815055555555555,-13.923428571428571,-9.941166666666668,3439.67,3464.265,3395.8334000000004,3399.16,3404.9,5.74,0.17
349,训练集,1.33,-11.874166666666666,-13.901428571428571,-10.127666666666666,3399.161,3439.67,3395.9057999999995,3296.44,3283.96,12.48,0.38
350,训练集,1.33,-12.112722222222223,-13.892,-10.839333333333334,3296.441,3399.161,3359.375,3197.34,3201.19,3.86,0.12
351,训练集,1.33,-12.30161111111111,-13.887714285714285,-11.474499999999999,3197.338,3296.441,3306.7130000000006,3200.96,3185.34,15.61,0.49
352,训练集,1.33,-12.306777777777777,-13.92457142857143,-11.477500000000001,3200.955,3197.338,3239.1494,3101.85,3107.64,5.78,0.19
353,训练集,1.33,-11.790722222222222,-13.949428571428573,-9.886999999999999,3101.852,3200.955,3184.1002,3123.92,3131.23,7.31,0.23
354,训练集,1.33,-11.712,-13.914857142857143,-9.730833333333333,3123.915,3101.852,3158.0586,3166.23,3171.09,4.86,0.15
355,训练集,1.33,-11.899666666666668,-14.125714285714285,-10.000166666666667,3166.233,3123.915,3165.5094,3234.59,3229.11,5.48,0.17
356,训练集,1.33,-12.045777777777777,-14.487857142857141,-10.083499999999999,3234.592,3166.233,3194.734,3347.08,3341.45,5.63,0.17
357,训练集,1.33,-12.123722222222222,-14.461714285714288,-10.148333333333333,3347.078,3234.592,3253.4723999999997,3395.54,3406.01,10.46,0.31
358,训练集,1.31,-12.104944444444445,-14.439285714285717,-10.0695,3395.544,3347.078,3314.0192,3426.65,3426.13,0.52,0.02
359,训练集,1.31,-12.072277777777778,-14.457857142857142,-10.018666666666666,3426.649,3395.544,3381.0763999999995,3501.52,3516.11,14.59,0.42
360,训练集,1.31,-12.702333333333335,-14.474999999999998,-11.941666666666665,3501.519,3426.649,3458.1164,3619.79,3611.19,8.6,0.24
361,训练集,1.31,-12.948500000000001,-14.504428571428573,-12.668,3619.792,3501.519,3497.6852,3544.92,3551.92,6.99,0.2
362,训练集,1.31,-13.2575,-14.504142857142856,-13.512166666666667,3544.922,3619.792,3535.0837999999994,3582.54,3565.22,17.32,0.48
363,训练集,1.31,-13.039166666666667,-14.258857142857142,-13.230833333333331,3582.537,3544.922,3556.279,3532.62,3526.07,6.55,0.19
364,训练集,1.31,-12.910722222222223,-13.931571428571429,-13.233000000000002,3532.625,3582.537,3553.3131999999996,3486.69,3483.83,2.86,0.08
365,训练集,1.31,-12.908833333333332,-13.933285714285715,-13.223666666666666,3486.69,3532.625,3512.2974000000004,3414.71,3413.48,1.23,0.04
366,训练集,1.31,-12.892111111111111,-13.922142857142857,-13.189833333333333,3414.713,3486.69,3457.8992,3272.93,3302.61,29.68,0.91
367,训练集,1.31,-11.807833333333335,-13.903428571428572,-9.933333333333334,3272.931,3414.713,3392.2164,3254.12,3253.31,0.82,0.03
368,训练集,1.31,-11.808944444444444,-13.919571428571427,-9.8875,3254.123,3272.931,3338.9031999999997,3266.06,3257.01,9.05,0.28
369,训练集,1.31,-11.82616666666667,-13.956428571428573,-9.857,3266.059,3254.123,3296.2961999999998,3273.66,3277.2,3.55,0.11
370,训练集,1.31,-12.397833333333333,-13.993571428571428,-11.524833333333333,3273.655,3266.059,3149.161,2679.04,2661.38,17.66,0.66
371,训练集,1.31,-12.396500000000001,-13.996857142857143,-11.521333333333333,2679.037,3273.655,2864.3664,1848.96,1836.68,12.27,0.66
372,训练集,1.31,-12.483,-13.967857142857143,-11.828333333333333,1848.958,2679.037,2836.9504,3117.04,3144.96,27.92,0.9
373,训练集,1.31,-12.430555555555555,-13.943428571428571,-11.725,3117.043,1848.958,2829.3550000000005,3228.08,3213.84,14.24,0.44
374,训练集,1.31,-12.417611111111109,-13.908285714285714,-11.704333333333333,3228.082,3117.043,2815.683,3205.3,3187.18,18.12,0.57
375,训练集,1.31,-11.880888888888888,-13.938285714285714,-10.007,3205.295,3228.082,2929.9046,3250.14,3255.8,5.66,0.17
376,训练集,1.31,-11.603833333333334,-14.00642857142857,-9.062666666666667,3250.145,3205.295,3206.525,3232.06,3235.08,3.02,0.09
377,训练集,1.31,-11.40911111111111,-14.033571428571431,-8.493833333333333,3232.06,3250.145,3219.4734,3181.78,3203.47,21.69,0.68
378,训练集,1.31,-11.343944444444444,-14.036714285714286,-8.3345,3181.785,3232.06,3197.1932,3116.68,3114.72,1.96,0.06
379,训练集,1.31,-11.345666666666668,-14.025285714285713,-8.339,3116.681,3181.785,3201.0271999999995,3224.46,3236.45,11.98,0.37
380,训练集,1.31,-12.445,-14.031142857142857,-11.6305,3224.465,3116.681,3221.0648,3350.33,3348.48,1.86,0.06
381,训练集,1.31,-12.317777777777776,-14.050142857142857,-11.209833333333334,3350.333,3224.465,3237.8471999999997,3315.97,3322.06,6.09,0.18
382,训练集,1.31,-12.326444444444446,-14.061714285714288,-11.182,3315.972,3350.333,3266.9994,3327.55,3318.79,8.75,0.26
383,训练集,1.33,-12.562333333333333,-14.027285714285714,-11.872833333333332,3327.546,3315.972,3295.2112,3257.74,3272.25,14.51,0.45
384,训练集,1.33,-12.56938888888889,-13.997714285714284,-11.9315,3257.74,3327.546,3292.1730000000002,3209.27,3219.52,10.24,0.32
385,训练集,1.33,-12.105222222222222,-13.913285714285715,-10.695166666666667,3209.274,3257.74,3255.353,3166.23,3164.5,1.73,0.05
386,训练集,1.33,-12.226666666666667,-13.881428571428572,-11.099833333333331,3166.233,3209.274,3242.7662,3253.04,3260.41,7.38,0.23
387,训练集,1.33,-12.385722222222222,-13.910285714285715,-11.545166666666667,3253.038,3166.233,3196.8316,3097.87,3088.66,9.22,0.3
388,训练集,1.33,-12.145333333333333,-13.959714285714286,-10.776166666666667,3097.873,3253.038,3178.5302,3166.23,3173.53,7.3,0.23
389,训练集,1.33,-11.963777777777777,-13.942857142857145,-10.264000000000001,3166.233,3097.873,3175.3472,3193.36,3214.47,21.11,0.66
390,训练集,1.33,-11.808222222222222,-13.95442857142857,-9.764666666666667,3193.359,3166.233,3181.5682,3197.34,3176.39,20.94,0.66
391,训练集,1.33,-11.836,-13.929285714285712,-9.882666666666667,3197.338,3193.359,3175.8536,3224.46,3224.18,0.29,0.01
392,训练集,1.33,-11.319833333333333,-13.907571428571428,-8.352666666666666,3224.465,3197.338,3195.8190000000004,3197.7,3204.78,7.09,0.22
393,训练集,1.33,-11.368888888888888,-13.957714285714287,-8.4655,3197.7,3224.465,3219.5458000000003,3284.87,3280.46,4.41,0.13
394,训练集,1.33,-11.713722222222223,-13.982857142857144,-9.503666666666668,3284.867,3197.7,3231.6986,3254.12,3249.53,4.59,0.14
395,训练集,1.33,-11.717,-13.956571428571428,-9.5555,3254.123,3284.867,3234.1580000000004,3209.64,3208.35,1.28,0.04
396,训练集,1.33,-12.054055555555557,-13.93157142857143,-10.607000000000001,3209.635,3254.123,3233.3622000000005,3220.49,3209.56,10.92,0.34
397,训练集,1.33,-11.825555555555557,-13.944285714285714,-9.791500000000001,3220.486,3209.635,3246.8892,3265.34,3258.7,6.64,0.2
398,训练集,1.33,-11.812277777777778,-13.952285714285713,-9.715333333333335,3265.335,3220.486,3256.9442,3335.14,3320.49,14.65,0.44
399,训练集,1.33,-11.826611111111111,-13.954285714285714,-9.7575,3335.142,3265.335,3249.4934000000003,3216.87,3229.39,12.52,0.39
400,训练集,1.33,-11.879777777777779,-13.936857142857145,-9.997333333333334,3216.869,3335.142,3244.7916,3186.13,3193.82,7.69,0.24
401,训练集,1.33,-11.579611111111111,-13.947857142857144,-9.097,3186.126,3216.869,3239.0768000000003,3191.91,3190.34,1.57,0.05
402,训练集,1.33,-12.233444444444444,-13.969857142857142,-11.070333333333332,3191.912,3186.126,3237.5578,3257.74,3238.75,18.99,0.58
403,训练集,1.33,-12.405333333333335,-13.977714285714285,-11.588,3257.74,3191.912,3236.6898,3330.8,3345.78,14.98,0.45
404,训练集,1.33,-12.454666666666668,-13.981142857142856,-11.701833333333333,3330.802,3257.74,3261.8633999999997,3342.74,3346.82,4.08,0.12
405,训练集,1.33,-12.461555555555556,-13.992999999999999,-11.697000000000001,3342.737,3330.802,3299.8407999999995,3376.01,3383.15,7.13,0.21
406,训练集,1.33,-12.370833333333334,-13.985285714285714,-11.416666666666666,3376.013,3342.737,3335.9375999999997,3372.4,3377.49,5.09,0.15
407,训练集,1.33,-12.252222222222223,-13.959285714285715,-11.076666666666666,3372.396,3376.013,3356.6262,3361.18,3351.62,9.56,0.28
408,训练集,1.33,-12.305666666666667,-13.978571428571428,-11.212666666666665,3361.183,3372.396,3358.2176,3338.76,3329.94,8.82,0.26
409,训练集,1.33,-12.093055555555555,-14.008714285714285,-10.509,3338.759,3361.183,3366.3918000000003,3383.61,3385.15,1.54,0.05
410,训练集,1.33,-12.003444444444442,-14.02742857142857,-10.248833333333334,3383.608,3338.759,3381.7998,3453.05,3452.14,0.91,0.03
411,训练集,1.33,-11.839555555555556,-14.058857142857141,-9.720999999999998,3453.053,3383.608,3388.7441999999996,3407.12,3397.9,9.22,0.27
412,训练集,1.33,-11.872222222222222,-14.06757142857143,-9.817333333333334,3407.118,3453.053,3392.5782,3380.35,3371.67,8.68,0.26
413,训练集,1.33,-11.797611111111111,-14.047142857142859,-9.620166666666666,3380.353,3407.118,3384.9102,3300.42,3306.02,5.6,0.17
414,训练集,1.33,-11.787944444444443,-14.078428571428573,-9.560500000000001,3300.419,3380.353,3369.7915999999996,3308.02,3306.71,1.3,0.04
415,训练集,1.33,-11.855833333333333,-14.109714285714286,-9.7305,3308.015,3300.419,3334.78,3278.0,3275.78,2.22,0.07
416,训练集,1.33,-11.89111111111111,-14.095999999999998,-9.8245,3277.995,3308.015,3320.3848,3335.14,3326.64,8.5,0.25
417,训练集,1.33,-12.163222222222224,-14.073428571428574,-10.671333333333335,3335.142,3277.995,3321.904,3387.95,3395.12,7.17,0.21
418,训练集,1.33,-12.056166666666666,-14.031285714285714,-10.3735,3387.949,3335.142,3354.0222000000003,3461.01,3467.57,6.56,0.19
419,训练集,1.33,-12.055444444444444,-14.031428571428568,-10.331333333333333,3461.01,3387.949,3411.2416000000003,3594.11,3598.47,4.36,0.12
420,训练集,1.33,-13.031666666666666,-14.036285714285714,-13.2125,3594.112,3461.01,3495.0089999999996,3696.83,3684.37,12.47,0.34
421,训练集,1.33,-12.32311111111111,-14.038,-11.1265,3696.832,3594.112,3556.5686,3642.94,3638.07,4.87,0.13
422,训练集,1.33,-12.286333333333335,-14.02957142857143,-11.068,3642.94,3696.832,3599.2479999999996,3601.35,3607.79,6.44,0.18
423,训练集,1.33,-12.216277777777778,-14.011857142857142,-10.886999999999999,3601.346,3642.94,3617.4047999999993,3551.79,3554.35,2.55,0.07
424,训练集,1.33,-11.641222222222222,-14.025714285714285,-9.186166666666665,3551.794,3601.346,3611.3284,3563.73,3550.42,13.31,0.37
425,训练集,1.33,-11.689222222222222,-14.071,-9.267333333333333,3563.73,3551.794,3576.9678,3525.03,3530.7,5.67,0.16
426,训练集,1.33,-11.781555555555554,-14.091428571428574,-9.513499999999999,3525.029,3563.73,3528.2843999999996,3399.52,3407.44,7.92,0.23
427,训练集,1.33,-11.903055555555556,-14.076285714285714,-9.873333333333333,3399.523,3525.029,3471.2095999999997,3315.97,3309.65,6.32,0.19
428,训练集,1.33,-11.755722222222223,-13.989857142857144,-9.489333333333333,3315.972,3399.523,3443.7934,3414.71,3431.24,16.53,0.48
429,训练集,1.33,-11.526666666666666,-13.983714285714285,-8.922166666666667,3414.713,3315.972,3426.2152,3475.84,3486.54,10.7,0.31
430,训练集,1.33,-11.657833333333336,-14.078285714285714,-9.157833333333334,3475.839,3414.713,3454.4270000000006,3666.09,3651.11,14.98,0.41
431,训练集,1.33,-11.578222222222221,-14.058857142857144,-8.982833333333332,3666.088,3475.839,3555.6277999999998,3905.53,3897.81,7.72,0.2
432,训练集,1.33,-11.400611111111111,-14.03614285714286,-8.395999999999999,3905.527,3666.088,3627.1699999999996,3673.68,3675.73,2.05,0.06
433,训练集,1.33,-11.70188888888889,-14.078142857142856,-8.1865,3673.683,3905.527,3666.5942000000005,3611.83,3611.1,0.74,0.02
434,训练集,1.33,-11.308,-14.049000000000001,-8.253833333333334,3611.834,3673.683,3657.4074,3429.9,3434.54,4.63,0.14
435,训练集,1.33,-11.311722222222222,-14.078857142857144,-8.3175,3429.905,3611.834,3600.1881999999996,3379.99,3381.5,1.51,0.04
436,训练集,1.33,-11.627999999999998,-13.983857142857143,-9.3525,3379.992,3429.905,3492.0428,3364.8,3366.99,2.19,0.07
437,训练集,1.33,-12.22288888888889,-13.855428571428572,-11.029333333333334,3364.8,3379.992,3435.547,3391.2,3385.16,6.05,0.18
438,训练集,1.33,-11.869555555555557,-13.812714285714287,-10.039666666666667,3391.204,3364.8,3414.3520000000003,3505.86,3514.86,9.0,0.26
439,训练集,1.33,-11.868833333333335,-13.796857142857144,-10.072333333333335,3505.859,3391.204,3476.7072,3741.68,3729.36,12.33,0.33
440,训练集,1.33,-11.911277777777778,-13.817428571428575,-10.202499999999999,3741.681,3505.859,3571.9038,3855.98,3826.21,29.77,0.77
441,训练集,1.33,-11.926444444444444,-13.839,-10.248666666666667,3855.975,3741.681,3670.0666000000006,3855.61,3880.28,24.67,0.64
442,训练集,1.33,-12.088666666666667,-13.83114285714286,-10.779333333333334,3855.614,3855.975,3748.5532,3783.64,3783.06,0.58,0.02
443,训练集,1.33,-12.457722222222223,-13.817714285714287,-11.906166666666666,3783.637,3855.614,3802.6619999999994,3776.4,3780.7,4.29,0.11
444,训练集,1.33,-12.249055555555556,-13.796714285714287,-11.318166666666665,3776.403,3783.637,3822.5550000000003,3841.15,3844.7,3.55,0.09
445,训练集,1.33,-11.710222222222223,-13.807857142857143,-9.778500000000001,3841.146,3776.403,3818.0699999999997,3833.55,3836.47,2.92,0.08
446,训练集,1.33,-11.669666666666666,-13.819571428571427,-9.670333333333332,3833.55,3841.146,3827.3292,3901.91,3915.04,13.13,0.34
447,训练集,1.33,-11.63888888888889,-13.84242857142857,-9.545333333333334,3901.91,3833.55,3833.4055999999996,3814.02,3807.05,6.97,0.18
448,训练集,1.33,-11.892888888888887,-13.819285714285714,-10.291166666666667,3814.019,3901.91,3831.8866000000003,3768.81,3756.58,12.23,0.32
449,训练集,1.33,-12.175055555555556,-13.802142857142858,-11.127833333333333,3768.808,3814.019,3832.5375999999997,3844.4,3851.59,7.18,0.19
450,训练集,1.33,-12.830722222222223,-13.803714285714287,-13.083166666666669,3844.401,3768.808,3834.0568,3841.15,3849.85,8.7,0.23
451,训练集,1.33,-12.057944444444443,-13.801142857142858,-10.924833333333332,3841.146,3844.401,3813.5127999999995,3799.19,3791.7,7.49,0.2
452,训练集,1.33,-12.040666666666665,-13.795428571428571,-10.930166666666667,3799.19,3841.146,3810.4746,3798.83,3816.53,17.7,0.47
453,训练集,1.33,-12.017666666666667,-13.803857142857144,-10.690333333333333,3798.828,3799.19,3830.9462,3871.17,3877.63,6.47,0.17
454,训练集,1.33,-11.946722222222222,-13.797285714285715,-10.477166666666667,3871.166,3798.828,3855.3242,3966.29,3963.36,2.93,0.07
455,训练集,1.33,-11.931,-13.797285714285715,-10.405,3966.291,3871.166,3881.0766000000003,3969.91,3985.14,15.23,0.38
456,训练集,1.33,-12.021111111111113,-13.813,-10.620333333333333,3969.908,3966.291,3938.1512000000002,4084.56,4077.74,6.82,0.17
457,训练集,1.33,-12.035611111111113,-13.82214285714286,-10.667,4084.563,3969.908,4000.6512000000002,4111.33,4085.56,25.76,0.63
458,训练集,1.33,-12.013166666666669,-13.833714285714288,-10.592333333333334,4111.328,4084.563,4050.7814,4121.82,4137.19,15.37,0.37
459,训练集,1.33,-12.459611111111112,-13.81257142857143,-11.9465,4121.817,4111.328,4085.7928,4141.35,4137.65,3.69,0.09
460,训练集,1.33,-11.957500000000001,-13.794857142857143,-10.439833333333334,4141.348,4121.817,4119.2852,4137.37,4114.24,23.13,0.56
461,训练集,1.33,-11.929111111111112,-13.787571428571427,-10.382166666666667,4137.37,4141.348,4105.4686,4015.48,4026.47,10.99,0.27
462,训练集,1.33,-12.000388888888889,-13.789571428571426,-10.567833333333333,4015.48,4137.37,4097.9456,4073.71,4076.72,3.0,0.07
463,训练集,1.33,-12.087388888888889,-13.808714285714286,-10.802166666666666,4073.713,4015.48,4072.8443999999995,3996.31,3987.86,8.45,0.21
464,训练集,1.33,-12.677666666666667,-13.81757142857143,-12.577833333333333,3996.311,4073.713,4051.4324,4034.29,4051.36,17.07,0.42
465,训练集,1.33,-12.650611111111111,-13.82757142857143,-12.491333333333335,4034.288,3996.311,4017.2165999999997,3966.29,3968.27,1.98,0.05
466,训练集,1.33,-12.246111111111112,-13.843,-11.242666666666667,3966.291,4034.288,3992.8388,3893.59,3909.03,15.44,0.4
467,训练集,1.33,-11.831555555555553,-13.854714285714284,-9.977333333333334,3893.591,3966.291,3966.8694000000005,3943.87,3958.58,14.71,0.37
468,训练集,1.33,-12.547833333333333,-13.856,-12.186666666666667,3943.866,3893.591,3959.3462,3958.7,3973.09,14.39,0.36
469,训练集,1.33,-12.8175,-13.858428571428574,-13.056833333333332,3958.695,3943.866,3961.8779999999997,4046.95,4036.32,10.62,0.26
470,训练集,1.33,-12.826722222222221,-13.859285714285715,-13.073666666666666,4046.947,3958.695,3980.9752,4061.78,4056.81,4.96,0.12
471,训练集,1.33,-12.828,-13.873000000000001,-13.0695,4061.777,4046.947,4021.9184,4098.31,4085.57,12.74,0.31
472,训练集,1.33,-12.709166666666667,-13.872000000000002,-12.719333333333333,4098.307,4061.777,4044.0538,4054.54,4074.53,19.99,0.49
473,训练集,1.33,-12.433500000000002,-13.874,-11.902999999999999,4054.543,4098.307,4063.2234,4054.54,4051.8,2.74,0.07
474,训练集,1.33,-12.455666666666666,-13.880142857142857,-11.953833333333334,4054.543,4054.543,4069.9508,4080.58,4078.01,2.57,0.06
475,训练集,1.33,-12.449888888888887,-13.87957142857143,-11.914,4080.584,4054.543,4055.3383999999996,3988.72,3981.99,6.72,0.17
476,训练集,1.33,-12.582722222222223,-13.875,-12.3005,3988.715,4080.584,4037.3263999999995,4008.25,4019.29,11.04,0.28
477,训练集,1.33,-12.109277777777779,-13.869857142857144,-10.896666666666667,4008.247,3988.715,4031.1053999999995,4023.44,4023.02,0.41,0.01
478,训练集,1.33,-12.366944444444446,-13.864571428571429,-11.715333333333334,4023.438,4008.247,4004.1956,3919.99,3926.09,6.1,0.16
479,训练集,1.33,-12.286111111111113,-13.861571428571427,-11.529666666666666,3919.994,4023.438,3968.3160000000003,3901.19,3898.53,2.65,0.07
480,训练集,1.33,-12.26822222222222,-13.849857142857141,-11.452166666666669,3901.186,3919.994,3937.2830000000004,3833.55,3830.36,3.19,0.08
481,训练集,1.33,-12.252944444444445,-13.841285714285716,-11.3955,3833.55,3901.186,3890.6972,3775.32,3779.21,3.89,0.1
482,训练集,1.33,-12.756888888888888,-13.824857142857143,-12.949666666666667,3775.318,3833.55,3829.9332000000004,3719.62,3721.56,1.94,0.05
483,训练集,1.33,-12.791055555555554,-13.822571428571427,-13.021166666666666,3719.618,3775.318,3771.556600000001,3628.11,3638.43,10.32,0.28
484,训练集,1.33,-12.810722222222221,-13.809,-13.038166666666667,3628.111,3719.618,3707.7546,3582.18,3581.65,0.53,0.01
485,训练集,1.33,-12.820222222222222,-13.814428571428573,-13.043166666666666,3582.176,3628.111,3652.7054000000003,3558.3,3556.47,1.83,0.05
486,训练集,1.33,-12.827944444444446,-13.822999999999999,-13.039,3558.304,3582.176,3607.2047999999995,3547.82,3564.24,16.42,0.46
487,训练集,1.33,-12.836333333333334,-13.83542857142857,-13.032166666666669,3547.815,3558.304,3578.2696000000005,3574.94,3568.29,6.65,0.19
488,训练集,1.33,-12.80877777777778,-13.834571428571428,-12.974833333333331,3574.942,3547.815,3566.9123999999997,3571.32,3569.18,2.14,0.06
489,训练集,1.33,-12.810777777777778,-13.80585714285714,-13.026000000000002,3571.325,3574.942,3549.3342000000002,3494.28,3495.06,0.78,0.02
490,训练集,1.33,-12.806444444444445,-13.782285714285715,-13.086833333333333,3494.285,3571.325,3547.2364000000002,3547.82,3546.81,1.0,0.03
491,训练集,1.33,-12.875277777777779,-13.776428571428571,-13.270666666666669,3547.815,3494.285,3553.4576,3578.92,3565.78,13.14,0.37
492,训练集,1.33,-12.883777777777777,-13.778142857142855,-13.265833333333333,3578.921,3547.815,3552.7342000000003,3571.32,3575.48,4.16,0.12
493,训练集,1.33,-12.899277777777776,-13.775285714285713,-13.2785,3571.325,3578.921,3539.5688,3505.5,3513.65,8.16,0.23
494,训练集,1.33,-12.903277777777781,-13.783857142857142,-13.306000000000003,3505.498,3571.325,3538.8455999999996,3490.67,3492.24,1.58,0.05
495,训练集,1.33,-12.896055555555554,-13.775714285714287,-13.318999999999997,3490.669,3505.498,3535.0118,3528.65,3525.95,2.69,0.08
496,训练集,1.33,-12.905277777777776,-13.791714285714287,-13.337333333333333,3528.646,3490.669,3524.2334,3525.03,3518.13,6.9,0.2
497,训练集,1.33,-12.919611111111113,-13.799999999999999,-13.328333333333333,3525.029,3528.646,3502.9662,3464.99,3469.46,4.47,0.13
498,训练集,1.33,-12.915833333333335,-13.801428571428573,-13.312666666666665,3464.989,3525.029,3487.124,3426.29,3424.04,2.25,0.07
499,训练集,1.33,-12.898055555555555,-13.795285714285717,-13.294833333333335,3426.287,3464.989,3460.5758,3357.93,3366.27,8.34,0.25
500,训练集,1.33,-12.912277777777778,-13.820428571428574,-13.310166666666667,3357.928,3426.287,3405.6711999999998,3254.12,3246.2,7.92,0.24
501,训练集,1.33,-12.92988888888889,-13.868142857142857,-13.314833333333334,3254.123,3357.928,3341.7244,3205.3,3203.24,2.06,0.06
502,训练集,1.33,-12.952500000000002,-13.876857142857142,-13.347333333333331,3205.295,3254.123,3291.3048000000003,3212.89,3201.18,11.71,0.36
503,训练集,1.33,-12.062777777777777,-13.924857142857144,-10.556,3212.891,3205.295,3257.5953999999997,3257.74,3247.72,10.02,0.31
504,训练集,1.33,-12.9165,-13.941857142857144,-13.051833333333335,3257.74,3212.891,3225.5498,3197.7,3207.68,9.98,0.31
505,训练集,1.33,-12.332388888888888,-13.961428571428572,-11.260166666666668,3197.7,3257.74,3235.5326,3304.04,3303.47,0.57,0.02
506,训练集,1.33,-12.406333333333333,-13.958857142857143,-11.537166666666666,3304.037,3197.7,3265.3358,3354.31,3353.15,1.16,0.03
507,训练集,1.33,-12.9865,-13.958285714285713,-13.2915,3354.311,3304.037,3301.143,3391.93,3388.45,3.48,0.1
508,训练集,1.33,-12.88588888888889,-13.846428571428572,-13.156,3391.927,3354.311,3337.2396,3438.22,3424.62,13.6,0.4
509,训练集,1.33,-12.794222222222224,-13.645428571428571,-13.125,3438.223,3391.927,3366.9703999999997,3346.35,3340.27,6.09,0.18
510,训练集,1.33,-12.772555555555556,-13.607142857142858,-13.095833333333333,3346.354,3438.223,3370.1531999999997,3319.95,3324.4,4.45,0.13
511,训练集,1.33,-12.762,-13.590857142857143,-13.075833333333334,3319.951,3346.354,3350.839,3257.74,3256.98,0.76,0.02
512,训练集,1.33,-12.758055555555556,-13.585857142857142,-13.076,3257.74,3319.951,3346.9328,3372.4,3369.53,2.86,0.08
513,训练集,1.33,-11.719611111111112,-13.581428571428575,-10.0635,3372.396,3257.74,3360.3877999999995,3505.5,3504.0,1.5,0.04
514,训练集,1.33,-12.109722222222222,-13.574714285714288,-11.208,3505.498,3372.396,3377.8936000000003,3433.88,3432.0,1.89,0.05
515,训练集,1.33,-12.728222222222222,-13.56914285714286,-13.080666666666666,3433.883,3505.498,3401.4034,3437.5,3436.94,0.56,0.02
516,训练集,1.33,-12.701555555555554,-13.556999999999999,-13.0015,3437.5,3433.883,3440.5384,3453.42,3437.42,15.99,0.46
517,训练集,1.33,-12.773888888888889,-13.527428571428572,-13.225,3453.415,3437.5,3449.7975999999994,3418.69,3422.15,3.46,0.1
518,训练集,1.33,-12.7835,-13.519857142857143,-13.232166666666666,3418.692,3453.415,3440.9,3461.01,3472.08,11.07,0.32
519,训练集,1.33,-12.764833333333334,-13.509285714285713,-13.173166666666665,3461.01,3418.692,3441.768,3438.22,3436.13,2.09,0.06
520,训练集,1.33,-12.746166666666666,-13.474,-13.169166666666667,3438.223,3461.01,3430.9896,3383.61,3377.55,6.06,0.18
521,训练集,1.33,-12.7075,-13.429,-13.118500000000003,3383.608,3438.223,3431.7128000000002,3457.03,3461.26,4.22,0.12
522,训练集,1.33,-12.688944444444443,-13.397142857142857,-13.113666666666667,3457.031,3383.608,3463.7585999999997,3578.92,3586.21,7.29,0.2
523,训练集,1.33,-12.69338888888889,-13.408285714285714,-13.134666666666668,3578.921,3457.031,3492.5492,3604.96,3594.2,10.76,0.3
524,训练集,1.33,-12.743055555555555,-13.466285714285716,-13.195333333333336,3604.963,3578.921,3549.5516000000002,3723.24,3715.46,7.77,0.21
525,训练集,1.33,-11.901944444444444,-13.526142857142858,-10.541333333333334,3723.235,3604.963,3626.4468,3768.08,3758.58,9.51,0.25
526,训练集,1.33,-12.812611111111112,-13.556285714285718,-13.247666666666667,3768.084,3723.235,3665.22,3650.9,3658.22,7.32,0.2
527,训练集,1.33,-12.817388888888889,-13.566571428571427,-13.243,3650.897,3768.084,3672.9602,3617.62,3612.28,5.34,0.15
528,训练集,1.31,-12.887055555555555,-13.570285714285715,-13.436333333333335,3617.622,3650.897,3678.1684,3631.0,3650.43,19.42,0.53
529,训练集,1.31,-12.897388888888889,-13.569142857142856,-13.423666666666664,3631.004,3617.622,3675.1301999999996,3708.04,3715.84,7.79,0.21
530,训练集,1.31,-12.906722222222221,-13.584714285714286,-13.417499999999999,3708.044,3631.004,3662.4712,3704.79,3697.64,7.15,0.19
531,训练集,1.31,-12.285055555555555,-13.602857142857143,-11.623333333333333,3704.789,3708.044,3673.8282,3707.68,3714.14,6.46,0.17
532,训练集,1.31,-12.868611111111111,-13.584428571428571,-13.423166666666669,3707.682,3704.789,3675.7812,3627.39,3605.58,21.8,0.6
533,训练集,1.31,-12.842555555555556,-13.572285714285712,-13.378,3627.387,3707.682,3701.0271999999995,3757.23,3751.88,5.36,0.14
534,训练集,1.31,-12.815055555555555,-13.55042857142857,-13.395166666666668,3757.234,3627.387,3717.8095999999996,3791.96,3805.48,13.53,0.36
535,训练集,1.31,-12.754277777777776,-13.526714285714286,-13.337000000000002,3791.956,3757.234,3745.6598,3844.04,3853.77,9.73,0.25
536,训练集,1.31,-12.747444444444445,-13.505714285714285,-13.334833333333334,3844.04,3791.956,3777.4885999999997,3866.83,3870.72,3.89,0.1
537,训练集,1.31,-12.731055555555557,-13.498142857142858,-13.3115,3866.826,3844.04,3826.9678,3874.78,3880.14,5.36,0.14
538,训练集,1.31,-12.712388888888889,-13.499857142857143,-13.252666666666668,3874.783,3866.826,3871.745,3981.12,3982.35,1.23,0.03
539,训练集,1.31,-12.694444444444445,-13.50657142857143,-13.193833333333332,3981.12,3874.783,3926.5048,4065.76,4041.33,24.43,0.6
540,训练集,1.31,-12.742944444444445,-13.543000000000001,-13.2095,4065.755,3981.12,3985.1708,4137.37,4120.64,16.73,0.4
541,训练集,1.31,-12.755555555555553,-13.544285714285715,-13.216499999999998,4137.37,4065.755,4036.603,4123.99,4124.61,0.62,0.02
542,训练集,1.31,-12.7545,-13.552285714285714,-13.1655,4123.987,4137.37,4099.2476,4188.01,4188.53,0.52,0.01
543,训练集,1.31,-12.766777777777778,-13.56157142857143,-13.167833333333332,4188.006,4123.987,4138.2378,4176.07,4190.09,14.02,0.34
544,训练集,1.31,-12.763833333333334,-13.570142857142859,-13.160166666666667,4176.071,4188.006,4164.1348,4195.24,4193.75,1.49,0.04
545,训练集,1.31,-12.756166666666665,-13.574,-13.1775,4195.24,4176.071,4176.577,4199.58,4207.32,7.74,0.18
546,训练集,1.31,-12.809444444444445,-13.639999999999999,-13.277999999999999,4199.581,4195.24,4191.044599999999,4196.32,4189.0,7.33,0.17
547,训练集,1.31,-12.924500000000002,-13.819999999999999,-13.369333333333335,4196.325,4199.581,4216.2184,4313.88,4300.33,13.55,0.31
548,训练集,1.31,-13.073888888888888,-13.954999999999998,-13.5655,4313.875,4196.325,4331.8868,4754.41,4760.13,5.71,0.12
549,训练集,1.31,-13.211111111111112,-14.203571428571426,-13.66216666666667,4754.413,4313.875,4463.325,4852.43,4837.39,15.04,0.31
550,训练集,1.31,-13.289444444444447,-14.361714285714283,-13.670499999999999,4852.431,4754.413,4542.969,4597.8,4578.92,18.89,0.41
551,训练集,1.33,-13.311,-14.400857142857143,-13.677666666666667,4597.801,4852.431,4629.4128,4628.54,4656.72,28.18,0.61
552,训练集,1.33,-13.318388888888888,-14.419428571428572,-13.6335,4628.544,4597.801,4702.3294000000005,4678.46,4689.72,11.27,0.24
553,训练集,1.33,-13.336777777777778,-14.43257142857143,-13.632333333333333,4678.458,4628.544,4675.709,4621.31,4619.31,2.0,0.04
554,训练集,1.33,-13.328944444444446,-14.437857142857144,-13.59366666666667,4621.311,4678.458,4615.0898,4549.34,4556.14,6.8,0.15
555,训练集,1.33,-13.315722222222222,-14.431857142857142,-13.589833333333331,4549.335,4621.311,4593.6053999999995,4490.38,4478.87,11.51,0.26
556,训练集,1.33,-13.288111111111112,-14.435857142857145,-13.496166666666667,4490.379,4549.335,4546.5136,4393.08,4396.17,3.08,0.07
557,训练集,1.33,-13.284555555555556,-14.429571428571426,-13.4945,4393.085,4490.379,4476.4904,4328.34,4322.34,6.0,0.14
558,训练集,1.33,-13.285555555555556,-14.421714285714286,-13.4855,4328.342,4393.085,4405.7438,4267.58,4280.28,12.7,0.3
559,训练集,1.33,-13.277777777777779,-14.40814285714286,-13.4915,4267.578,4328.342,4344.6182,4243.71,4251.41,7.7,0.18
560,训练集,1.33,-13.29933333333333,-14.429000000000002,-13.5385,4243.707,4267.578,4285.6628,4195.6,4192.28,3.32,0.08
561,训练集,1.33,-13.311777777777777,-14.429428571428572,-13.543,4195.602,4243.707,4263.6720000000005,4283.13,4277.43,5.7,0.13
562,训练集,1.33,-13.331944444444446,-14.453,-13.561,4283.131,4195.602,4275.029,4385.13,4371.42,13.71,0.31
563,训练集,1.33,-13.221055555555555,-14.364571428571429,-13.417499999999999,4385.127,4283.131,4280.382,4294.34,4293.43,0.91,0.02
564,训练集,1.33,-13.084222222222223,-14.120000000000003,-13.302833333333334,4294.343,4385.127,4310.981000000001,4396.7,4403.76,7.05,0.16
565,训练集,1.33,-13.011888888888889,-13.988142857142858,-13.272833333333336,4396.702,4294.343,4322.338,4252.39,4256.24,3.85,0.09
566,训练集,1.33,-13.016277777777779,-13.983571428571427,-13.268833333333333,4252.387,4396.702,4303.8918,4190.9,4195.08,4.18,0.1
567,训练集,1.33,-13.018055555555556,-13.977857142857143,-13.2555,4190.9,4252.387,4253.6894,4134.12,4153.34,19.22,0.46
568,训练集,1.33,-13.039722222222222,-13.96985714285714,-13.255666666666668,4134.115,4190.9,4220.7756,4129.77,4118.41,11.37,0.28
569,训练集,1.33,-13.050055555555556,-13.980714285714285,-13.265999999999998,4129.774,4134.115,4175.1302,4168.48,4169.42,0.94,0.02
570,训练集,1.33,-12.563944444444447,-13.859571428571428,-11.950833333333334,4168.475,4129.774,4161.5308,4184.39,4164.3,20.09,0.48
571,训练集,1.33,-13.051555555555556,-13.985,-13.317166666666667,4184.39,4168.475,4170.7178,4236.84,4247.04,10.21,0.24
572,训练集,1.33,-13.033222222222223,-13.961857142857143,-13.313166666666667,4236.835,4184.39,4197.338000000001,4267.22,4264.68,2.54,0.06
573,训练集,1.33,-12.889944444444446,-13.659428571428569,-13.1975,4267.216,4236.835,4207.393,4180.05,4177.35,2.7,0.06
574,训练集,1.33,-13.18672222222222,-14.148142857142858,-13.500166666666667,4180.049,4267.216,4237.1962,4317.49,4323.17,5.68,0.13
575,训练集,1.33,-13.289722222222222,-14.387571428571428,-13.484,4317.491,4180.049,4266.854600000001,4332.68,4318.5,14.18,0.33
576,训练集,1.33,-13.278888888888888,-14.378857142857145,-13.451833333333333,4332.682,4317.491,4279.8754,4301.94,4294.28,7.66,0.18
577,训练集,1.33,-13.247666666666667,-14.369571428571431,-13.43,4301.939,4332.682,4274.5226,4240.45,4237.59,2.86,0.07
578,训练集,1.33,-13.22561111111111,-14.369857142857143,-13.372166666666667,4240.452,4301.939,4290.437,4259.62,4267.72,8.1,0.19
579,训练集,1.33,-13.226666666666667,-14.349,-13.402000000000001,4259.621,4240.452,4281.2502,4271.56,4282.12,10.56,0.25
580,训练集,1.33,-13.280388888888886,-14.356857142857141,-13.534333333333334,4271.557,4259.621,4280.599200000001,4329.43,4320.99,8.43,0.19
581,训练集,1.33,-13.303166666666666,-14.368142857142857,-13.549666666666667,4329.427,4271.557,4293.403,4365.96,4356.32,9.64,0.22
582,训练集,1.33,-12.96261111111111,-14.407285714285715,-12.351166666666666,4365.958,4329.427,4307.364,4310.26,4316.54,6.29,0.15
583,训练集,1.33,-13.337388888888889,-14.408857142857146,-13.4565,4310.257,4365.958,4298.9004,4217.3,4230.1,12.79,0.3
584,训练集,1.33,-13.342611111111111,-14.364142857142857,-13.542166666666665,4217.303,4310.257,4303.602199999999,4295.07,4288.29,6.77,0.16
585,训练集,1.33,-13.5045,-14.59842857142857,-13.809000000000003,4295.066,4217.303,4280.5988,4214.41,4236.71,22.3,0.53
586,训练集,1.33,-13.584944444444446,-14.761285714285714,-13.753,4214.41,4295.066,4294.4154,4435.04,4439.48,4.44,0.1
587,训练集,1.33,-13.592222222222224,-14.89,-13.635666666666665,4435.041,4214.41,4326.8228,4472.29,4477.35,5.05,0.11
588,训练集,1.33,-13.496444444444442,-14.879999999999999,-13.414833333333334,4472.294,4435.041,4416.8836,4667.61,4660.41,7.2,0.15
589,训练集,1.33,-13.527111111111111,-14.866857142857143,-13.580499999999999,4667.607,4472.294,4498.914999999999,4705.22,4704.66,0.57,0.01
590,训练集,1.33,-13.49888888888889,-14.824428571428573,-13.589333333333334,4705.223,4667.607,4607.0602,4755.14,4754.61,0.52,0.01
591,训练集,1.33,-13.508333333333333,-14.806857142857144,-13.589166666666666,4755.136,4705.223,4644.965200000001,4624.57,4624.96,0.39,0.01
592,训练集,1.33,-13.539444444444444,-14.83357142857143,-13.629166666666665,4624.566,4755.136,4684.6788,4670.86,4666.01,4.85,0.1
593,训练集,1.33,-13.551833333333333,-14.919428571428572,-13.540166666666666,4670.862,4624.566,4664.0624,4564.52,4562.32,2.21,0.05
594,训练集,1.33,-13.347222222222221,-14.901285714285715,-12.900666666666666,4564.525,4670.862,4636.5740000000005,4567.78,4563.62,4.16,0.09
595,训练集,1.33,-13.326,-14.897285714285713,-12.861166666666668,4567.781,4564.525,4596.7158,4555.84,4551.33,4.51,0.1
596,训练集,1.33,-13.173944444444444,-14.752285714285716,-12.678666666666667,4555.845,4567.781,4580.0779999999995,4541.38,4552.16,10.78,0.24
597,训练集,1.33,-13.252000000000002,-14.423428571428571,-13.336999999999998,4541.377,4555.845,4525.7522,4399.23,4391.67,7.56,0.17
598,训练集,1.33,-13.196722222222222,-14.352285714285713,-13.226666666666667,4399.233,4541.377,4444.3722,4157.62,4150.04,7.58,0.18
599,训练集,1.33,-13.11961111111111,-14.269,-13.124333333333333,4157.625,4399.233,4340.0608,4046.22,4072.93,26.7,0.66
600,训练集,1.33,-13.064444444444446,-14.149428571428572,-13.1265,4046.224,4157.625,4249.421400000001,4102.65,4104.68,2.03,0.05
601,训练集,1.33,-13.071611111111112,-14.195714285714287,-13.139499999999998,4102.648,4046.224,4173.249600000001,4160.52,4166.61,6.09,0.15
602,训练集,1.33,-13.064388888888889,-14.204857142857142,-13.160166666666667,4160.518,4102.648,4134.8382,4207.18,4196.68,10.49,0.25
603,训练集,1.33,-13.136333333333333,-14.21385714285714,-13.317333333333336,4207.176,4160.518,4145.3994,4210.43,4213.07,2.64,0.06
604,训练集,1.33,-13.155166666666666,-14.244428571428571,-13.346333333333334,4210.431,4207.176,4185.113,4244.79,4249.94,5.15,0.12
605,训练集,1.33,-13.185,-14.266428571428571,-13.363999999999999,4244.792,4210.431,4218.8224,4271.2,4263.57,7.62,0.18
606,训练集,1.33,-13.18838888888889,-14.267999999999999,-13.384666666666668,4271.195,4244.792,4225.1158,4191.98,4179.46,12.53,0.3
607,训练集,1.33,-13.215055555555555,-14.306428571428572,-13.406,4191.985,4271.195,4202.691,4095.05,4118.18,23.13,0.56
608,训练集,1.33,-13.221499999999999,-14.359571428571428,-13.401333333333334,4095.052,4191.985,4166.1604,4027.78,4029.42,1.64,0.04
609,训练集,1.33,-13.216166666666666,-14.39,-13.357500000000002,4027.778,4095.052,4107.856000000001,3953.27,3960.19,6.92,0.18
610,训练集,1.33,-13.136222222222223,-14.280999999999997,-13.269333333333334,3953.27,4027.778,4021.1951999999997,3837.89,3824.62,13.27,0.35
611,训练集,1.33,-12.095444444444444,-14.160142857142857,-10.284666666666666,3837.891,3953.27,3945.6744,3814.38,3806.39,7.99,0.21
612,训练集,1.33,-13.080388888888887,-14.157142857142858,-13.218666666666666,3814.381,3837.891,3875.0002,3741.68,3719.57,22.11,0.59
613,训练集,1.33,-12.983777777777778,-14.027857142857142,-13.068333333333335,3741.681,3814.381,3769.7484000000004,3501.52,3516.07,14.55,0.42
614,训练集,1.33,-12.74227777777778,-13.931857142857144,-12.5025,3501.519,3741.681,3156.25,885.78,878.37,7.41,0.84
615,训练集,1.33,-12.859111111111112,-13.875285714285715,-12.940833333333332,885.778,3501.519,3060.1852,3357.57,3330.83,26.74,0.8
616,训练集,1.33,-12.8515,-13.876428571428574,-12.909666666666668,3357.567,885.778,3025.897,3642.94,3658.63,15.69,0.43
617,训练集,1.33,-12.85838888888889,-13.885714285714284,-12.899333333333333,3642.94,3357.567,3006.9446,3646.92,3647.13,0.21,0.01
618,训练集,1.33,-12.868,-13.880428571428572,-12.898000000000001,3646.919,3642.94,3041.5222000000003,3674.41,3693.14,18.73,0.51
619,训练集,1.33,-12.878722222222223,-13.882000000000001,-12.908166666666668,3674.407,3646.919,3587.4568,3615.45,3604.05,11.4,0.32
620,训练集,1.33,-12.857611111111112,-13.884714285714285,-12.898499999999999,3615.451,3674.407,3639.1784,3616.18,3620.1,3.92,0.11
621,训练集,1.33,-12.846444444444447,-13.884285714285713,-12.876666666666665,3616.175,3615.451,3631.583,3604.96,3616.46,11.49,0.32
622,训练集,1.33,-12.836388888888889,-13.867857142857144,-12.868666666666664,3604.963,3616.175,3628.5446,3631.73,3633.11,1.39,0.04
623,训练集,1.33,-12.818222222222223,-13.86542857142857,-12.837166666666668,3631.727,3604.963,3613.2812,3598.09,3580.87,17.22,0.48
624,训练集,1.33,-12.803944444444443,-13.861142857142855,-12.821833333333336,3598.09,3631.727,3609.809,3598.09,3599.29,1.2,0.03
625,训练集,1.33,-12.903833333333333,-13.861714285714287,-13.098166666666666,3598.09,3598.09,3603.9496,3586.88,3609.1,22.22,0.62
626,训练集,1.33,-12.947444444444445,-13.870714285714286,-13.1625,3586.878,3598.09,3570.6016000000004,3438.22,3441.83,3.6,0.1
627,训练集,1.33,-12.953055555555556,-13.880857142857142,-13.152000000000001,3438.223,3586.878,3515.1184000000003,3354.31,3351.69,2.62,0.08
628,训练集,1.33,-12.953555555555557,-13.904,-13.146333333333336,3354.311,3438.223,3455.5842000000002,3300.42,3302.56,2.14,0.06
629,训练集,1.33,-12.947666666666665,-13.922714285714287,-13.136499999999998,3300.419,3354.311,3389.829,3269.31,3270.46,1.14,0.03
630,训练集,1.33,-12.932111111111112,-13.906142857142855,-13.105166666666669,3269.314,3300.419,3338.686,3331.16,3328.12,3.04,0.09
631,训练集,1.33,-12.903944444444443,-13.896571428571425,-13.069833333333335,3331.163,3269.314,3330.1502,3395.54,3399.74,4.2,0.12
632,训练集,1.33,-12.882444444444445,-13.880714285714285,-13.049833333333334,3395.544,3331.163,3349.0305999999996,3448.71,3446.52,2.19,0.06
633,训练集,1.33,-12.879666666666667,-13.873285714285716,-13.025833333333333,3448.713,3395.544,3374.2042,3426.29,3422.36,3.92,0.11
634,训练集,1.33,-12.880055555555552,-13.875285714285713,-13.026333333333332,3426.287,3448.713,3413.3392,3464.99,3472.0,7.01,0.2
635,训练集,1.33,-12.871166666666667,-13.87142857142857,-13.030999999999999,3464.989,3426.287,3437.7896,3453.42,3454.89,1.48,0.04
636,训练集,1.33,-12.866166666666667,-13.872142857142858,-13.027666666666667,3453.415,3464.989,3431.7131999999997,3365.16,3368.24,3.08,0.09
637,训练集,1.33,-12.94972222222222,-13.925857142857142,-13.180333333333335,3365.162,3453.415,3437.1384,3475.84,3473.52,2.32,0.07
638,训练集,1.33,-13.002166666666666,-13.993142857142857,-13.222000000000001,3475.839,3365.162,3456.0910000000003,3521.05,3519.18,1.87,0.05
639,训练集,1.33,-13.06972222222222,-14.153000000000002,-13.229666666666668,3521.05,3475.839,3467.9542,3524.3,3523.67,0.64,0.02
640,训练集,1.33,-13.091277777777778,-14.154857142857141,-13.2435,3524.305,3521.05,3490.7406,3567.35,3568.55,1.21,0.03
641,训练集,1.33,-13.112722222222223,-14.161857142857142,-13.258000000000001,3567.347,3524.305,3522.714,3525.03,3532.01,6.98,0.2
642,训练集,1.33,-13.100444444444443,-14.154,-13.238333333333332,3525.029,3567.347,3527.1989999999996,3498.26,3489.3,8.97,0.26
643,训练集,1.33,-13.079611111111113,-14.126,-13.229166666666666,3498.264,3525.029,3520.2546,3486.33,3489.66,3.33,0.1
644,训练集,1.33,-13.078944444444446,-14.113714285714284,-13.294000000000002,3486.328,3498.264,3518.8801999999996,3517.43,3513.8,3.63,0.1
645,训练集,1.33,-13.068666666666665,-14.116428571428571,-13.28283333333333,3517.433,3486.328,3529.3692,3619.79,3624.52,4.73,0.13
646,训练集,1.33,-13.06661111111111,-14.108285714285714,-13.289666666666667,3619.792,3517.433,3547.5984,3616.18,3614.95,1.23,0.03
647,训练集,1.33,-13.083222222222224,-14.107285714285714,-13.310000000000002,3616.175,3619.792,3574.2188,3631.37,3618.8,12.57,0.35
648,训练集,1.33,-13.098166666666668,-14.125285714285715,-13.293999999999999,3631.366,3616.175,3590.4225999999994,3567.35,3572.13,4.78,0.13
649,训练集,1.33,-13.106499999999999,-14.142428571428573,-13.285499999999999,3567.347,3631.366,3587.3122000000003,3501.88,3510.03,8.15,0.23
650,训练集,1.33,-13.002555555555556,-14.023285714285715,-13.159833333333331,3501.881,3567.347,3547.8156000000004,3422.31,3418.91,3.39,0.1
651,训练集,1.33,-12.935944444444445,-13.863285714285713,-13.178333333333333,3422.309,3501.881,3501.8085999999994,3386.14,3392.75,6.61,0.2
652,训练集,1.33,-12.905499999999998,-13.852999999999998,-13.156666666666666,3386.14,3422.309,3444.0828,3342.74,3346.34,3.6,0.11
653,训练集,1.33,-12.905777777777779,-13.86857142857143,-13.17216666666667,3342.737,3386.14,3382.1614,3257.74,3246.34,11.4,0.35
654,训练集,1.33,-12.902500000000002,-13.866428571428571,-13.146,3257.74,3342.737,3342.5926,3304.04,3313.74,9.7,0.29
655,训练集,1.33,-12.904111111111114,-13.844285714285716,-13.155333333333333,3304.037,3257.74,3300.709,3212.89,3214.68,1.79,0.06
656,训练集,1.33,-12.857166666666664,-13.821285714285716,-13.127666666666668,3212.891,3304.037,3256.7275999999997,3166.23,3160.68,5.55,0.18
657,训练集,1.33,-12.84088888888889,-13.80742857142857,-13.151499999999999,3166.233,3212.891,3235.8943999999997,3238.57,3247.18,8.61,0.27
658,训练集,1.33,-12.813555555555554,-13.776857142857141,-13.155333333333333,3238.571,3166.233,3241.6092,3286.31,3288.99,2.67,0.08
659,训练集,1.33,-12.81461111111111,-13.784428571428572,-13.165666666666668,3286.314,3238.571,3253.0384000000004,3361.18,3355.62,5.56,0.17
660,训练集,1.33,-12.84311111111111,-13.803857142857142,-13.147833333333333,3361.183,3286.314,3300.3474,3449.44,3448.53,0.91,0.03
661,训练集,1.33,-12.85277777777778,-13.81357142857143,-13.164500000000002,3449.436,3361.183,3347.7286,3403.14,3402.11,1.03,0.03
662,训练集,1.33,-12.868,-13.823142857142857,-13.182500000000003,3403.139,3449.436,3381.4379999999996,3407.12,3400.74,6.38,0.19
663,训练集,1.33,-12.878000000000002,-13.833,-13.174,3407.118,3403.139,3411.8198,3438.22,3434.74,3.48,0.1
664,训练集,1.33,-12.867777777777778,-13.832285714285714,-13.159500000000001,3438.223,3407.118,3425.7088000000003,3430.63,3431.22,0.59,0.02
665,训练集,1.33,-12.865555555555554,-13.82457142857143,-13.176333333333332,3430.628,3438.223,3420.4282,3423.03,3420.18,2.86,0.08
666,训练集,1.33,-12.86361111111111,-13.819714285714285,-13.199166666666665,3423.033,3430.628,3423.5388,3418.69,3425.94,7.25,0.21
667,训练集,1.33,-12.861333333333334,-13.810000000000002,-13.186333333333332,3418.692,3423.033,3441.768,3498.26,3503.45,5.19,0.15
668,训练集,1.33,-12.421222222222221,-13.825857142857146,-11.902666666666667,3498.264,3418.692,3459.1292000000003,3525.03,3520.73,4.3,0.12
669,训练集,1.33,-12.895666666666667,-13.840142857142856,-13.3075,3525.029,3498.264,3478.0094,3525.03,3527.08,2.05,0.06
670,训练集,1.33,-12.888166666666669,-13.826428571428574,-13.302166666666666,3525.029,3525.029,3492.2598,3494.28,3498.17,3.89,0.11
671,训练集,1.33,-12.895722222222222,-13.824285714285713,-13.306333333333335,3494.285,3525.029,3512.0080000000003,3517.43,3525.03,7.6,0.22
672,训练集,1.33,-12.905888888888889,-13.842999999999998,-13.288166666666664,3517.433,3494.285,3534.3604,3610.03,3630.6,20.58,0.57
673,训练集,1.33,-12.912777777777778,-13.832857142857142,-13.288333333333334,3610.026,3517.433,3542.1006,3563.73,3560.8,2.93,0.08
674,训练集,1.33,-12.923055555555557,-13.839857142857143,-13.283499999999998,3563.73,3610.026,3555.9172,3594.11,3590.25,3.86,0.11
675,训练集,1.33,-12.910166666666667,-13.841142857142858,-13.284833333333333,3594.112,3563.73,3580.2951999999996,3616.18,3621.1,4.93,0.14
676,训练集,1.33,-12.921055555555556,-13.832142857142857,-13.292333333333332,3616.175,3594.112,3586.3716,3547.82,3550.14,2.33,0.07
677,训练集,1.33,-12.921833333333332,-13.830142857142858,-13.292333333333334,3547.815,3616.175,3579.3548,3574.94,3568.69,6.25,0.17
678,训练集,1.33,-12.909,-13.834999999999999,-13.275166666666669,3574.942,3547.815,3572.2656,3528.28,3523.39,4.9,0.14
679,训练集,1.33,-12.916166666666665,-13.838857142857142,-13.289333333333333,3528.284,3574.942,3553.096,3498.26,3498.11,0.15,0.0
680,训练集,1.33,-12.906611111111111,-13.821285714285716,-13.291333333333334,3498.264,3528.284,3540.292200000001,3552.16,3552.2,0.04,0.0
681,训练集,1.33,-12.900055555555554,-13.830285714285717,-13.276333333333334,3552.156,3498.264,3555.5556000000006,3624.13,3604.29,19.84,0.55
682,训练集,1.33,-12.88711111111111,-13.823285714285715,-13.253333333333336,3624.132,3552.156,3570.6742,3650.54,3623.93,26.6,0.73
683,训练集,1.33,-12.889055555555556,-13.83242857142857,-13.2695,3650.535,3624.132,3597.5116000000003,3662.47,3668.15,5.68,0.16
684,训练集,1.33,-12.875888888888888,-13.814000000000002,-13.276333333333334,3662.471,3650.535,3609.0858,3556.14,3549.5,6.64,0.19
685,训练集,1.33,-12.848611111111113,-13.791,-13.227166666666664,3556.135,3662.471,3607.4944000000005,3544.2,3574.45,30.26,0.85
686,训练集,1.33,-12.821111111111112,-13.74357142857143,-13.209166666666667,3544.199,3556.135,3595.4139999999998,3563.73,3554.53,9.2,0.26
687,训练集,1.33,-12.821000000000002,-13.729571428571429,-13.211,3563.73,3544.199,3569.4448,3520.69,3516.81,3.88,0.11
688,训练集,1.33,-12.805722222222222,-13.706857142857142,-13.188666666666668,3520.689,3563.73,3532.1184000000003,3475.84,3474.07,1.77,0.05
689,训练集,1.33,-12.786166666666666,-13.69842857142857,-13.1665,3475.839,3520.689,3507.668,3433.88,3429.45,4.43,0.13
690,训练集,1.33,-12.78561111111111,-13.68542857142857,-13.151000000000002,3433.883,3475.839,3477.8646,3395.18,3390.54,4.65,0.14
691,训练集,1.33,-12.812666666666669,-13.696285714285713,-13.191333333333333,3395.182,3433.883,3451.8952,3433.88,3424.32,9.56,0.28
692,训练集,1.33,-12.824444444444445,-13.707714285714287,-13.182833333333333,3433.883,3395.182,3439.9593999999997,3461.01,3463.78,2.77,0.08
693,训练集,1.33,-12.799222222222221,-13.690714285714288,-13.154000000000002,3461.01,3433.883,3436.9936000000002,3461.01,3470.31,9.3,0.27
694,训练集,1.33,-12.791055555555555,-13.688142857142859,-13.173833333333333,3461.01,3461.01,3429.3258,3395.54,3394.51,1.03,0.03
695,训练集,1.33,-12.797500000000001,-13.719571428571427,-13.1885,3395.544,3461.01,3452.257,3509.84,3510.6,0.77,0.02
696,训练集,1.33,-12.79927777777778,-13.73157142857143,-13.18,3509.838,3395.544,3494.0684,3642.94,3663.85,20.91,0.57
697,训练集,1.33,-12.791055555555555,-13.733714285714287,-13.209166666666667,3642.94,3509.838,3519.1695999999997,3586.52,3582.62,3.9,0.11
698,训练集,1.33,-12.810666666666666,-13.744428571428573,-13.226833333333333,3586.516,3642.94,3547.2368,3601.35,3590.57,10.77,0.3
699,训练集,1.33,-12.817666666666666,-13.757428571428571,-13.241999999999999,3601.346,3586.516,3589.8438,3608.58,3634.29,25.71,0.71
700,训练集,1.33,-12.821833333333332,-13.766857142857143,-13.22183333333333,3608.579,3601.346,3600.6222000000002,3563.73,3557.5,6.23,0.17
701,训练集,1.33,-12.9045,-13.843142857142857,-13.302999999999999,3563.73,3608.579,3580.0782,3540.22,3540.41,0.19,0.01
702,训练集,1.33,-12.96,-13.942857142857145,-13.305333333333332,3540.22,3563.73,3554.1812,3457.03,3448.4,8.63,0.25
703,训练集,1.33,-12.969888888888887,-13.939714285714286,-13.312166666666664,3457.031,3540.22,3519.1694,3426.29,3434.42,8.13,0.24
704,训练集,1.33,-12.975166666666667,-13.936142857142858,-13.318166666666665,3426.287,3457.031,3488.8597999999997,3457.03,3467.21,10.18,0.29
705,训练集,1.33,-12.973388888888888,-13.938857142857144,-13.324333333333334,3457.031,3426.287,3458.3331999999996,3411.1,3416.35,5.25,0.15
706,训练集,1.33,-12.975277777777777,-13.937000000000001,-13.309666666666667,3411.097,3457.031,3442.4188000000004,3460.65,3447.31,13.34,0.39
707,训练集,1.33,-12.95738888888889,-13.935000000000002,-13.277500000000002,3460.648,3411.097,3449.8696000000004,3494.28,3502.17,7.88,0.23
708,训练集,1.33,-12.929611111111113,-13.928857142857142,-13.262333333333332,3494.285,3460.648,3456.8142,3461.01,3464.65,3.64,0.11
709,训练集,1.33,-12.91111111111111,-13.912571428571427,-13.241999999999999,3461.01,3494.285,3461.2267999999995,3479.09,3472.49,6.61,0.19
710,训练集,1.33,-12.913444444444444,-13.917857142857144,-13.231000000000002,3479.094,3461.01,3492.4768000000004,3567.35,3565.54,1.81,0.05
711,训练集,1.33,-12.915500000000002,-13.922571428571429,-13.235333333333331,3567.347,3479.094,3512.9483999999998,3563.01,3564.25,1.24,0.03
712,训练集,1.33,-12.926222222222224,-13.932428571428572,-13.2495,3563.006,3567.347,3519.8206,3528.65,3531.52,2.87,0.08
713,训练集,1.33,-12.956111111111111,-13.937857142857142,-13.281333333333334,3528.646,3563.006,3532.6244000000006,3525.03,3534.24,9.22,0.26
714,训练集,1.33,-12.957666666666666,-13.960857142857142,-13.267999999999999,3525.029,3528.646,3550.1302000000005,3566.62,3569.28,2.66,0.07
715,训练集,1.33,-12.960666666666668,-13.973,-13.264833333333334,3566.623,3525.029,3537.8326,3505.86,3511.5,5.64,0.16
716,训练集,1.33,-12.951944444444443,-13.969142857142858,-13.252666666666668,3505.859,3566.623,3510.4888,3426.29,3428.45,2.17,0.06
717,训练集,1.33,-12.935777777777778,-13.960714285714285,-13.231499999999999,3426.287,3505.859,3483.1449999999995,3391.93,3403.04,11.12,0.33
718,训练集,1.33,-12.912944444444445,-13.95257142857143,-13.1915,3391.927,3426.287,3459.3458,3406.03,3396.48,9.55,0.28
719,训练集,1.33,-12.945555555555556,-13.958285714285712,-13.254833333333332,3406.033,3391.927,3416.8834,3354.31,3347.95,6.36,0.19
720,训练集,1.33,-12.97561111111111,-13.961285714285713,-13.289500000000002,3354.311,3406.033,3395.6161999999995,3399.52,3405.74,6.21,0.18
721,训练集,1.33,-13.009944444444443,-13.964,-13.355333333333334,3399.523,3354.311,3391.2760000000003,3404.59,3393.27,11.32,0.33
722,训练集,1.33,-13.004833333333332,-13.971571428571428,-13.350166666666668,3404.586,3399.523,3402.0544,3445.82,3429.97,15.85,0.46
723,训练集,1.33,-13.007000000000001,-13.977142857142857,-13.359833333333334,3445.819,3404.586,3416.739,3479.46,3478.73,0.73,0.02
724,训练集,1.33,-13.012722222222221,-13.979714285714284,-13.356499999999999,3479.456,3445.819,3451.6059999999998,3528.65,3533.55,4.91,0.14
725,训练集,1.33,-13.013666666666666,-13.986571428571429,-13.349166666666667,3528.646,3479.456,3486.8345999999997,3575.67,3576.66,1.0,0.03
726,训练集,1.33,-13.077666666666666,-14.05942857142857,-13.476833333333333,3575.666,3528.646,3516.3486000000003,3552.16,3541.92,10.24,0.29
727,训练集,1.33,-13.117722222222222,-14.121857142857142,-13.469500000000002,3552.156,3575.666,3523.076,3479.46,3493.26,13.8,0.4
728,训练集,1.33,-13.191388888888888,-14.274571428571429,-13.468000000000002,3479.456,3552.156,3514.3232,3435.69,3440.55,4.85,0.14
729,训练集,1.33,-13.171055555555554,-14.263714285714286,-13.444666666666668,3435.692,3479.456,3493.0558000000005,3422.31,3429.63,7.32,0.21
730,训练集,1.33,-13.144166666666667,-14.255285714285714,-13.442666666666668,3422.309,3435.692,3456.308,3391.93,3402.92,11.0,0.32
731,训练集,1.33,-13.142111111111113,-14.251142857142858,-13.424333333333331,3391.927,3422.309,3421.2240000000006,3376.74,3371.07,5.67,0.17
732,训练集,1.33,-13.16538888888889,-14.254428571428573,-13.45133333333333,3376.736,3391.927,3396.8462,3357.57,3347.17,10.4,0.31
733,训练集,1.33,-13.174833333333332,-14.248,-13.455166666666665,3357.567,3376.736,3373.6979999999994,3319.95,3323.19,3.24,0.1
734,训练集,1.33,-13.172555555555554,-14.248000000000001,-13.440666666666667,3319.951,3357.567,3342.3032,3265.34,3253.36,11.98,0.37
735,训练集,1.33,-13.166333333333332,-14.244428571428573,-13.4395,3265.335,3319.951,3318.4318,3272.57,3274.35,1.78,0.05
736,训练集,1.33,-13.163722222222223,-14.252999999999998,-13.434,3272.57,3265.335,3289.4966,3232.06,3240.97,8.91,0.28
737,训练集,1.33,-13.159722222222221,-14.247142857142858,-13.443,3232.06,3272.57,3266.493,3242.55,3246.62,4.07,0.13
738,训练集,1.33,-13.160111111111112,-14.231285714285717,-13.456000000000003,3242.549,3232.06,3245.8766,3216.87,3228.65,11.78,0.37
739,训练集,1.33,-13.175222222222224,-14.224714285714287,-13.473999999999998,3216.869,3242.549,3243.6341999999995,3254.12,3256.75,2.63,0.08
740,训练集,1.33,-13.18533333333333,-14.230714285714287,-13.473666666666666,3254.123,3216.869,3243.0554,3269.68,3255.12,14.56,0.45
741,训练集,1.33,-13.158999999999999,-14.23457142857143,-13.3915,3269.676,3254.123,3248.1914,3257.74,3267.69,9.95,0.31
742,训练集,1.33,-13.159611111111111,-14.232857142857142,-13.407666666666666,3257.74,3269.676,3256.6549999999997,3284.87,3307.46,22.59,0.69
743,训练集,1.33,-13.141055555555555,-14.228,-13.386000000000001,3284.867,3257.74,3271.0504,3288.85,3284.66,4.18,0.13
744,训练集,1.33,-13.113944444444444,-14.230999999999998,-13.36,3288.846,3284.867,3295.5730000000003,3376.74,3364.64,12.09,0.36
745,训练集,1.33,-13.090666666666667,-14.222857142857142,-13.331499999999998,3376.736,3288.846,3319.1551999999997,3387.59,3386.25,1.33,0.04
746,训练集,1.33,-13.095888888888888,-14.206428571428573,-13.332166666666668,3387.587,3376.736,3350.5498,3414.71,3417.19,2.48,0.07
747,训练集,1.33,-13.082944444444443,-14.207142857142856,-13.284166666666666,3414.713,3387.587,3375.0,3407.12,3425.07,17.95,0.53
748,训练集,1.33,-13.088500000000002,-14.206142857142854,-13.295499999999999,3407.118,3414.713,3396.3396000000002,3395.54,3389.02,6.53,0.19
749,训练集,1.33,-13.118111111111112,-14.209714285714286,-13.331333333333333,3395.544,3407.118,3400.1011999999996,3395.54,3396.84,1.3,0.04
750,训练集,1.33,-13.143499999999998,-14.207857142857145,-13.356833333333334,3395.544,3395.544,3383.3911999999996,3304.04,3305.08,1.04,0.03
751,训练集,1.33,-13.142944444444446,-14.208857142857143,-13.36,3304.037,3395.544,3364.4388,3319.95,3320.13,0.18,0.01
752,训练集,1.33,-13.122222222222222,-14.21342857142857,-13.396166666666666,3319.951,3304.037,3339.1205999999997,3280.53,3279.43,1.1,0.03
753,训练集,1.33,-13.113555555555557,-14.220428571428569,-13.419666666666666,3280.527,3319.951,3316.9852,3284.87,3280.52,4.35,0.13
754,训练集,1.33,-13.11288888888889,-14.218428571428573,-13.415166666666666,3284.867,3280.527,3301.8666,3319.95,3312.38,7.58,0.23
755,训练集,1.33,-13.118611111111113,-14.211428571428572,-13.401333333333334,3319.951,3284.867,3307.2918,3331.16,3320.1,11.06,0.33
756,训练集,1.33,-13.146333333333333,-14.217714285714283,-13.428166666666668,3331.163,3319.951,3292.6072,3246.53,3242.99,3.54,0.11
757,训练集,1.33,-13.152833333333334,-14.21442857142857,-13.436333333333335,3246.528,3331.163,3282.9138,3232.06,3233.27,1.21,0.04
758,训练集,1.33,-13.147555555555552,-14.210428571428569,-13.424500000000002,3232.06,3246.528,3273.7992,3239.29,3241.21,1.92,0.06
759,训练集,1.33,-13.134722222222221,-14.209142857142856,-13.430166666666667,3239.294,3232.06,3266.7823999999996,3284.87,3280.77,4.1,0.12
760,训练集,1.33,-13.128166666666667,-14.212571428571428,-13.436666666666666,3284.867,3239.294,3274.2332,3368.42,3360.17,8.24,0.24
761,训练集,1.33,-13.133166666666664,-14.219285714285713,-13.427833333333332,3368.417,3284.867,3291.1602,3331.16,3326.2,4.96,0.15
762,训练集,1.33,-13.124666666666668,-14.215857142857143,-13.392833333333334,3331.163,3368.417,3294.0538,3246.53,3250.45,3.92,0.12
763,训练集,1.33,-13.117666666666667,-14.196285714285713,-13.389166666666668,3246.528,3331.163,3277.9948000000004,3159.0,3152.56,6.44,0.2
764,训练集,1.33,-13.093833333333333,-14.180714285714284,-13.382166666666665,3158.999,3246.528,3247.3958,3131.87,3140.06,8.19,0.26
765,训练集,1.33,-13.078222222222223,-14.163857142857141,-13.355666666666666,3131.872,3158.999,3194.9507999999996,3106.19,3091.24,14.95,0.48
766,训练集,1.33,-13.062111111111111,-14.154285714285715,-13.335333333333333,3106.192,3131.872,3155.0926,3131.87,3131.33,0.54,0.02
767,训练集,1.33,-12.042,-14.129714285714286,-10.300333333333333,3131.872,3106.192,3122.5404,3083.77,3071.4,12.36,0.4
768,训练集,1.33,-12.982000000000001,-14.132999999999997,-13.092500000000001,3083.767,3131.872,3118.6341999999995,3139.47,3155.72,16.25,0.52
769,训练集,1.33,-12.116388888888887,-14.130857142857142,-10.536999999999999,3139.468,3083.767,3115.596,3116.68,3115.54,1.14,0.04
770,训练集,1.33,-12.078166666666668,-14.133714285714287,-10.404833333333332,3116.681,3139.468,3126.085,3158.64,3164.19,5.55,0.18
771,训练集,1.33,-12.273777777777777,-14.108,-11.03416666666667,3158.637,3116.681,3123.0468,3116.68,3116.43,0.25,0.01
772,训练集,1.33,-12.543611111111112,-14.095142857142857,-11.850333333333333,3116.681,3158.637,3119.864,3067.85,3071.64,3.79,0.12
773,训练集,1.33,-12.924222222222221,-14.08057142857143,-13.020166666666666,3067.853,3116.681,3114.511,3112.7,3131.05,18.35,0.59
774,训练集,1.33,-12.344444444444443,-14.066714285714285,-11.276000000000002,3112.703,3067.853,3118.996,3139.11,3121.19,17.92,0.57
775,训练集,1.33,-12.040444444444445,-14.046714285714284,-10.339833333333333,3139.106,3112.703,3117.5492,3151.4,3148.13,3.27,0.1
776,训练集,1.33,-12.469333333333333,-14.124428571428572,-11.446,3151.403,3139.106,3132.9572,3193.72,3205.15,11.42,0.36
777,训练集,1.33,-12.573666666666668,-14.232,-11.610333333333331,3193.721,3151.403,3152.6332,3166.23,3181.15,14.92,0.47
778,训练集,1.33,-13.204500000000001,-14.27585714285714,-13.466833333333334,3166.233,3193.721,3171.1516,3205.3,3179.96,25.34,0.79
779,训练集,1.33,-13.214722222222221,-14.294571428571428,-13.467333333333334,3205.295,3166.233,3187.283,3219.76,3211.22,8.55,0.27
780,训练集,1.33,-12.181388888888888,-14.352285714285713,-10.3665,3219.763,3205.295,3203.9208,3234.59,3231.44,3.15,0.1
781,训练集,1.33,-12.423166666666667,-14.345857142857144,-11.201,3234.592,3219.763,3224.4648,3296.44,3292.62,3.82,0.12
782,训练集,1.33,-13.044722222222223,-14.321857142857143,-13.158833333333332,3296.441,3234.592,3261.5018,3351.42,3354.42,3.01,0.09
783,训练集,1.33,-12.324666666666666,-14.306285714285716,-10.963333333333333,3351.418,3296.441,3282.0458,3308.02,3307.2,0.81,0.02
784,训练集,1.33,-13.041833333333335,-14.298714285714286,-13.096166666666667,3308.015,3351.418,3292.1006,3270.04,3270.97,0.94,0.03
785,训练集,1.33,-12.422,-14.295000000000002,-11.2505,3270.037,3308.015,3296.0068,3254.12,3256.25,2.13,0.07
786,训练集,1.33,-12.436555555555556,-14.296142857142858,-11.300666666666666,3254.123,3270.037,3279.1520000000005,3212.17,3214.24,2.08,0.06
787,训练集,1.33,-13.149222222222225,-14.28357142857143,-13.407166666666667,3212.167,3254.123,3238.932,3150.32,3141.23,9.09,0.29
788,训练集,1.33,-13.267722222222222,-14.287428571428572,-13.753000000000002,3150.318,3212.167,3205.2226,3139.47,3148.25,8.79,0.28
789,训练集,1.33,-12.169833333333335,-14.287000000000003,-10.451333333333332,3139.468,3150.318,3178.2406,3135.13,3131.66,3.47,0.11
790,训练集,1.33,-13.047333333333334,-14.284285714285714,-13.082166666666666,3135.127,3139.468,3158.2754,3154.3,3141.45,12.85,0.41
791,训练集,1.33,-13.329722222222223,-14.28042857142857,-13.915166666666666,3154.297,3135.127,3151.2588,3177.08,3181.15,4.06,0.13
792,训练集,1.33,-13.341555555555555,-14.279142857142856,-13.931833333333335,3177.084,3154.297,3168.186,3234.95,3238.23,3.28,0.1
793,训练集,1.33,-13.345444444444443,-14.279714285714283,-13.963,3234.954,3177.084,3208.0442000000003,3338.76,3322.57,16.19,0.48
794,训练集,1.33,-13.360055555555554,-14.294142857142859,-13.982666666666667,3338.759,3234.954,3254.7022,3368.42,3375.65,7.23,0.21
795,训练集,1.33,-13.359333333333334,-14.30942857142857,-13.954833333333333,3368.417,3338.759,3306.7853999999998,3414.71,3420.65,5.93,0.17
796,训练集,1.33,-13.249611111111111,-14.30157142857143,-13.609,3414.713,3368.417,3373.4086,3510.2,3523.22,13.02,0.37
797,训练集,1.33,-13.238222222222221,-14.308714285714288,-13.583666666666668,3510.2,3414.713,3441.4062,3574.94,3577.62,2.68,0.07
798,训练集,1.33,-13.184222222222225,-14.292857142857143,-13.433666666666667,3574.942,3510.2,3493.9236000000005,3601.35,3594.96,6.38,0.18
799,训练集,1.33,-13.137333333333332,-14.207571428571429,-13.442333333333332,3601.346,3574.942,3548.1047999999996,3639.32,3634.58,4.75,0.13
800,训练集,1.33,-13.085833333333333,-14.048142857142855,-13.460999999999999,3639.323,3601.346,3566.1169999999997,3504.77,3519.26,14.49,0.41
801,训练集,1.33,-13.07977777777778,-14.043571428571427,-13.453666666666665,3504.774,3639.323,3548.5388,3422.31,3414.0,8.31,0.24
802,训练集,1.33,-13.08238888888889,-14.042285714285716,-13.471166666666667,3422.309,3504.774,3517.3612000000003,3419.05,3418.01,1.04,0.03
803,训练集,1.33,-13.073944444444443,-14.031142857142855,-13.479666666666667,3419.054,3422.309,3481.5538,3422.31,3429.72,7.41,0.22
804,训练集,1.33,-13.058666666666667,-14.019285714285715,-13.468166666666667,3422.309,3419.054,3425.2025999999996,3357.57,3371.31,13.75,0.41
805,训练集,1.33,-13.071166666666668,-14.021857142857142,-13.466000000000001,3357.567,3422.309,3397.9312000000004,3368.42,3361.88,6.53,0.19
806,训练集,1.33,-13.06838888888889,-14.031,-13.466666666666667,3368.417,3357.567,3389.4678,3379.99,3368.03,11.96,0.35
807,训练集,1.33,-13.077499999999999,-14.047285714285712,-13.475833333333332,3379.992,3368.417,3390.1188,3422.31,3428.42,6.11,0.18
808,训练集,1.33,-13.08488888888889,-14.051428571428572,-13.482833333333334,3422.309,3379.992,3393.3016000000002,3438.22,3444.08,5.86,0.17
809,训练集,1.33,-13.088833333333334,-14.067571428571428,-13.475,3438.223,3422.309,3425.1301999999996,3516.71,3517.77,1.06,0.03
810,训练集,1.33,-13.119055555555557,-14.087428571428573,-13.572333333333333,3516.71,3438.223,3457.1760000000004,3528.65,3535.4,6.75,0.19
811,训练集,1.33,-13.127888888888888,-14.09185714285714,-13.584333333333333,3528.646,3516.71,3496.166,3574.94,3578.04,3.09,0.09
812,训练集,1.33,-13.150555555555556,-14.095714285714283,-13.577166666666665,3574.942,3528.646,3541.6665999999996,3649.81,3643.6,6.21,0.17
813,训练集,1.33,-13.142277777777776,-14.097428571428571,-13.584166666666667,3649.812,3574.942,3584.129,3650.54,3663.34,12.8,0.35
814,训练集,1.33,-13.153555555555556,-14.10442857142857,-13.589166666666666,3650.535,3649.812,3625.9404000000004,3725.77,3717.32,8.45,0.23
815,训练集,1.33,-13.162277777777778,-14.103857142857143,-13.595999999999998,3725.767,3650.535,3663.339,3715.64,3723.51,7.87,0.21
816,训练集,1.33,-13.167111111111112,-14.10742857142857,-13.594333333333333,3715.639,3725.767,3695.8911999999996,3737.7,3714.23,23.48,0.63
817,训练集,1.33,-13.149388888888888,-14.10742857142857,-13.579333333333333,3737.703,3715.639,3707.5376000000006,3708.04,3715.59,7.55,0.2
818,训练集,1.33,-13.14461111111111,-14.112285714285715,-13.565333333333333,3708.044,3737.703,3722.8010000000004,3726.85,3715.07,11.78,0.32
819,训练集,1.33,-13.154555555555554,-14.121857142857143,-13.566166666666668,3726.852,3708.044,3722.2946,3723.24,3727.54,4.31,0.12
820,训练集,1.33,-13.143166666666666,-14.122285714285713,-13.545166666666669,3723.235,3726.852,3710.142,3654.88,3663.72,8.84,0.24
821,训练集,1.33,-13.1535,-14.120285714285714,-13.566666666666665,3654.876,3723.235,3688.8746,3631.37,3632.9,1.53,0.04
822,训练集,1.33,-13.177222222222222,-14.12742857142857,-13.604666666666665,3631.366,3654.876,3647.5696,3501.52,3501.28,0.24,0.01
823,训练集,1.33,-13.17977777777778,-14.119714285714284,-13.616500000000002,3501.519,3631.366,3595.8480000000004,3468.24,3459.94,8.31,0.24
824,训练集,1.33,-12.668944444444444,-14.139,-12.076666666666668,3468.244,3501.519,3527.1994,3379.99,3371.93,8.06,0.24
825,训练集,1.33,-13.180777777777779,-14.150857142857143,-13.616833333333332,3379.992,3468.244,3466.9418000000005,3353.59,3353.42,0.17,0.0
826,训练集,1.33,-13.193,-14.144571428571428,-13.624,3353.588,3379.992,3393.7356,3265.34,3263.36,1.97,0.06
827,训练集,1.33,-13.207277777777778,-14.154857142857141,-13.6085,3265.335,3353.588,3336.0099999999998,3212.89,3217.77,4.88,0.15
828,训练集,1.33,-13.217166666666666,-14.164571428571431,-13.646833333333333,3212.891,3265.335,3315.3212,3364.8,3361.23,3.57,0.11
829,训练集,1.33,-13.213555555555555,-14.156142857142857,-13.644,3364.8,3212.891,3300.9258,3308.02,3293.86,14.16,0.43
830,训练集,1.33,-13.222722222222222,-14.150428571428574,-13.621833333333335,3308.015,3364.8,3303.8916,3368.42,3360.48,7.94,0.24
831,训练集,1.33,-13.208277777777777,-14.131714285714285,-13.613833333333334,3368.417,3308.015,3320.8912000000005,3350.33,3337.54,12.79,0.38
832,训练集,1.33,-12.7645,-14.145714285714286,-12.263666666666666,3350.333,3368.417,3352.7922,3372.4,3384.66,12.26,0.36
833,训练集,1.33,-13.228333333333332,-14.157285714285715,-13.641,3372.396,3350.333,3362.7025999999996,3414.35,3407.01,7.34,0.21
834,训练集,1.33,-13.246611111111111,-14.157,-13.647,3414.352,3372.396,3368.1279999999997,3335.14,3328.92,6.23,0.19
835,训练集,1.33,-13.180666666666667,-14.090714285714286,-13.526333333333334,3335.142,3414.352,3363.7153999999996,3346.35,3355.24,8.89,0.27
836,训练集,1.33,-13.163222222222224,-14.10657142857143,-13.467999999999998,3346.354,3335.142,3355.2518000000005,3308.02,3291.69,16.33,0.49
837,训练集,1.33,-12.918444444444445,-14.10957142857143,-12.6255,3308.015,3346.354,3335.3588000000004,3272.93,3282.68,9.75,0.3
838,训练集,1.33,-13.100166666666667,-14.123,-13.161833333333332,3272.931,3308.015,3346.1371999999997,3468.24,3465.94,2.3,0.07
839,训练集,1.33,-13.200944444444445,-14.174000000000001,-13.4375,3468.244,3272.931,3388.0208,3544.56,3547.15,2.59,0.07
840,训练集,1.33,-13.187999999999999,-14.167285714285713,-13.430833333333332,3544.56,3468.244,3371.7448000000004,3264.97,3287.3,22.33,0.68
841,训练集,1.33,-13.135555555555555,-14.156428571428572,-13.427166666666666,3264.974,3544.56,3372.4682000000003,3311.63,3314.42,2.79,0.08
842,训练集,1.33,-13.141555555555556,-14.13142857142857,-13.337166666666668,3311.632,3264.974,3370.2258,3261.72,3266.77,5.05,0.15
843,训练集,1.33,-13.100166666666667,-14.120428571428572,-13.354666666666667,3261.719,3311.632,3345.8478000000005,3346.35,3341.25,5.1,0.15
844,训练集,1.33,-13.115,-14.125714285714285,-13.360666666666667,3346.354,3261.719,3321.3976000000002,3422.31,3421.19,1.12,0.03
845,训练集,1.33,-13.113277777777776,-14.118428571428572,-13.368666666666668,3422.309,3346.354,3347.5116000000003,3395.54,3401.49,5.95,0.18
846,训练集,1.33,-12.770777777777777,-14.145714285714288,-12.326500000000001,3395.544,3422.309,3367.4046000000003,3411.1,3408.86,2.24,0.07
847,训练集,1.33,-13.131666666666666,-14.129999999999999,-13.429,3411.097,3395.544,3386.5742,3357.57,3348.71,8.85,0.26
848,训练集,1.33,-13.232166666666664,-14.219857142857146,-13.531,3357.567,3411.097,3404.1524,3434.24,3433.6,0.65,0.02
849,训练集,1.33,-13.314388888888889,-14.373714285714287,-13.538499999999999,3434.245,3357.567,3398.0759999999996,3391.93,3398.57,6.64,0.2
850,训练集,1.33,-13.319722222222222,-14.376714285714284,-13.544333333333334,3391.927,3434.245,3426.2156000000004,3536.24,3534.09,2.15,0.06
851,训练集,1.33,-13.333388888888889,-14.382142857142858,-13.5745,3536.242,3391.927,3471.8608,3639.32,3630.22,9.1,0.25
852,训练集,1.33,-13.328055555555554,-14.390714285714283,-13.564833333333334,3639.323,3536.242,3528.429,3640.41,3643.69,3.29,0.09
853,训练集,1.33,-13.299166666666665,-14.368857142857141,-13.530666666666667,3640.408,3639.323,3575.5934,3670.07,3655.09,14.98,0.41
854,训练集,1.33,-13.30538888888889,-14.37742857142857,-13.532000000000002,3670.067,3640.408,3623.4811999999997,3631.37,3622.48,8.89,0.24
855,训练集,1.33,-13.308222222222222,-14.377571428571429,-13.561999999999998,3631.366,3670.067,3647.9314,3658.49,3663.12,4.63,0.13
856,训练集,1.33,-13.348055555555556,-14.390571428571429,-13.572333333333335,3658.493,3631.366,3670.7902000000004,3753.62,3780.02,26.4,0.7
857,训练集,1.33,-13.365444444444442,-14.403,-13.576500000000001,3753.617,3658.493,3345.3417999999997,2013.17,1991.3,21.86,1.09
858,训练集,1.33,-13.388833333333334,-14.412714285714285,-13.596666666666666,2013.166,3753.617,3187.5002,2880.86,2894.78,13.92,0.48
859,训练集,1.33,-13.402055555555556,-14.423285714285715,-13.607833333333332,2880.859,2013.166,3218.0991999999997,3784.36,3776.51,7.85,0.21
860,训练集,1.33,-13.40788888888889,-14.45257142857143,-13.623000000000003,3784.361,2880.859,3265.9868,3897.93,3901.67,3.74,0.1
861,训练集,1.33,-13.3875,-14.460571428571429,-13.625,3897.931,3784.361,3280.382,3825.59,3820.51,5.09,0.13
862,训练集,1.33,-13.376000000000001,-14.462285714285715,-13.632999999999997,3825.593,3897.931,3632.1614,3772.06,3769.04,3.02,0.08
863,训练集,1.33,-13.355944444444443,-14.458,-13.563666666666668,3772.063,3825.593,3796.9474,3704.79,3722.57,17.78,0.48
864,训练集,1.33,-13.352444444444444,-14.458142857142859,-13.557833333333333,3704.789,3772.063,3773.1482000000005,3665.36,3662.05,3.32,0.09
865,训练集,1.33,-13.356722222222222,-14.449285714285717,-13.552333333333335,3665.365,3704.789,3707.0314,3567.35,3578.53,11.18,0.31
866,训练集,1.33,-13.356388888888889,-14.442000000000002,-13.545833333333334,3567.347,3665.365,3638.5998,3483.44,3487.69,4.25,0.12
867,训练集,1.33,-13.458666666666666,-14.55542857142857,-13.666833333333331,3483.435,3567.347,3582.321,3490.67,3503.56,12.89,0.37
868,训练集,1.33,-13.501833333333332,-14.712571428571424,-13.653999999999998,3490.669,3483.435,3532.697,3456.67,3456.04,0.63,0.02
869,训练集,1.33,-13.518333333333334,-14.718142857142857,-13.704166666666666,3456.669,3490.669,3500.0002,3501.88,3504.84,2.96,0.08
870,训练集,1.33,-13.52988888888889,-14.725428571428571,-13.725666666666664,3501.881,3456.669,3499.2767999999996,3563.73,3553.4,10.33,0.29
871,训练集,1.33,-13.499666666666668,-14.720571428571429,-13.6965,3563.73,3501.881,3520.6164,3590.13,3579.73,10.4,0.29
872,训练集,1.33,-13.499166666666664,-14.729857142857144,-13.69,3590.133,3563.73,3513.0932000000003,3453.05,3464.84,11.79,0.34
873,训练集,1.33,-13.499055555555557,-14.728285714285715,-13.694333333333333,3453.053,3590.133,3487.9919999999997,3331.16,3317.59,13.57,0.41
874,训练集,1.33,-13.490055555555555,-14.716857142857146,-13.662166666666666,3331.163,3453.053,3446.036,3292.1,3300.22,8.12,0.25
875,训练集,1.33,-13.463277777777778,-14.695285714285715,-13.612333333333334,3292.101,3331.163,3386.357,3265.34,3255.35,9.98,0.31
876,训练集,1.33,-13.455166666666665,-14.683285714285715,-13.617333333333333,3265.335,3292.101,3332.3206,3319.95,3327.29,7.34,0.22
877,训练集,1.33,-13.454388888888888,-14.682,-13.658333333333333,3319.951,3265.335,3318.4316,3383.61,3366.67,16.94,0.5
878,训练集,1.33,-13.452333333333334,-14.692285714285717,-13.68,3383.608,3319.951,3345.1968,3464.99,3472.15,7.16,0.21
879,训练集,1.33,-13.465055555555555,-14.699428571428571,-13.705833333333333,3464.989,3383.608,3379.7744000000007,3464.99,3476.68,11.69,0.34
880,训练集,1.33,-13.498666666666667,-14.732142857142858,-13.743666666666668,3464.989,3464.989,3418.9093999999996,3461.01,3461.3,0.29,0.01
881,训练集,1.33,-13.5095,-14.742857142857142,-13.738166666666666,3461.01,3464.989,3451.5337999999997,3483.07,3495.72,12.65,0.36
882,训练集,1.33,-13.499444444444444,-14.736428571428572,-13.709166666666668,3483.073,3461.01,3454.4998,3398.44,3392.41,6.02,0.18
883,训练集,1.33,-13.502722222222223,-14.736571428571427,-13.710666666666667,3398.438,3483.073,3448.2786,3433.88,3434.85,0.96,0.03
884,训练集,1.33,-13.488833333333332,-14.733142857142857,-13.642833333333334,3433.883,3398.438,3435.113,3399.16,3411.8,12.64,0.37
885,训练集,1.33,-13.527722222222224,-14.745285714285714,-13.685333333333334,3399.161,3433.883,3421.1517999999996,3391.2,3396.13,4.93,0.15
886,训练集,1.33,-13.547555555555554,-14.747714285714286,-13.685000000000002,3391.204,3399.161,3390.0464,3327.55,3316.82,10.73,0.32
887,训练集,1.33,-13.574944444444444,-14.761428571428569,-13.717333333333334,3327.546,3391.204,3372.8297999999995,3312.36,3323.14,10.78,0.33
888,训练集,1.33,-13.548944444444444,-14.752857142857142,-13.71566666666667,3312.355,3327.546,3350.0434,3319.95,3317.18,2.77,0.08
889,训练集,1.33,-13.52161111111111,-14.744857142857144,-13.696666666666665,3319.951,3312.355,3324.7974000000004,3272.93,3269.69,3.24,0.1
890,训练集,1.33,-13.496166666666667,-14.732285714285712,-13.681833333333332,3272.931,3319.951,3291.4496,3224.46,3227.56,3.1,0.1
891,训练集,1.33,-13.514833333333334,-14.728714285714286,-13.7005,3224.465,3272.931,3272.2802,3231.7,3234.56,2.86,0.09
892,训练集,1.33,-13.49138888888889,-14.714142857142855,-13.672333333333333,3231.699,3224.465,3266.7826,3284.87,3282.04,2.83,0.09
893,训练集,1.33,-13.463722222222222,-14.694714285714285,-13.641999999999998,3284.867,3231.699,3265.9867999999997,3315.97,3313.05,2.92,0.09
894,训练集,1.33,-13.373666666666665,-14.572142857142856,-13.506333333333332,3315.972,3284.867,3268.3740000000003,3284.87,3288.18,3.31,0.1
895,训练集,1.33,-13.322277777777778,-14.412571428571429,-13.496166666666667,3284.867,3315.972,3272.7866000000004,3246.53,3243.67,2.86,0.09
896,训练集,1.33,-13.301944444444445,-14.384,-13.460500000000001,3246.528,3284.867,3259.0422,3162.98,3166.88,3.9,0.12
897,训练集,1.33,-13.280555555555555,-14.358571428571429,-13.456499999999998,3162.977,3246.528,3218.6052,3082.68,3093.26,10.57,0.34
898,训练集,1.33,-13.272388888888887,-14.340714285714286,-13.451,3082.682,3162.977,3171.2238,3079.06,3056.99,22.07,0.72
899,训练集,1.33,-13.216222222222221,-14.262857142857143,-13.401666666666666,3079.065,3082.682,3142.144,3139.47,3157.89,18.42,0.59
900,训练集,1.33,-13.206944444444444,-14.206999999999999,-13.427,3139.468,3079.065,3117.6214,3123.92,3130.92,7.01,0.22
901,训练集,1.33,-13.209944444444446,-14.234142857142857,-13.441666666666665,3123.915,3139.468,3112.7024,3138.38,3134.53,3.85,0.12
902,训练集,1.33,-13.206555555555557,-14.232571428571427,-13.462666666666665,3138.382,3123.915,3126.2296,3150.32,3151.12,0.81,0.03
903,训练集,1.33,-13.241055555555556,-14.225142857142858,-13.56533333333333,3150.318,3138.382,3145.2545999999998,3174.19,3137.99,36.2,1.14
904,训练集,1.33,-13.23611111111111,-14.231428571428571,-13.539166666666667,3174.19,3150.318,3159.0710000000004,3208.55,3234.26,25.71,0.8
905,训练集,1.33,-13.214055555555554,-14.233714285714287,-13.529499999999999,3208.55,3174.19,3188.0786,3268.95,3268.43,0.52,0.02
906,训练集,1.33,-13.2085,-14.226714285714285,-13.530499999999998,3268.953,3208.55,3236.4006,3379.99,3376.32,3.68,0.11
907,训练集,1.33,-13.215611111111109,-14.238142857142858,-13.535666666666666,3379.992,3268.953,3287.7606,3407.12,3423.19,16.07,0.47
908,训练集,1.33,-13.248166666666664,-14.257714285714286,-13.602833333333335,3407.118,3379.992,3336.7334,3419.05,3410.8,8.26,0.24
909,训练集,1.33,-13.267222222222223,-14.26442857142857,-13.659333333333334,3419.054,3407.118,3374.1322,3395.54,3406.96,11.42,0.34
910,训练集,1.33,-13.322666666666668,-14.265857142857142,-13.806333333333333,3395.544,3419.054,3392.5782,3361.18,3356.14,5.05,0.15
911,训练集,1.33,-13.366666666666667,-14.255714285714285,-13.959333333333333,3361.183,3395.544,3379.0508,3312.36,3313.42,1.06,0.03
912,训练集,1.33,-13.388777777777777,-14.25842857142857,-14.072333333333333,3312.355,3361.183,3348.4518,3254.12,3250.54,3.58,0.11
913,训练集,1.33,-13.422111111111112,-14.266857142857145,-14.12266666666667,3254.123,3312.355,3305.7,3205.3,3212.55,7.26,0.23
914,训练集,1.33,-13.424277777777778,-14.275142857142857,-14.075166666666666,3205.295,3254.123,3274.45,3239.29,3229.92,9.38,0.29
915,训练集,1.33,-13.461500000000001,-14.290999999999999,-14.168,3239.294,3205.295,3249.3488,3235.68,3243.6,7.92,0.24
916,训练集,1.33,-13.447000000000001,-14.295857142857145,-14.195999999999998,3235.677,3239.294,3249.2041999999997,3311.63,3322.01,10.37,0.31
917,训练集,1.33,-13.4425,-14.30157142857143,-14.220500000000001,3311.632,3235.677,3263.0932000000003,3323.57,3320.62,2.95,0.09
918,训练集,1.33,-13.395722222222224,-14.309285714285716,-14.103166666666665,3323.568,3311.632,3294.2708,3361.18,3371.8,10.61,0.32
919,训练集,1.33,-13.336277777777777,-14.304285714285712,-13.898166666666667,3361.183,3323.568,3327.0398,3403.14,3399.65,3.49,0.1
920,训练集,1.33,-13.2805,-14.21042857142857,-13.808166666666665,3403.139,3361.183,3363.6428,3418.69,3402.7,15.99,0.47
921,训练集,1.33,-13.259999999999998,-14.195142857142857,-13.725500000000002,3418.692,3403.139,3385.7781999999997,3422.31,3429.41,7.1,0.21
922,训练集,1.33,-13.205000000000002,-14.113857142857144,-13.618833333333335,3422.309,3418.692,3408.4921999999997,3437.14,3444.81,7.67,0.22
923,训练集,1.33,-13.183277777777779,-14.076714285714287,-13.610500000000002,3437.138,3422.309,3426.1428,3449.44,3449.82,0.39,0.01
924,训练集,1.33,-13.127833333333333,-14.029142857142858,-13.515166666666666,3449.436,3437.138,3430.7724000000003,3426.29,3417.27,9.02,0.26
925,训练集,1.33,-12.878833333333333,-14.016285714285715,-12.786166666666668,3426.287,3449.436,3421.5132,3372.4,3385.55,13.15,0.39
926,训练集,1.33,-13.095333333333334,-14.065,-13.382166666666668,3372.396,3426.287,3410.0114000000003,3364.8,3358.58,6.22,0.18
927,训练集,1.33,-13.11661111111111,-14.145714285714286,-13.347833333333332,3364.8,3372.396,3402.4884000000006,3399.52,3391.89,7.63,0.22
928,训练集,1.33,-13.126,-14.135142857142856,-13.370666666666667,3399.523,3364.8,3387.8038,3376.01,3364.19,11.82,0.35
929,训练集,1.33,-13.121277777777776,-14.159857142857145,-13.327499999999999,3376.013,3399.523,3375.5063999999998,3364.8,3384.31,19.51,0.58
930,训练集,1.33,-13.104555555555557,-14.136714285714287,-13.350499999999998,3364.8,3376.013,3360.3154000000004,3296.44,3290.93,5.51,0.17
931,训练集,1.33,-13.13583333333333,-14.121142857142855,-13.465499999999999,3296.441,3364.8,3343.6054000000004,3281.25,3283.58,2.33,0.07
932,训练集,1.33,-13.142944444444446,-14.114428571428572,-13.484166666666667,3281.25,3296.441,3329.9334000000003,3331.16,3331.08,0.08,0.0
933,训练集,1.33,-13.138666666666666,-14.137285714285714,-13.480666666666666,3331.163,3281.25,3323.2781999999997,3342.74,3339.9,2.84,0.08
934,训练集,1.33,-13.166055555555555,-14.157,-13.51,3342.737,3331.163,3306.5682,3281.25,3287.07,5.82,0.18
935,训练集,1.33,-13.202333333333334,-14.180142857142858,-13.542333333333332,3281.25,3342.737,3286.8200000000006,3197.7,3198.0,0.3,0.01
936,训练集,1.33,-13.260055555555557,-14.193857142857144,-13.647833333333331,3197.7,3281.25,3257.0168000000003,3132.23,3137.8,5.57,0.18
937,训练集,1.33,-13.245611111111112,-14.19714285714286,-13.636666666666665,3132.234,3197.7,3190.5382,2998.77,3012.86,14.09,0.47
938,训练集,1.33,-13.229833333333334,-14.189285714285713,-13.643666666666666,2998.77,3132.234,3119.5746,2987.92,2981.66,6.26,0.21
939,训练集,1.33,-13.22661111111111,-14.188142857142855,-13.630500000000003,2987.919,2998.77,3069.9507999999996,3033.13,3037.23,4.1,0.14
940,训练集,1.33,-13.233,-14.196714285714284,-13.637666666666666,3033.131,2987.919,3050.9982,3102.94,3111.26,8.32,0.27
941,训练集,1.31,-13.131833333333335,-14.108142857142857,-13.533499999999998,3102.937,3033.131,3075.3759999999997,3254.12,3268.44,14.32,0.44
942,训练集,1.31,-13.121611111111111,-14.016999999999998,-13.575666666666665,3254.123,3102.937,3126.4466,3254.12,3247.46,6.66,0.2
943,训练集,1.31,-13.129166666666666,-14.03914285714286,-13.525500000000001,3254.123,3254.123,3182.798,3269.68,3260.37,9.3,0.28
944,训练集,1.31,-13.1425,-14.070857142857147,-13.543333333333335,3269.676,3254.123,3225.5496,3246.89,3258.83,11.94,0.37
945,训练集,1.31,-13.141555555555556,-14.071714285714288,-13.543999999999999,3246.889,3269.676,3249.8552,3224.46,3228.18,3.71,0.12
946,训练集,1.29,-13.133888888888887,-14.069714285714285,-13.545166666666667,3224.465,3246.889,3247.5404000000003,3242.55,3246.84,4.29,0.13
947,训练集,1.29,-13.160555555555554,-14.083,-13.532166666666667,3242.549,3224.465,3243.7788,3235.32,3238.33,3.02,0.09
948,训练集,1.29,-13.176499999999997,-14.10214285714286,-13.540833333333332,3235.315,3242.549,3233.2174,3216.87,3221.36,4.5,0.14
949,训练集,1.29,-13.180277777777778,-14.091857142857146,-13.53433333333333,3216.869,3235.315,3221.6434,3189.02,3198.32,9.3,0.29
950,训练集,1.29,-13.194166666666668,-14.089571428571428,-13.560833333333333,3189.019,3216.869,3208.5502,3159.0,3161.48,2.48,0.08
951,训练集,1.29,-13.195388888888889,-14.093571428571428,-13.564166666666667,3158.999,3189.019,3188.0062,3139.83,3130.34,9.49,0.3
952,训练集,1.29,-13.178833333333333,-14.07957142857143,-13.552333333333332,3139.829,3158.999,3187.0660000000003,3230.61,3247.54,16.92,0.52
953,训练集,1.29,-13.158833333333334,-14.065285714285716,-13.547666666666666,3230.614,3139.829,3199.0742,3276.91,3286.1,9.19,0.28
954,训练集,1.31,-13.167777777777777,-14.065857142857142,-13.5435,3276.91,3230.614,3229.8178,3342.74,3331.57,11.16,0.33
955,训练集,1.31,-13.163000000000002,-14.060142857142859,-13.511833333333334,3342.737,3276.91,3281.7563999999998,3418.69,3419.68,0.99,0.03
956,训练集,1.31,-13.169333333333332,-14.056857142857142,-13.550166666666668,3418.692,3342.737,3348.886,3475.48,3484.49,9.02,0.26
957,训练集,1.31,-13.169444444444444,-14.058857142857144,-13.547833333333331,3475.477,3418.692,3420.0663999999997,3586.52,3572.77,13.75,0.38
958,训练集,1.31,-13.175555555555555,-14.072285714285714,-13.532833333333334,3586.516,3475.477,3483.4343999999996,3593.75,3579.84,13.91,0.39
959,训练集,1.31,-13.166777777777778,-14.090857142857143,-13.543166666666666,3593.75,3586.516,3535.8072,3604.6,3604.23,0.37,0.01
960,训练集,1.31,-13.235166666666666,-14.18557142857143,-13.6445,3604.601,3593.75,3589.1202000000003,3685.26,3689.11,3.85,0.1
961,训练集,1.31,-13.295499999999999,-14.264857142857144,-13.660000000000002,3685.257,3604.601,3621.817,3638.96,3636.1,2.86,0.08
962,训练集,1.31,-13.347111111111111,-14.410142857142857,-13.664166666666667,3638.961,3685.257,3617.4044000000004,3564.45,3562.5,1.96,0.05
963,训练集,1.31,-13.345777777777778,-14.402714285714284,-13.664500000000002,3564.453,3638.961,3642.5055999999995,3719.26,3738.26,19.0,0.51
964,训练集,1.31,-13.335555555555556,-14.394714285714286,-13.651000000000002,3719.256,3564.453,3662.1814,3702.98,3687.81,15.17,0.41
965,训练集,1.31,-13.34138888888889,-14.389,-13.662333333333335,3702.98,3719.256,3652.9222,3638.96,3625.98,12.98,0.36
966,训练集,1.31,-13.473,-14.53,-13.812,3638.961,3702.98,3659.8666,3673.68,3686.79,13.11,0.36
967,训练集,1.31,-13.662888888888888,-14.838857142857139,-14.025666666666666,3673.683,3638.961,3680.9894,3670.07,3677.54,7.48,0.2
968,训练集,1.31,-13.921333333333333,-15.166857142857141,-14.277500000000002,3670.067,3673.683,3701.6782,3822.7,3819.37,3.33,0.09
969,训练集,1.31,-14.231611111111114,-15.667285714285711,-14.463166666666666,3822.7,3670.067,3744.4300000000003,3916.74,3894.98,21.76,0.56
970,训练集,1.31,-14.361055555555557,-15.969857142857142,-14.449666666666667,3916.739,3822.7,3844.9074,4141.35,4150.1,8.76,0.21
971,训练集,1.31,-14.415,-16.044999999999998,-14.500666666666666,4141.348,3916.739,3972.2945999999997,4310.62,4296.98,13.64,0.32
972,训练集,1.31,-14.507388888888888,-16.196285714285718,-14.578833333333336,4310.619,4141.348,4127.6042,4446.62,4462.69,16.08,0.36
973,训练集,1.32,-14.535388888888892,-16.276857142857146,-14.591833333333334,4446.615,4310.619,4237.123799999999,4370.3,4376.35,6.06,0.14
974,训练集,1.32,-14.521166666666668,-16.277714285714286,-14.601500000000001,4370.298,4446.615,4335.431,4408.27,4411.48,3.2,0.07
975,训练集,1.32,-14.583277777777775,-16.280571428571427,-14.748999999999997,4408.275,4370.298,4397.1354,4449.87,4446.58,3.29,0.07
976,训练集,1.32,-14.2675,-15.976857142857144,-14.350833333333334,4449.87,4408.275,4417.8242,4414.06,4430.02,15.96,0.36
977,训练集,1.32,-13.97261111111111,-15.436285714285715,-14.258666666666665,4414.063,4449.87,4382.016799999999,4267.58,4244.92,22.66,0.53
978,训练集,1.32,-13.79861111111111,-15.093285714285715,-14.089,4267.578,4414.063,4319.8062,4059.24,4052.01,7.24,0.18
979,训练集,1.32,-13.62888888888889,-14.853714285714286,-13.959166666666667,4059.245,4267.578,4174.551600000001,3682.0,3687.92,5.91,0.16
980,训练集,1.32,-13.468666666666667,-14.653142857142857,-13.758833333333333,3682.002,4059.245,3959.0568,3372.4,3370.81,1.59,0.05
981,训练集,1.32,-13.434611111111112,-14.465142857142856,-13.871833333333333,3372.396,3682.002,3712.7460000000005,3182.51,3171.28,11.23,0.35
982,训练集,1.32,-13.13261111111111,-14.179142857142855,-13.567166666666665,3182.509,3372.396,3505.5701999999997,3231.7,3228.34,3.36,0.1
983,训练集,1.32,-13.174111111111111,-13.952285714285713,-13.703000000000001,3231.699,3182.509,3366.175,3362.27,3364.52,2.25,0.07
984,训练集,1.33,-13.144944444444446,-13.89614285714286,-13.594666666666667,3362.269,3231.699,3217.3758000000003,2938.01,2933.0,5.0,0.17
985,训练集,1.33,-13.351944444444444,-13.907285714285715,-13.5645,2938.006,3362.269,3226.7074000000002,3419.05,3422.49,3.44,0.1
986,训练集,1.33,-13.133388888888888,-13.890285714285714,-13.53716666666667,3419.054,2938.006,3238.0644,3239.29,3244.68,5.39,0.17
987,训练集,1.33,-12.898444444444443,-13.880428571428572,-13.538666666666666,3239.294,3419.054,3203.0528,3056.64,3061.53,4.89,0.16
988,训练集,1.35,-13.397777777777778,-14.053714285714284,-13.749,3056.641,3239.294,3128.9064,2991.54,2997.27,5.73,0.19
989,训练集,1.35,-13.301722222222224,-14.287999999999998,-13.765500000000001,2991.537,3056.641,3161.0969999999998,3098.96,3100.3,1.34,0.04
990,训练集,1.35,-13.294277777777777,-14.265285714285714,-13.770833333333336,3098.959,2991.537,3111.2562,3169.85,3167.69,2.16,0.07
991,训练集,1.35,-13.33588888888889,-14.282857142857143,-13.858500000000001,3169.85,3098.959,3119.5027999999998,3280.53,3292.11,11.58,0.35
992,训练集,1.35,-13.351111111111111,-14.295142857142858,-13.866000000000001,3280.527,3169.85,3168.982,3304.04,3302.2,1.84,0.06
993,训练集,1.35,-13.44511111111111,-14.35,-14.007333333333335,3304.037,3280.527,3216.2185999999997,3227.72,3226.24,1.48,0.05
994,训练集,1.35,-13.505444444444445,-14.421428571428573,-13.994,3227.72,3304.037,3236.6178,3200.96,3208.39,7.44,0.23
995,训练集,1.35,-13.5945,-14.595714285714283,-14.01233333333333,3200.955,3227.72,3230.469,3139.11,3141.91,2.81,0.09
996,训练集,1.35,-13.600222222222222,-14.600285714285715,-14.012166666666667,3139.106,3200.955,3215.3502,3204.93,3207.06,2.13,0.07
997,训练集,1.35,-13.615111111111112,-14.621142857142859,-14.018500000000001,3204.933,3139.106,3197.6996,3215.78,3212.89,2.89,0.09
998,训练集,1.35,-13.630055555555556,-14.626000000000001,-14.033333333333331,3215.784,3204.933,2752.17,1000.07,987.41,12.66,1.27
999,训练集,1.35,-13.634055555555555,-14.629428571428571,-14.028666666666666,1000.072,3215.784,2128.1828,81.02,83.03,2.01,2.48
1000,训练集,1.35,-13.506277777777777,-14.526714285714288,-13.9065,81.019,1000.072,1505.353,24.96,33.89,8.93,35.79
1001,训练集,1.35,-13.438888888888888,-14.382142857142858,-13.850500000000002,24.957,81.019,1539.2796000000003,3374.57,3373.23,1.33,0.04
1002,训练集,1.35,-13.397277777777775,-14.40585714285714,-13.6905,3374.566,24.957,1581.3802,3426.29,3430.26,3.98,0.12
1003,训练集,1.35,-13.414388888888887,-14.415142857142856,-13.711333333333334,3426.287,3374.566,2065.8275999999996,3422.31,3424.7,2.4,0.07
1004,训练集,1.35,-13.419666666666666,-14.430714285714288,-13.730500000000001,3422.309,3426.287,2735.7493999999997,3430.63,3435.07,4.44,0.13
1005,训练集,1.35,-13.383000000000001,-14.418571428571427,-13.711333333333334,3430.628,3422.309,3435.7637999999997,3525.03,3503.03,22.0,0.62
1006,训练集,1.35,-13.405666666666665,-14.432285714285715,-13.730833333333335,3525.029,3430.628,3473.5966,3563.73,3574.19,10.46,0.29
1007,训练集,1.35,-13.416777777777778,-14.444571428571427,-13.741,3563.73,3525.029,3515.4804000000004,3635.71,3638.39,2.68,0.07
1008,训练集,1.35,-13.433833333333334,-14.458142857142857,-13.7305,3635.706,3563.73,3560.8362,3649.09,3651.0,1.91,0.05
1009,训练集,1.35,-13.448444444444444,-14.459999999999999,-13.734166666666667,3649.088,3635.706,3597.9456000000005,3616.18,3615.55,0.63,0.02
1010,训练集,1.35,-13.465666666666667,-14.467714285714285,-13.728166666666668,3616.175,3649.088,3605.6858,3563.73,3562.18,1.55,0.04
1011,训练集,1.35,-13.473722222222223,-14.482285714285714,-13.712333333333333,3563.73,3616.175,3615.379,3612.2,3610.06,2.14,0.06
1012,训练集,1.35,-13.471333333333332,-14.46942857142857,-13.715666666666666,3612.196,3563.73,3594.7628000000004,3532.62,3524.88,7.74,0.22
1013,训练集,1.35,-13.468388888888889,-14.484285714285717,-13.701833333333331,3532.625,3612.196,3565.3214,3501.88,3499.25,2.63,0.08
1014,训练集,1.35,-13.484222222222222,-14.483571428571429,-13.786333333333332,3501.881,3532.625,3536.6032,3472.58,3468.23,4.35,0.13
1015,训练集,1.35,-13.51527777777778,-14.480999999999998,-13.864333333333333,3472.584,3501.881,3514.0336,3450.88,3452.21,1.33,0.04
1016,训练集,1.33,-13.54438888888889,-14.47,-13.945,3450.882,3472.584,3482.2774,3453.42,3451.54,1.87,0.05
1017,训练集,1.33,-13.531333333333333,-14.457285714285716,-13.938833333333335,3453.415,3450.882,3467.9544,3461.01,3466.78,5.77,0.17
1018,训练集,1.33,-13.531833333333333,-14.458714285714288,-13.969666666666663,3461.01,3453.415,3440.5382,3364.8,3364.41,0.39,0.01
1019,训练集,1.33,-13.514000000000001,-14.447999999999999,-13.958499999999999,3364.8,3461.01,3405.3095999999996,3296.44,3287.29,9.15,0.28
1020,训练集,1.33,-13.418888888888887,-14.437714285714284,-13.760666666666667,3296.441,3364.8,3376.7362000000003,3308.02,3311.04,3.02,0.09
1021,训练集,1.33,-13.402944444444444,-14.426285714285713,-13.721166666666667,3308.015,3296.441,3349.2476,3315.97,3311.48,4.49,0.14
1022,训练集,1.33,-13.407166666666667,-14.434714285714287,-13.731166666666669,3315.972,3308.015,3326.8228000000004,3348.89,3351.22,2.34,0.07
1023,训练集,1.33,-13.399277777777778,-14.434142857142856,-13.7035,3348.886,3315.972,3323.1336,3346.35,3352.1,5.74,0.17
1024,训练集,1.33,-13.417055555555557,-14.444714285714287,-13.702,3346.354,3348.886,3320.8188,3284.87,3293.4,8.53,0.26
1025,训练集,1.33,-13.421666666666667,-14.447714285714286,-13.703999999999999,3284.867,3346.354,3297.96,3193.72,3190.84,2.88,0.09
1026,训练集,1.33,-13.415166666666666,-14.439285714285717,-13.705166666666669,3193.721,3284.867,3272.7864,3190.1,3185.84,4.26,0.13
1027,训练集,1.33,-13.392333333333333,-14.425857142857144,-13.659500000000001,3190.104,3193.721,3241.6809999999996,3193.36,3192.31,1.05,0.03
1028,训练集,1.35,-13.359333333333332,-14.415000000000001,-13.6475,3193.359,3190.104,3220.92,3242.55,3240.34,2.21,0.07
1029,训练集,1.35,-13.351666666666667,-14.40442857142857,-13.670833333333334,3242.549,3193.359,3219.9796,3280.16,3285.64,5.48,0.17
1030,训练集,1.35,-13.361944444444445,-14.415571428571429,-13.662,3280.165,3242.549,3243.5618,3311.63,3313.71,2.08,0.06
1031,训练集,1.35,-13.368833333333333,-14.408857142857142,-13.663166666666667,3311.632,3280.165,3280.8882,3376.74,3372.65,4.09,0.12
1032,训练集,1.35,-13.565777777777777,-14.610857142857142,-13.912,3376.736,3311.632,3322.0485999999996,3399.16,3403.63,4.47,0.13
1033,训练集,1.35,-13.660500000000003,-14.863857142857144,-13.912166666666666,3399.161,3376.736,3354.9623999999994,3407.12,3402.72,4.39,0.13
1034,训练集,1.35,-13.655555555555557,-14.868857142857143,-13.906833333333333,3407.118,3399.161,3400.1011999999996,3505.86,3498.85,7.01,0.2
1035,训练集,1.35,-13.662111111111109,-14.886285714285716,-13.910333333333334,3505.859,3407.118,3459.4906,3608.58,3615.82,7.25,0.2
1036,训练集,1.35,-13.661722222222222,-14.893142857142859,-13.887833333333335,3608.579,3505.859,3512.0080000000003,3639.32,3648.29,8.97,0.25
1037,训练集,1.35,-13.674555555555555,-14.899571428571429,-13.902833333333334,3639.323,3608.579,3566.9124,3673.68,3667.13,6.55,0.18
1038,训练集,1.35,-13.679666666666668,-14.901857142857143,-13.884333333333336,3673.683,3639.323,3611.762,3631.37,3627.49,3.88,0.11
1039,训练集,1.35,-13.680833333333332,-14.903857142857143,-13.869,3631.366,3673.683,3626.3743999999997,3578.92,3575.5,3.42,0.1
1040,训练集,1.35,-13.684388888888888,-14.900285714285713,-13.871333333333332,3578.921,3631.366,3598.3074,3468.24,3453.25,15.0,0.43
1041,训练集,1.35,-13.678055555555554,-14.875,-13.865333333333334,3468.244,3578.921,3544.1985999999997,3368.78,3362.53,6.25,0.19
1042,训练集,1.35,-13.670833333333333,-14.854142857142858,-13.850499999999998,3368.779,3468.244,3481.6986000000006,3361.18,3363.03,1.84,0.05
1043,训练集,1.35,-13.685722222222221,-14.846000000000002,-13.893833333333333,3361.183,3368.779,3431.4237999999996,3379.99,3374.49,5.5,0.16
1044,训练集,1.35,-13.699944444444444,-14.862857142857141,-13.9255,3379.992,3361.183,3405.4544,3449.07,3456.14,7.07,0.2
1045,训练集,1.35,-13.706666666666667,-14.889,-13.93966666666667,3449.074,3379.992,3411.4584000000004,3498.26,3508.86,10.6,0.3
1046,训练集,1.35,-13.69211111111111,-14.89485714285714,-13.916166666666667,3498.264,3449.074,3416.0880000000006,3391.93,3397.25,5.33,0.16
1047,训练集,1.35,-13.6885,-14.889857142857144,-13.918999999999999,3391.927,3498.264,3405.4544,3308.02,3307.93,0.09,0.0
1048,训练集,1.35,-13.768944444444443,-15.002,-14.021833333333333,3308.015,3391.927,3378.7616000000003,3246.53,3250.11,3.58,0.11
1049,训练集,1.35,-13.832277777777776,-15.153857142857143,-14.023499999999999,3246.528,3308.015,3338.9758,3250.14,3247.97,2.17,0.07
1050,训练集,1.35,-13.826722222222223,-15.141285714285715,-14.022333333333334,3250.145,3246.528,3290.871,3257.74,3240.74,17.0,0.52
1051,训练集,1.35,-13.844333333333333,-15.125428571428573,-14.038166666666667,3257.74,3250.145,3275.6800000000003,3315.97,3327.41,11.43,0.34
1052,训练集,1.35,-13.87627777777778,-15.138285714285717,-14.052999999999999,3315.972,3257.74,3279.5862,3327.55,3310.94,16.61,0.5
1053,训练集,1.35,-13.897277777777777,-15.169571428571428,-14.049,3327.546,3315.972,3288.7732000000005,3292.46,3298.63,6.17,0.19
1054,训练集,1.35,-13.899944444444445,-15.170285714285715,-14.051833333333333,3292.463,3327.546,3298.0324,3296.44,3306.32,9.88,0.3
1055,训练集,1.35,-13.899,-15.171428571428569,-14.0435,3296.441,3292.463,3300.3472,3269.31,3272.77,3.46,0.11
1056,训练集,1.35,-13.872444444444445,-15.163857142857143,-14.043833333333332,3269.314,3296.441,3301.143,3319.95,3323.92,3.97,0.12
1057,训练集,1.35,-13.845111111111112,-15.157428571428571,-14.040000000000001,3319.951,3269.314,3294.922,3296.44,3284.17,12.27,0.37
1058,训练集,1.35,-13.830333333333334,-15.164285714285715,-14.015,3296.441,3319.951,3320.8912000000005,3422.31,3409.8,12.51,0.37
1059,训练集,1.35,-13.558444444444445,-14.847428571428571,-13.675333333333333,3422.309,3296.441,3343.0266,3407.12,3410.78,3.66,0.11
1060,训练集,1.35,-13.410277777777779,-14.435000000000002,-13.681333333333335,3407.118,3422.309,3365.8854,3383.61,3360.22,23.38,0.69
1061,训练集,1.35,-13.415611111111112,-14.434857142857142,-13.680666666666667,3383.608,3407.118,3345.9924,3220.49,3228.67,8.18,0.25
1062,训练集,1.35,-13.413444444444444,-14.445142857142859,-13.675333333333333,3220.486,3383.608,3325.4483999999998,3193.72,3196.77,3.05,0.1
1063,训练集,1.35,-13.413777777777776,-14.44842857142857,-13.675666666666666,3193.721,3220.486,3271.2672,3151.4,3171.28,19.87,0.63
1064,训练集,1.35,-13.411388888888888,-14.45442857142857,-13.689666666666666,3151.403,3193.721,3224.6816,3174.19,3188.64,14.45,0.46
1065,训练集,1.35,-13.399944444444445,-14.445285714285715,-13.688333333333333,3174.19,3151.403,3166.8836,3094.62,3099.72,5.1,0.16
1066,训练集,1.35,-13.396222222222223,-14.440428571428571,-13.680333333333335,3094.618,3174.19,3140.842,3090.28,3088.79,1.49,0.05
1067,训练集,1.35,-13.399166666666666,-14.436857142857145,-13.653,3090.278,3094.618,3111.0388,3044.7,3047.35,2.64,0.09
1068,训练集,1.35,-13.354833333333334,-14.427000000000001,-13.521500000000001,3044.705,3090.278,3089.6992,3044.7,3032.0,12.7,0.42
1069,训练集,1.35,-12.714111111111112,-14.42242857142857,-11.596833333333334,3044.705,3044.705,3070.6742,3079.06,3081.74,2.68,0.09
1070,训练集,1.35,-13.383555555555555,-14.411,-13.633166666666668,3079.065,3044.705,3071.5424,3098.96,3096.38,2.58,0.08
1071,训练集,1.35,-13.4905,-14.52442857142857,-13.799333333333335,3098.959,3079.065,3085.2142,3158.64,3143.59,15.05,0.48
1072,训练集,1.35,-13.540444444444445,-14.67757142857143,-13.806166666666664,3158.637,3098.959,3110.3877999999995,3170.57,3176.01,5.43,0.17
1073,训练集,1.35,-13.706722222222222,-14.875428571428571,-14.025666666666668,3170.573,3158.637,3159.9394,3292.46,3301.78,9.31,0.28
1074,训练集,1.35,-13.821277777777778,-15.140142857142857,-14.065166666666668,3292.463,3170.573,3214.193,3350.33,3351.79,1.46,0.04
1075,训练集,1.35,-13.853777777777777,-15.154,-14.072000000000001,3350.333,3292.463,3294.7774,3501.88,3501.41,0.47,0.01
1076,训练集,1.35,-13.889333333333333,-15.173857142857145,-14.085333333333333,3501.881,3350.333,3369.575,3532.62,3534.47,1.84,0.05
1077,训练集,1.35,-13.75911111111111,-15.032000000000002,-13.818333333333333,3532.625,3501.881,3432.1474000000003,3483.44,3490.85,7.42,0.21
1078,训练集,1.35,-13.601444444444445,-14.82185714285714,-13.708333333333334,3483.435,3532.625,3451.3892,3388.67,3378.81,9.86,0.29
1079,训练集,1.35,-13.432166666666667,-14.460714285714285,-13.686999999999998,3388.672,3483.435,3442.2022000000006,3304.4,3302.55,1.85,0.06
1080,训练集,1.35,-13.428555555555556,-14.452142857142857,-13.708,3304.398,3388.672,3386.719,3224.46,3230.53,6.06,0.19
1081,训练集,1.35,-13.410444444444444,-14.426714285714285,-13.721166666666667,3224.465,3304.398,3319.517,3196.62,3208.04,11.43,0.36
1082,训练集,1.35,-13.392,-14.421285714285712,-13.711333333333334,3196.615,3224.465,3255.4254,3162.98,3163.32,0.34,0.01
1083,训练集,1.35,-13.376944444444444,-14.418285714285714,-13.714,3162.977,3196.615,3110.4602,2663.85,2661.36,2.49,0.09
1084,训练集,1.35,-13.389,-14.41485714285714,-13.6995,2663.846,3162.977,2674.6240000000003,1125.22,1126.48,1.26,0.11
1085,训练集,1.35,-13.355833333333333,-14.373142857142858,-13.654333333333334,1125.217,2663.846,2648.9440000000004,3096.06,3093.58,2.48,0.08
1086,训练集,1.35,-13.3655,-14.331285714285714,-13.686333333333332,3096.065,1125.217,2665.0029999999997,3276.91,3274.36,2.55,0.08
1087,训练集,1.35,-13.357444444444443,-14.34842857142857,-13.653333333333334,3276.91,3096.065,2684.7514,3261.72,3278.83,17.11,0.52
1088,训练集,1.35,-13.358888888888892,-14.345571428571429,-13.664333333333333,3261.719,3276.91,2800.5644,3242.91,3247.13,4.22,0.13
1089,训练集,1.35,-13.340166666666667,-14.351285714285714,-13.636166666666668,3242.911,3261.719,3245.5876,3350.33,3340.69,9.64,0.29
1090,训练集,1.35,-13.331388888888888,-14.361428571428572,-13.623666666666665,3350.333,3242.911,3310.764,3421.95,3414.67,7.27,0.21
1091,训练集,1.35,-13.339555555555556,-14.372428571428571,-13.619833333333332,3421.947,3350.333,3333.7673999999997,3391.93,3400.68,8.75,0.26
1092,训练集,1.35,-13.342166666666666,-14.373428571428573,-13.608166666666667,3391.927,3421.947,3356.0474000000004,3373.12,3360.76,12.36,0.37
1093,训练集,1.35,-13.313999999999998,-14.346,-13.590166666666667,3373.119,3391.927,3362.1962,3273.66,3257.28,16.38,0.5
1094,训练集,1.35,-13.297999999999998,-14.329714285714287,-13.591666666666669,3273.655,3373.119,3330.8738,3193.72,3191.16,2.56,0.08
1095,训练集,1.35,-13.287500000000001,-14.300857142857142,-13.583833333333331,3193.721,3273.655,3294.9942,3242.55,3249.86,7.31,0.23
1096,训练集,1.35,-13.258055555555556,-14.291857142857143,-13.563833333333333,3242.549,3193.721,3282.8414000000002,3331.16,3327.56,3.61,0.11
1097,训练集,1.35,-13.252666666666668,-14.296142857142858,-13.552166666666666,3331.163,3242.549,3300.4195999999997,3461.01,3446.21,14.8,0.43
1098,训练集,1.35,-13.243277777777777,-14.308142857142858,-13.523166666666667,3461.01,3331.163,3350.6944000000003,3525.03,3535.65,10.63,0.3
1099,训练集,1.35,-13.251666666666667,-14.313857142857144,-13.528,3525.029,3461.01,3424.6962,3563.73,3552.95,10.78,0.3
1100,训练集,1.35,-13.258888888888887,-14.316285714285712,-13.5285,3563.73,3525.029,3491.1748,3574.94,3581.21,6.27,0.18
1101,训练集,1.35,-13.355777777777778,-14.416285714285715,-13.637500000000001,3574.942,3563.73,3525.3184,3501.88,3504.84,2.96,0.08
1102,训练集,1.35,-13.357388888888888,-14.46085714285714,-13.681166666666664,3501.881,3574.942,3525.3184,3461.01,3460.96,0.05,0.0
1103,训练集,1.35,-13.374611111111113,-14.50457142857143,-13.676333333333332,3461.01,3501.881,3559.7512,3697.19,3705.51,8.31,0.22
1104,训练集,1.35,-13.362444444444444,-14.477285714285713,-13.653666666666668,3697.193,3461.01,3564.3808000000004,3586.88,3578.49,8.38,0.23
1105,训练集,1.35,-13.335611111111112,-14.467999999999998,-13.570166666666667,3586.878,3697.193,3556.6408,3536.24,3526.62,9.62,0.27
1106,训练集,1.35,-13.432944444444445,-14.459285714285715,-13.528166666666666,3536.242,3586.878,3549.2624000000005,3464.99,3472.68,7.69,0.22
1107,训练集,1.35,-13.310333333333334,-14.45857142857143,-13.521999999999998,3464.989,3536.242,3563.5854,3532.62,3533.35,0.73,0.02
1108,训练集,1.35,-13.327722222222222,-14.482142857142858,-13.527333333333333,3532.625,3464.989,3535.3738000000003,3556.14,3562.93,6.8,0.19
1109,训练集,1.35,-13.343666666666666,-14.483571428571429,-13.497,3556.135,3532.625,3519.1699999999996,3505.86,3512.8,6.94,0.2
1110,训练集,1.35,-12.672166666666666,-14.463142857142856,-11.463666666666668,3505.859,3556.135,3501.8088000000002,3449.44,3464.08,14.64,0.42
1111,训练集,1.35,-13.307277777777777,-14.469714285714288,-13.390500000000001,3449.436,3505.859,3491.7536,3414.71,3399.6,15.11,0.44
1112,训练集,1.35,-13.258111111111111,-14.481,-13.231833333333332,3414.713,3449.436,3481.1198000000004,3479.46,3483.49,4.03,0.12
1113,训练集,1.35,-13.260222222222222,-14.490857142857143,-13.261000000000001,3479.456,3414.713,3473.3794000000003,3517.43,3519.64,2.21,0.06
1114,训练集,1.35,-13.252944444444445,-14.48,-13.283833333333334,3517.433,3479.456,3470.3414000000002,3490.67,3496.79,6.13,0.18
1115,训练集,1.35,-13.306611111111112,-14.460857142857142,-13.510166666666665,3490.669,3517.433,3454.9334000000003,3372.4,3366.68,5.72,0.17
1116,训练集,1.35,-13.388166666666667,-14.459571428571431,-13.744833333333332,3372.396,3490.669,3441.2616000000003,3346.35,3333.63,12.73,0.38
1117,训练集,1.35,-13.402888888888889,-14.457999999999998,-13.739833333333335,3346.354,3372.396,3410.084,3323.57,3319.04,4.52,0.14
1118,训练集,1.35,-13.405055555555556,-14.461857142857141,-13.7275,3323.568,3346.354,3376.6639999999998,3350.33,3370.92,20.59,0.61
1119,训练集,1.35,-13.398666666666669,-14.458714285714288,-13.717166666666666,3350.333,3323.568,3349.3923999999997,3354.31,3348.03,6.28,0.19
1120,训练集,1.35,-13.365555555555556,-14.448714285714287,-13.6415,3354.311,3350.333,3344.1839999999997,3346.35,3348.38,2.02,0.06
1121,训练集,1.35,-13.353555555555554,-14.463714285714286,-13.634666666666666,3346.354,3354.311,3339.6268000000005,3323.57,3312.6,10.97,0.33
1122,训练集,1.35,-13.352555555555556,-14.460571428571429,-13.628166666666665,3323.568,3346.354,3336.5162000000005,3308.02,3317.75,9.74,0.29
1123,训练集,1.35,-13.341222222222221,-14.457142857142856,-13.559666666666665,3308.015,3323.568,3318.7934,3261.72,3266.7,4.98,0.15
1124,训练集,1.35,-13.331499999999998,-14.427999999999999,-13.569333333333335,3261.719,3308.015,3300.275,3261.72,3265.18,3.46,0.11
1125,训练集,1.35,-13.270777777777779,-14.419857142857142,-13.396499999999998,3261.719,3261.719,3276.6205999999997,3228.08,3226.74,1.35,0.04
1126,训练集,1.35,-13.363444444444443,-14.435857142857143,-13.636166666666668,3228.082,3261.719,3268.157,3281.25,3290.59,9.34,0.28
1127,训练集,1.35,-13.351888888888887,-14.451571428571429,-13.617166666666668,3281.25,3228.082,3266.6378,3300.42,3283.71,16.71,0.51
1128,训练集,1.35,-13.350944444444444,-14.436857142857141,-13.6055,3300.419,3281.25,3272.0631999999996,3288.85,3303.37,14.52,0.44
1129,训练集,1.35,-13.352888888888891,-14.42614285714286,-13.611833333333331,3288.846,3300.419,3297.3091999999997,3387.95,3374.12,13.83,0.41
1130,训练集,1.35,-13.36461111111111,-14.437999999999999,-13.620666666666667,3387.949,3288.846,3345.4138,3468.6,3460.68,7.93,0.23
1131,训练集,1.35,-13.380333333333335,-14.461571428571428,-13.632833333333332,3468.605,3387.949,3384.2592000000004,3475.48,3468.03,7.45,0.21
1132,训练集,1.35,-13.375277777777777,-14.475285714285713,-13.641333333333334,3475.477,3468.605,3417.1732,3464.99,3480.54,15.56,0.45
1133,训练集,1.35,-13.3755,-14.466285714285714,-13.686,3464.989,3475.477,3448.5678,3445.82,3435.25,10.57,0.31
1134,训练集,1.35,-13.372833333333334,-14.464571428571427,-13.665,3445.819,3464.989,3456.0908000000004,3425.56,3408.67,16.89,0.49
1135,训练集,1.35,-13.369944444444444,-14.458714285714285,-13.670333333333334,3425.564,3445.819,3441.4786,3395.54,3400.11,4.57,0.13
1136,训练集,1.35,-13.422166666666666,-14.458857142857143,-13.778999999999998,3395.544,3425.564,3412.6157999999996,3331.16,3337.63,6.47,0.19
1137,训练集,1.35,-13.47488888888889,-14.46642857142857,-13.849166666666667,3331.163,3395.544,3401.8374000000003,3411.1,3416.97,5.88,0.17
1138,训练集,1.35,-13.504555555555555,-14.474857142857141,-13.876666666666665,3411.097,3331.163,3396.4844000000003,3419.05,3396.42,22.63,0.66
1139,训练集,1.35,-13.5225,-14.502714285714287,-13.878833333333333,3419.054,3411.097,3394.6760000000004,3416.52,3429.16,12.64,0.37
1140,训练集,1.35,-13.51561111111111,-14.497571428571428,-13.855166666666667,3416.522,3419.054,3408.565,3464.99,3481.7,16.71,0.48
1141,训练集,1.35,-13.507666666666667,-14.494142857142858,-13.841333333333333,3464.989,3416.522,3437.4278,3475.48,3473.14,2.34,0.07
1142,训练集,1.35,-13.474555555555554,-14.488285714285714,-13.765166666666667,3475.477,3464.989,3462.4568,3536.24,3534.2,2.04,0.06
1143,训练集,1.35,-13.459777777777779,-14.480857142857143,-13.751666666666665,3536.242,3475.477,3498.9152000000004,3601.35,3580.77,20.57,0.57
1144,训练集,1.35,-13.460388888888888,-14.483857142857143,-13.773000000000001,3601.346,3536.242,3539.5691999999995,3619.79,3621.19,1.39,0.04
1145,训练集,1.35,-13.453666666666665,-14.488857142857142,-13.770666666666669,3619.792,3601.346,3582.1762000000003,3678.02,3674.49,3.54,0.1
1146,训练集,1.35,-13.385388888888889,-14.414857142857144,-13.668999999999999,3678.024,3619.792,3609.4476000000004,3611.83,3599.9,11.93,0.33
1147,训练集,1.35,-13.341277777777778,-14.303857142857144,-13.663666666666666,3611.834,3678.024,3626.1576,3619.79,3624.29,4.5,0.12
1148,训练集,1.35,-13.35522222222222,-14.310999999999998,-13.661000000000001,3619.792,3611.834,3632.7403999999997,3634.26,3633.71,0.55,0.02
1149,训练集,1.35,-13.353777777777776,-14.311714285714286,-13.639499999999998,3634.26,3619.792,3630.3532,3607.86,3604.05,3.8,0.11
1150,训练集,1.35,-13.386777777777777,-14.32757142857143,-13.680166666666667,3607.856,3634.26,3625.7236000000003,3654.88,3661.09,6.21,0.17
1151,训练集,1.35,-13.396333333333333,-14.330428571428572,-13.681,3654.876,3607.856,3627.3152,3619.79,3618.71,1.09,0.03
1152,训练集,1.35,-13.393777777777776,-14.325142857142856,-13.676500000000003,3619.792,3654.876,3628.9790000000003,3628.11,3631.26,3.15,0.09
1153,训练集,1.35,-13.367999999999999,-14.316857142857144,-13.653333333333334,3628.111,3619.792,3619.9366,3589.05,3577.06,11.98,0.33
1154,训练集,1.35,-13.334055555555556,-14.291,-13.633166666666666,3589.048,3628.111,3625.5065999999997,3635.71,3649.58,13.88,0.38
1155,训练集,1.35,-13.301166666666667,-14.272571428571428,-13.62,3635.706,3589.048,3644.2419999999997,3748.55,3757.0,8.44,0.23
1156,训练集,1.35,-13.264166666666666,-14.247714285714286,-13.599833333333335,3748.553,3635.706,3673.9004,3768.08,3761.97,6.11,0.16
1157,训练集,1.35,-13.258388888888888,-14.249142857142855,-13.587333333333333,3768.084,3748.553,3720.9199999999996,3863.21,3877.45,14.25,0.37
1158,训练集,1.35,-13.274055555555556,-14.261999999999999,-13.611333333333334,3863.209,3768.084,3783.5648,3902.27,3915.89,13.61,0.35
1159,训练集,1.35,-13.29311111111111,-14.289714285714286,-13.610999999999999,3902.272,3863.209,3861.1833999999994,4023.8,4015.12,8.67,0.22
1160,训练集,1.35,-13.321666666666667,-14.311571428571428,-13.618833333333335,4023.799,3902.272,3913.1943999999994,4008.61,4004.25,4.36,0.11
1161,训练集,1.35,-13.341055555555556,-14.311857142857141,-13.652333333333331,4008.608,4023.799,3955.0058,3977.14,3979.45,2.31,0.06
1162,训练集,1.35,-13.245666666666667,-14.225714285714286,-13.532333333333334,3977.141,4008.608,3995.6598,4066.48,4063.6,2.88,0.07
1163,训练集,1.35,-13.154999999999998,-14.056714285714284,-13.504499999999998,4066.479,3977.141,4026.982,4058.88,4053.45,5.44,0.13
1164,训练集,1.35,-13.102944444444445,-13.97214285714286,-13.500666666666666,4058.883,4066.479,4031.684,4047.31,4036.91,10.4,0.26
1165,训练集,1.35,-13.093388888888889,-13.945857142857145,-13.476,4047.309,4058.883,4026.2586,3981.48,3983.79,2.31,0.06
1166,训练集,1.35,-13.083333333333334,-13.922285714285715,-13.484,3981.481,4047.309,4027.1266000000005,3981.48,3993.67,12.19,0.31
1167,训练集,1.35,-13.100277777777778,-13.935142857142855,-13.496666666666664,3981.481,3981.481,4011.6462,3989.08,3992.52,3.44,0.09
1168,训练集,1.35,-13.08788888888889,-13.930428571428573,-13.437666666666667,3989.077,3981.481,4000.7232000000004,4004.27,4017.85,13.58,0.34
1169,训练集,1.35,-13.077666666666667,-13.912714285714285,-13.432,4004.268,3989.077,3998.3360000000002,4035.37,4025.57,9.8,0.24
1170,训练集,1.35,-13.0555,-13.888000000000002,-13.417666666666667,4035.373,4004.268,3996.0214,3969.91,3971.43,1.52,0.04
1171,训练集,1.35,-13.037888888888888,-13.876142857142856,-13.382166666666665,3969.908,4035.373,4023.5098,4118.92,4110.66,8.26,0.2
1172,训练集,1.35,-13.2225,-14.087,-13.702166666666665,4118.923,3969.908,4063.2234,4187.65,4179.46,8.18,0.2
1173,训练集,1.35,-13.402777777777779,-14.368285714285713,-13.779166666666667,4187.645,4118.923,4103.805,4207.18,4210.2,3.03,0.07
1174,训练集,1.35,-13.489944444444445,-14.639714285714287,-13.761000000000001,4207.176,4187.645,4135.8508,4195.6,4197.42,1.82,0.04
1175,训练集,1.35,-13.469944444444444,-14.629714285714288,-13.763,4195.602,4207.176,4206.1632,4321.47,4331.55,10.08,0.23
1176,训练集,1.35,-13.441777777777776,-14.614428571428572,-13.724333333333334,4321.47,4195.602,4248.1194000000005,4328.7,4308.89,19.82,0.46
1177,训练集,1.35,-13.38038888888889,-14.586285714285713,-13.6105,4328.704,4321.47,4254.991400000001,4222.0,4227.65,5.64,0.13
1178,训练集,1.35,-13.37127777777778,-14.526857142857143,-13.594500000000002,4222.005,4328.704,4233.4346000000005,4099.39,4100.94,1.55,0.04
1179,训练集,1.35,-13.354944444444444,-14.436142857142858,-13.604666666666667,4099.392,4222.005,4212.746,4092.16,4092.98,0.82,0.02
1180,训练集,1.35,-13.281166666666667,-14.345714285714285,-13.522,4092.159,4099.392,4143.2292,3973.89,3967.46,6.42,0.16
1181,训练集,1.35,-13.237777777777778,-14.228428571428571,-13.552833333333334,3973.886,4092.159,4075.3038,3989.08,4017.37,28.3,0.71
1182,训练集,1.35,-13.257555555555555,-14.244142857142858,-13.619333333333335,3989.077,3973.886,4025.6799999999994,3973.89,3972.01,1.88,0.05
1183,训练集,1.35,-13.254666666666669,-14.241714285714284,-13.664166666666667,3973.886,3989.077,3997.0341999999996,3956.16,3941.94,14.23,0.36
1184,训练集,1.35,-13.243944444444445,-14.238857142857142,-13.655,3956.163,3973.886,3956.7418,3890.7,3874.4,16.3,0.42
1185,训练集,1.35,-13.238666666666667,-14.241142857142858,-13.645833333333334,3890.697,3956.163,3948.4952000000003,3932.65,3945.53,12.87,0.33
1186,训练集,1.35,-13.244111111111112,-14.236714285714285,-13.649166666666666,3932.653,3890.697,3929.6150000000002,3894.68,3889.44,5.24,0.13
1187,训练集,1.35,-13.251000000000001,-14.239714285714287,-13.633333333333335,3894.676,3932.653,3910.5902,3878.76,3868.24,10.52,0.27
1188,训练集,1.35,-13.263888888888888,-14.244857142857144,-13.642000000000001,3878.762,3894.676,3893.0121999999997,3868.27,3860.61,7.67,0.2
1189,训练集,1.35,-13.238111111111111,-14.236857142857144,-13.564,3868.273,3878.762,3888.3826,3867.55,3875.45,7.9,0.2
1190,训练集,1.35,-12.46038888888889,-14.255285714285714,-11.226999999999999,3867.549,3868.273,3873.047,3855.98,3845.74,10.23,0.27
1191,训练集,1.35,-12.854388888888888,-14.287,-12.3245,3855.975,3867.549,3876.0852,3909.87,3927.68,17.81,0.46
1192,训练集,1.35,-12.875666666666667,-14.330285714285713,-12.342999999999998,3909.867,3855.975,3881.5828,3906.25,3898.65,7.6,0.19
1193,训练集,1.35,-13.058555555555555,-14.354857142857144,-12.870666666666667,3906.25,3909.867,3875.5063999999998,3837.89,3829.99,7.9,0.21
1194,训练集,1.35,-12.879444444444443,-14.55942857142857,-12.031999999999998,3837.891,3906.25,3873.1915999999997,3855.98,3878.36,22.39,0.58
1195,训练集,1.35,-13.320444444444444,-14.861285714285714,-13.018666666666668,3855.975,3837.891,3865.5962,3818.0,3808.89,9.11,0.24
1196,训练集,1.35,-13.626166666666668,-14.867857142857144,-13.879666666666665,3817.998,3855.975,3847.3669999999997,3818.72,3823.9,5.17,0.14
1197,训练集,1.35,-13.6415,-14.858714285714285,-13.881166666666667,3818.721,3817.998,3821.3976000000002,3776.4,3771.65,4.75,0.13
1198,训练集,1.35,-13.647666666666668,-14.854142857142858,-13.880500000000003,3776.403,3818.721,3803.7470000000003,3749.64,3748.2,1.43,0.04
1199,训练集,1.35,-13.540333333333333,-14.745571428571427,-13.7335,3749.638,3776.403,3780.0926,3737.7,3731.65,6.05,0.16
1200,训练集,1.35,-13.484666666666667,-14.613285714285714,-13.746,3737.703,3749.638,3771.7735999999995,3776.4,3769.58,6.82,0.18
1201,训练集,1.35,-13.477333333333334,-14.616428571428571,-13.720166666666666,3776.403,3737.703,3741.2470000000003,3666.09,3667.66,1.57,0.04
1202,训练集,1.35,-12.8705,-14.618714285714287,-11.865833333333335,3666.088,3776.403,3713.1076000000003,3635.71,3625.47,10.24,0.28
1203,训练集,1.35,-13.146444444444445,-14.602714285714285,-12.731166666666667,3635.706,3666.088,3666.6665999999996,3517.43,3509.6,7.83,0.22
1204,训练集,1.35,-13.17122222222222,-14.593714285714286,-12.851,3517.433,3635.706,3629.5572,3552.16,3567.32,15.16,0.43
1205,训练集,1.35,-13.110499999999998,-14.600428571428571,-12.697500000000003,3552.156,3517.433,3573.9294,3498.26,3506.88,8.62,0.25
1206,训练集,1.35,-12.779944444444446,-14.61657142857143,-11.697000000000001,3498.264,3552.156,3544.1983999999998,3517.43,3508.05,9.38,0.27
1207,训练集,1.35,-13.201277777777777,-14.577428571428571,-12.993,3517.433,3498.264,3518.2290000000003,3505.86,3518.46,12.6,0.36
1208,训练集,1.35,-13.405944444444446,-14.523142857142858,-13.679833333333335,3505.859,3517.433,3518.2290000000003,3517.43,3524.76,7.33,0.21
1209,训练集,1.35,-13.40461111111111,-14.527142857142858,-13.674833333333332,3517.433,3505.859,3501.4466,3468.24,3470.71,2.46,0.07
1210,训练集,1.35,-13.411944444444446,-14.528,-13.6665,3468.244,3517.433,3485.5322,3418.69,3406.26,12.43,0.36
1211,训练集,1.35,-13.417388888888887,-14.521428571428572,-13.69,3418.692,3468.244,3471.9328,3449.44,3459.04,9.61,0.28
1212,训练集,1.35,-13.426555555555556,-14.515142857142859,-13.765166666666667,3449.436,3418.692,3451.3887999999997,3403.14,3390.99,12.15,0.36
1213,训练集,1.35,-13.553611111111113,-14.500142857142858,-14.153500000000001,3403.139,3449.436,3437.7894,3449.44,3442.14,7.3,0.21
1214,训练集,1.35,-13.542944444444444,-14.495999999999999,-14.145000000000001,3449.436,3403.139,3428.6024000000007,3422.31,3417.01,5.3,0.15
1215,训练集,1.35,-13.55038888888889,-14.49,-14.158333333333331,3422.309,3449.436,3426.2876000000006,3407.12,3407.49,0.37,0.01
1216,训练集,1.35,-13.553,-14.486857142857144,-14.176166666666665,3407.118,3422.309,3427.9514000000004,3457.76,3431.49,26.27,0.76
1217,训练集,1.35,-13.567666666666668,-14.478714285714288,-14.205,3457.755,3407.118,3450.8102,3517.43,3520.17,2.74,0.08
1218,训练集,1.35,-13.606166666666669,-14.489571428571429,-14.219666666666663,3517.433,3457.755,3489.5834000000004,3643.3,3638.75,4.55,0.12
1219,训练集,1.35,-13.629444444444442,-14.520571428571428,-14.238666666666667,3643.302,3517.433,3530.5989999999997,3627.39,3627.33,0.05,0.0
1220,训练集,1.35,-13.628944444444446,-14.527857142857142,-14.248833333333335,3627.387,3643.302,3564.9595999999997,3578.92,3569.14,9.78,0.27
1221,训练集,1.35,-13.633777777777778,-14.540285714285716,-14.2575,3578.921,3627.387,3588.397,3574.94,3589.17,14.23,0.4
1222,训练集,1.35,-13.631888888888888,-14.565714285714288,-14.261833333333334,3574.942,3578.921,3588.2524,3516.71,3513.67,3.04,0.09
1223,训练集,1.35,-13.615444444444444,-14.570285714285715,-14.255833333333333,3516.71,3574.942,3572.3379999999997,3563.73,3575.53,11.8,0.33
1224,训练集,1.35,-13.60738888888889,-14.558571428571428,-14.254666666666667,3563.73,3516.71,3549.4792,3513.09,3514.5,1.41,0.04
1225,训练集,1.35,-13.544611111111111,-14.546285714285712,-14.084833333333334,3513.093,3563.73,3513.5996,3399.52,3396.46,3.07,0.09
1226,训练集,1.35,-13.53811111111111,-14.532571428571428,-14.084666666666665,3399.523,3513.093,3482.3496,3418.69,3400.37,18.32,0.54
1227,训练集,1.35,-13.507055555555555,-14.500714285714285,-14.048499999999999,3418.692,3399.523,3450.5209999999997,3357.57,3372.82,15.25,0.45
1228,训练集,1.35,-13.495166666666668,-14.491,-14.026333333333335,3357.567,3418.692,3398.5824000000002,3304.04,3305.89,1.85,0.06
1229,训练集,1.35,-13.500222222222224,-14.485714285714286,-14.016499999999999,3304.037,3357.567,3356.7712,3304.04,3302.3,1.73,0.05
1230,训练集,1.35,-13.489166666666666,-14.478857142857143,-14.000000000000002,3304.037,3304.037,3342.3758000000003,3327.55,3335.97,8.42,0.25
1231,训练集,1.35,-13.486277777777778,-14.450857142857144,-13.980333333333334,3327.546,3304.037,3313.2236,3272.93,3277.58,4.64,0.14
1232,训练集,1.35,-13.496333333333332,-14.45742857142857,-13.972666666666669,3272.931,3327.546,3277.3439999999996,3178.17,3189.83,11.66,0.37
1233,训练集,1.35,-13.222444444444443,-14.441,-13.198500000000001,3178.169,3272.931,3252.0979999999995,3177.81,3180.03,2.22,0.07
1234,训练集,1.35,-13.245722222222222,-14.420428571428573,-13.329999999999998,3177.807,3178.169,3229.0944,3189.02,3189.96,0.94,0.03
1235,训练集,1.35,-13.253944444444445,-14.395428571428571,-13.392166666666668,3189.019,3177.807,3219.6906,3280.53,3289.67,9.14,0.28
1236,训练集,1.35,-13.252666666666666,-14.383285714285714,-13.435000000000002,3280.527,3189.019,3233.0008,3339.48,3332.34,7.14,0.21
1237,训练集,1.35,-13.28488888888889,-14.380857142857142,-13.556666666666667,3339.482,3280.527,3292.5348,3475.84,3465.01,10.83,0.31
1238,训练集,1.35,-13.309888888888889,-14.400857142857143,-13.594500000000002,3475.839,3339.482,3356.6262,3498.26,3502.83,4.57,0.13
1239,训练集,1.35,-13.384555555555556,-14.452857142857141,-13.7305,3498.264,3475.839,3437.6448000000005,3594.11,3583.73,10.38,0.29
1240,训练集,1.35,-13.404444444444444,-14.514714285714286,-13.736000000000002,3594.112,3498.264,3509.404,3639.32,3634.34,4.98,0.14
1241,训练集,1.35,-13.399555555555557,-14.523142857142856,-13.717333333333334,3639.323,3594.112,3567.7084000000004,3631.0,3640.51,9.51,0.26
1242,训练集,1.35,-12.920944444444444,-14.54257142857143,-12.271833333333333,3631.004,3639.323,3595.7756,3616.18,3619.07,2.9,0.08
1243,训练集,1.35,-13.399777777777778,-14.551285714285713,-13.711666666666666,3616.175,3631.004,3604.8178,3543.48,3546.53,3.06,0.09
1244,训练集,1.35,-13.516944444444443,-14.549857142857144,-14.057333333333334,3543.475,3616.175,3594.9074,3544.56,3546.07,1.51,0.04
1245,训练集,1.35,-13.523333333333333,-14.538285714285715,-14.087166666666667,3544.56,3543.475,3548.2493999999997,3406.03,3399.4,6.64,0.19
1246,训练集,1.35,-13.585555555555555,-14.536285714285713,-14.215499999999999,3406.033,3544.56,3498.7702000000004,3383.61,3367.19,16.42,0.49
1247,训练集,1.35,-13.384611111111111,-14.445571428571428,-13.754,3383.608,3406.033,3449.2186,3368.42,3371.55,3.13,0.09
1248,训练集,1.35,-13.343611111111112,-14.284571428571429,-13.7935,3368.417,3383.608,3423.4662000000003,3414.71,3419.64,4.93,0.14
1249,训练集,1.35,-13.364833333333333,-14.276428571428571,-13.826833333333333,3414.713,3368.417,3386.0676,3357.57,3376.36,18.8,0.56
1250,训练集,1.35,-13.400833333333333,-14.285857142857143,-13.911,3357.567,3414.713,3382.4508,3387.95,3371.7,16.25,0.48
1251,训练集,1.35,-13.395055555555555,-14.293857142857146,-13.897666666666668,3387.949,3357.567,3407.1904000000004,3507.31,3501.28,6.03,0.17
1252,训练集,1.35,-13.258611111111112,-14.314714285714285,-13.492833333333332,3507.306,3387.949,3453.7762000000002,3601.35,3603.87,2.52,0.07
1253,训练集,1.35,-13.38811111111111,-14.314285714285715,-13.844000000000001,3601.346,3507.306,3497.8302000000003,3634.98,3626.27,8.71,0.24
1254,训练集,1.35,-13.327944444444444,-14.297285714285715,-13.7185,3634.983,3601.346,3553.3134,3634.98,3627.65,7.33,0.2
1255,训练集,1.35,-13.243555555555554,-14.280000000000001,-13.489333333333333,3634.983,3634.983,3608.9411999999998,3666.09,3645.76,20.33,0.55
1256,训练集,1.35,-12.895444444444443,-14.285857142857143,-12.464333333333334,3666.088,3634.983,3623.2642,3578.92,3570.03,8.89,0.25
1257,训练集,1.35,-12.91088888888889,-14.287142857142856,-12.512833333333335,3578.921,3666.088,3626.2300000000005,3616.18,3609.63,6.54,0.18
1258,训练集,1.35,-12.715833333333332,-14.267571428571427,-11.918666666666667,3616.175,3578.921,3625.5788000000002,3631.73,3626.71,5.02,0.14
1259,训练集,1.35,-13.151999999999997,-14.25457142857143,-13.307666666666668,3631.727,3616.175,3609.8091999999997,3556.14,3561.63,5.49,0.15
1260,训练集,1.35,-12.978666666666665,-14.13942857142857,-12.962000000000002,3556.135,3631.727,3590.8566,3571.32,3581.74,10.42,0.29
1261,训练集,1.35,-12.999444444444444,-13.985857142857142,-13.203666666666665,3571.325,3556.135,3588.5418,3567.35,3576.21,8.86,0.25
1262,训练集,1.35,-13.018277777777778,-13.981285714285715,-13.281833333333333,3567.347,3571.325,3568.7934,3517.43,3521.34,3.9,0.11
1263,训练集,1.35,-13.030611111111112,-13.984714285714288,-13.262000000000002,3517.433,3567.347,3536.9648,3472.58,3476.79,4.21,0.12
1264,训练集,1.35,-13.135388888888889,-14.093142857142855,-13.406666666666668,3472.584,3517.433,3522.4248,3483.44,3477.31,6.13,0.18
1265,训练集,1.35,-13.244944444444444,-14.250285714285715,-13.597666666666667,3483.435,3472.584,3498.4809999999998,3451.61,3455.34,3.73,0.11
1266,训练集,1.35,-13.244833333333332,-14.23542857142857,-13.6145,3451.606,3483.435,3478.7326000000003,3468.6,3453.29,15.32,0.44
1267,训练集,1.35,-13.228555555555555,-14.224142857142857,-13.581000000000001,3468.605,3451.606,3496.2385999999997,3604.96,3609.12,4.16,0.12
1268,训练集,1.35,-13.228333333333332,-14.220285714285712,-13.596333333333334,3604.963,3468.605,3534.9394,3666.09,3644.45,21.64,0.59
1269,训练集,1.35,-13.3285,-14.328857142857144,-13.707,3666.088,3604.963,3582.1760000000004,3719.62,3710.75,8.87,0.24
1270,训练集,1.35,-13.362999999999998,-14.476428571428572,-13.676833333333333,3719.618,3666.088,3643.3016000000002,3757.23,3775.25,18.01,0.48
1271,训练集,1.35,-13.376999999999999,-14.469857142857146,-13.692166666666667,3757.234,3719.618,3720.0522000000005,3852.36,3887.72,35.36,0.92
1272,训练集,1.35,-13.386111111111113,-14.486285714285714,-13.660166666666667,3852.358,3757.234,3787.5434,3942.42,3940.4,2.02,0.05
1273,训练集,1.35,-13.379944444444444,-14.483571428571427,-13.661833333333334,3942.419,3852.358,3850.6220000000003,3981.48,3972.27,9.21,0.23
1274,训练集,1.35,-13.409222222222223,-14.502999999999998,-13.664666666666667,3981.481,3942.419,3906.1776000000004,3997.4,3993.14,4.26,0.11
1275,训练集,1.35,-13.436222222222222,-14.545428571428573,-13.667333333333334,3997.396,3981.481,3956.4524000000006,4008.61,4007.69,0.92,0.02
1276,训练集,1.35,-13.44038888888889,-14.554571428571432,-13.678333333333333,4008.608,3997.396,3976.4900000000002,3952.55,3948.61,3.93,0.1
1277,训练集,1.35,-13.450166666666668,-14.563142857142859,-13.710666666666668,3952.546,4008.608,3959.9970000000003,3859.95,3862.93,2.98,0.08
1278,训练集,1.35,-13.458499999999999,-14.568714285714284,-13.701500000000001,3859.954,3952.546,3941.0446,3886.72,3890.84,4.12,0.11
1279,训练集,1.35,-13.45961111111111,-14.574857142857143,-13.713999999999999,3886.719,3859.954,3913.2668000000003,3858.51,3866.75,8.24,0.21
1280,训练集,1.35,-13.479000000000001,-14.578571428571427,-13.693833333333332,3858.507,3886.719,3876.0852,3822.7,3809.26,13.44,0.35
1281,训练集,1.35,-13.5105,-14.590857142857143,-13.765166666666667,3822.7,3858.507,3844.546,3794.85,3789.19,5.66,0.15
1282,训练集,1.35,-13.402944444444445,-14.468571428571428,-13.644166666666665,3794.85,3822.7,3826.3167999999996,3768.81,3778.59,9.78,0.26
1283,训练集,1.35,-13.39988888888889,-14.294714285714287,-13.868166666666667,3768.808,3794.85,3798.0326,3745.3,3743.73,1.56,0.04
1284,训练集,1.35,-13.403722222222223,-14.290857142857144,-13.873833333333332,3745.298,3768.808,3780.7438,3772.06,3760.32,11.75,0.31
1285,训练集,1.35,-13.392722222222222,-14.284142857142855,-13.877333333333333,3772.063,3745.298,3757.9572,3708.77,3710.43,1.67,0.04
1286,训练集,1.35,-13.395555555555555,-14.286142857142858,-13.883999999999999,3708.767,3772.063,3734.5195999999996,3677.66,3656.36,21.3,0.58
1287,训练集,1.35,-13.331499999999998,-14.282142857142857,-13.716500000000002,3677.662,3708.767,3717.8093999999996,3685.26,3698.24,12.98,0.35
1288,训练集,1.35,-13.301388888888887,-14.282857142857143,-13.637333333333332,3685.257,3677.662,3706.6694,3689.6,3695.26,5.67,0.15
1289,训练集,1.35,-13.29572222222222,-14.290571428571427,-13.6205,3689.598,3685.257,3681.6406,3646.92,3629.7,17.21,0.47
1290,训练集,1.35,-13.30477777777778,-14.305142857142858,-13.637166666666666,3646.919,3689.598,3666.1603999999998,3631.37,3643.54,12.17,0.34
1291,训练集,1.35,-13.314222222222222,-14.310000000000002,-13.667833333333334,3631.366,3646.919,3643.374,3563.73,3560.63,3.1,0.09
1292,训练集,1.35,-13.301555555555558,-14.293857142857144,-13.637166666666667,3563.73,3631.366,3616.7538,3552.16,3566.37,14.21,0.4
1293,训练集,1.35,-13.299777777777779,-14.287714285714287,-13.635833333333332,3552.156,3563.73,3599.8268000000003,3604.96,3600.55,4.41,0.12
1294,训练集,1.35,-13.284111111111109,-14.280571428571426,-13.580166666666669,3604.963,3552.156,3597.4396,3634.98,3634.77,0.21,0.01
1295,训练集,1.35,-13.29411111111111,-14.287857142857144,-13.566333333333333,3634.983,3604.963,3612.9198000000006,3708.77,3694.36,14.41,0.39
1296,训练集,1.35,-13.285888888888888,-14.272571428571428,-13.559666666666667,3708.767,3634.983,3650.0292,3749.28,3735.32,13.95,0.37
1297,训练集,1.35,-13.285277777777775,-14.26257142857143,-13.547666666666666,3749.277,3708.767,3687.9342000000006,3741.68,3744.89,3.21,0.09
1298,训练集,1.35,-13.267222222222221,-14.258571428571429,-13.514000000000001,3741.681,3749.277,3710.8652,3719.62,3712.32,7.3,0.2
1299,训练集,1.35,-13.251944444444446,-14.250285714285715,-13.5085,3719.618,3741.681,3737.6302000000005,3768.81,3776.78,7.98,0.21
1300,训练集,1.35,-13.127055555555556,-14.241285714285713,-13.144166666666665,3768.808,3719.618,3765.5528,3848.38,3855.79,7.41,0.19
1301,训练集,1.35,-13.086500000000001,-14.237857142857143,-13.055166666666667,3848.38,3768.808,3798.4665999999997,3913.85,3926.81,12.96,0.33
1302,训练集,1.35,-13.097222222222223,-14.256285714285713,-13.058333333333335,3913.846,3848.38,3835.142,3925.06,3939.88,14.83,0.38
1303,训练集,1.35,-13.253111111111112,-14.32214285714286,-13.459000000000001,3925.058,3913.846,3901.4758,4051.29,4052.39,1.11,0.03
1304,训练集,1.35,-13.27677777777778,-14.392142857142858,-13.423166666666667,4051.287,3925.058,3961.0099999999998,4066.48,4054.02,12.46,0.31
1305,训练集,1.35,-13.410722222222223,-14.567857142857141,-13.645833333333334,4066.479,4051.287,3989.9449999999997,3993.06,3980.11,12.94,0.32
1306,训练集,1.35,-13.39261111111111,-14.557571428571427,-13.614666666666666,3993.055,4066.479,4006.5101999999997,3996.67,4003.55,6.88,0.17
1307,训练集,1.35,-12.507166666666667,-14.542142857142858,-10.988833333333334,3996.672,3993.055,4007.3059999999996,3929.04,3941.05,12.01,0.31
1308,训练集,1.35,-12.763,-14.552285714285714,-11.738333333333332,3929.037,3996.672,3972.0775999999996,3875.14,3881.99,6.85,0.18
1309,训练集,1.35,-13.142166666666666,-14.586857142857141,-12.8165,3875.145,3929.037,3917.8964,3795.57,3766.37,29.21,0.77
1310,训练集,1.35,-13.072111111111111,-14.508142857142856,-12.807166666666665,3795.573,3875.145,3861.0388,3708.77,3713.51,4.74,0.13
1311,训练集,1.35,-13.046111111111111,-14.510428571428573,-12.912666666666667,3708.767,3795.573,3771.3398,3548.18,3537.82,10.35,0.29
1312,训练集,1.35,-13.151944444444442,-14.571285714285713,-12.888333333333334,3548.177,3708.767,3718.6776,3665.73,3675.13,9.4,0.26
1313,训练集,1.35,-13.178999999999998,-14.382857142857144,-13.145666666666665,3665.726,3548.177,3774.3777999999998,4153.65,4133.61,20.04,0.48
1314,训练集,1.35,-13.38011111111111,-14.41485714285714,-13.685833333333333,4153.646,3665.726,3763.7442,3742.4,3759.42,17.02,0.45
1315,训练集,1.35,-13.241944444444446,-14.406142857142857,-12.781666666666666,3742.405,4153.646,3731.5538,3547.82,3546.18,1.64,0.05
1316,训练集,1.35,-12.996444444444442,-14.40242857142857,-13.268666666666668,3547.815,3742.405,3729.9624000000003,3540.22,3539.03,1.19,0.03
1317,训练集,1.35,-13.221666666666666,-14.386857142857142,-13.328333333333335,3540.22,3547.815,3714.8438,3590.13,3608.82,18.69,0.52
1318,训练集,1.35,-13.178555555555555,-14.387285714285712,-13.288333333333332,3590.133,3540.22,3609.5919999999996,3627.39,3625.28,2.1,0.06
1319,训练集,1.35,-13.26861111111111,-14.383142857142857,-13.526333333333334,3627.387,3590.133,3579.9334000000003,3594.11,3582.95,11.17,0.31
1320,训练集,1.35,-13.32472222222222,-14.37428571428571,-13.6565,3594.112,3627.387,3558.7384000000006,3441.84,3448.39,6.55,0.19
1321,训练集,1.35,-13.335555555555556,-14.369571428571428,-13.6545,3441.84,3594.112,3534.5775999999996,3419.42,3411.41,8.01,0.23
1322,训练集,1.35,-13.352444444444444,-14.378142857142858,-13.666833333333335,3419.416,3441.84,3493.2726000000002,3383.61,3380.97,2.64,0.08
1323,训练集,1.35,-13.359777777777778,-14.389571428571427,-13.676000000000002,3383.608,3419.416,3427.879,3300.42,3298.6,1.82,0.06
1324,训练集,1.35,-13.147388888888889,-14.401142857142858,-12.977666666666666,3300.419,3383.608,3350.9114,3209.27,3218.08,8.8,0.27
1325,训练集,1.35,-13.374777777777776,-14.402000000000001,-13.671333333333335,3209.274,3300.419,3288.9178,3131.87,3124.72,7.15,0.23
1326,训练集,1.35,-13.364166666666666,-14.374142857142855,-13.649166666666668,3131.872,3209.274,3209.2735999999995,3021.2,3022.52,1.33,0.04
1327,训练集,1.35,-13.336999999999998,-14.342285714285714,-13.643333333333336,3021.195,3131.872,2717.1584,923.03,909.91,13.12,1.42
1328,训练集,1.35,-13.333944444444446,-14.318857142857144,-13.638833333333332,923.032,3021.195,2579.2824,2611.04,2637.52,26.49,1.01
1329,训练集,1.35,-13.325,-14.298714285714286,-13.630166666666668,2611.039,923.032,2536.386,2994.79,2985.06,9.73,0.32
1330,训练集,1.35,-13.296888888888889,-14.280285714285714,-13.616833333333332,2994.792,2611.039,2512.8038,3013.96,3004.39,9.57,0.32
1331,训练集,1.35,-13.284833333333333,-14.268714285714285,-13.589999999999998,3013.961,2994.792,2522.9312,3071.83,3034.05,37.78,1.23
1332,训练集,1.35,-13.289222222222223,-14.25842857142857,-13.599166666666667,3071.832,3013.961,2966.2183999999997,3139.47,3135.26,4.2,0.13
1333,训练集,1.35,-13.292833333333334,-14.258285714285714,-13.594833333333332,3139.468,3071.832,3087.9632,3219.76,3232.08,12.32,0.38
1334,训练集,1.35,-13.28538888888889,-14.267,-13.5845,3219.763,3139.468,3126.9534,3189.74,3190.04,0.29,0.01
1335,训练集,1.35,-13.280277777777778,-14.270857142857142,-13.600666666666664,3189.743,3219.763,3164.2798,3200.59,3200.17,0.43,0.01
1336,训练集,1.35,-13.274444444444446,-14.269428571428573,-13.587833333333334,3200.593,3189.743,3196.2532,3231.7,3229.35,2.35,0.07
1337,训练集,1.35,-13.276833333333334,-14.263428571428571,-13.5745,3231.699,3200.593,3219.98,3258.1,3258.54,0.44,0.01
1338,训练集,1.35,-13.366944444444444,-14.358571428571429,-13.702333333333334,3258.102,3231.699,3243.0557999999996,3335.14,3338.77,3.63,0.11
1339,训练集,1.35,-13.43411111111111,-14.507714285714286,-13.720500000000001,3335.142,3258.102,3281.1056000000003,3379.99,3387.28,7.29,0.22
1340,训练集,1.35,-13.047666666666666,-14.815428571428571,-12.064333333333332,3379.992,3335.142,3318.2873999999997,3386.5,3389.38,2.88,0.08
1341,训练集,1.35,-13.254222222222221,-15.206857142857142,-12.215166666666667,3386.502,3379.992,3344.1841999999997,3361.18,3373.02,11.84,0.35
1342,训练集,1.35,-13.302444444444443,-15.223857142857144,-12.289333333333333,3361.183,3386.502,3377.2426,3423.39,3423.0,0.4,0.01
1343,训练集,1.35,-13.2575,-15.241000000000001,-12.121166666666667,3423.394,3361.183,3430.4834,3601.35,3592.36,8.98,0.25
1344,训练集,1.35,-13.061333333333334,-15.035571428571428,-11.854,3601.346,3423.394,3478.5879999999997,3620.52,3629.64,9.12,0.25
1345,训练集,1.35,-12.75611111111111,-14.620142857142858,-11.441666666666668,3620.515,3601.346,3535.1562,3669.34,3653.81,15.53,0.42
1346,训练集,1.35,-13.156666666666666,-14.481714285714286,-12.776833333333334,3669.343,3620.515,3577.1845999999996,3571.32,3577.37,6.04,0.17
1347,训练集,1.35,-13.200333333333333,-14.484857142857143,-12.920499999999999,3571.325,3669.343,3598.2349999999997,3528.65,3523.57,5.08,0.14
1348,训练集,1.35,-13.233500000000001,-14.499428571428572,-13.026166666666668,3528.646,3571.325,3561.7765999999997,3419.05,3419.19,0.14,0.0
1349,训练集,1.35,-13.230055555555555,-14.513285714285713,-13.079833333333333,3419.054,3528.646,3523.7992,3430.63,3438.91,8.28,0.24
1350,训练集,1.35,-13.309611111111114,-14.525571428571427,-13.270666666666665,3430.628,3419.054,3464.4098,3372.4,3378.98,6.58,0.2
1351,训练集,1.35,-13.170277777777777,-14.407714285714286,-13.007,3372.396,3430.628,3429.1812,3395.18,3392.97,2.22,0.07
1352,训练集,1.35,-13.102166666666667,-14.253142857142858,-12.9825,3395.182,3372.396,3391.2038000000002,3338.76,3337.37,1.39,0.04
1353,训练集,1.35,-13.105055555555555,-14.252285714285716,-12.975333333333333,3338.759,3395.182,3362.775,3276.91,3286.88,9.97,0.3
1354,训练集,1.35,-13.057,-14.24757142857143,-12.839666666666666,3276.91,3338.759,3319.2275999999997,3212.89,3220.48,7.59,0.24
1355,训练集,1.35,-12.973722222222221,-14.23857142857143,-12.653166666666666,3212.891,3276.91,3270.4718000000003,3128.62,3120.36,8.26,0.26
1356,训练集,1.35,-12.376277777777776,-14.198000000000002,-10.937666666666667,3128.617,3212.891,3215.6398,3121.02,3119.71,1.32,0.04
1357,训练集,1.35,-12.602833333333333,-14.192142857142857,-11.657166666666667,3121.022,3128.617,3179.6153999999997,3158.64,3154.51,4.12,0.13
1358,训练集,1.35,-13.218944444444444,-14.186714285714285,-13.520333333333333,3158.637,3121.022,3153.646,3147.06,3146.44,0.62,0.02
1359,训练集,1.35,-13.220055555555556,-14.174714285714286,-13.517666666666669,3147.063,3158.637,3157.2628,3230.98,3237.04,6.07,0.19
1360,训练集,1.35,-13.330888888888888,-14.296428571428573,-13.6385,3230.975,3147.063,3175.5644,3220.12,3218.43,1.69,0.05
1361,训练集,1.35,-13.382555555555555,-14.441714285714285,-13.610999999999999,3220.125,3230.975,3196.9764000000005,3228.08,3221.83,6.26,0.19
1362,训练集,1.35,-13.216111111111111,-14.346571428571432,-13.314666666666666,3228.082,3220.125,3225.3328,3300.42,3301.56,1.14,0.03
1363,训练集,1.35,-12.678555555555555,-14.218857142857143,-11.841666666666667,3300.419,3228.082,3267.4336,3357.57,3365.5,7.94,0.24
1364,训练集,1.35,-12.494777777777777,-14.284,-11.241999999999999,3357.567,3300.419,3297.2369999999996,3379.99,3376.17,3.82,0.11
1365,训练集,1.35,-12.469111111111111,-14.341285714285716,-11.067833333333333,3379.992,3357.567,3346.933,3468.6,3463.93,4.68,0.13
1366,训练集,1.35,-12.982388888888888,-14.336285714285717,-12.6245,3468.605,3379.992,3401.6928,3501.88,3503.89,2.01,0.06
1367,训练集,1.35,-12.965833333333332,-14.323714285714287,-12.606833333333334,3501.881,3468.605,3442.7807999999995,3505.86,3502.36,3.5,0.1
1368,训练集,1.35,-12.908666666666669,-14.328857142857144,-12.424666666666667,3505.859,3501.881,3494.5024,3616.18,3610.46,5.71,0.16
1369,训练集,1.35,-13.004999999999999,-14.413285714285715,-12.574333333333334,3616.175,3505.859,3532.7690000000002,3571.32,3570.46,0.87,0.02
1370,训练集,1.35,-13.086833333333333,-14.522857142857143,-12.679499999999999,3571.325,3616.175,3544.0538,3525.03,3528.85,3.82,0.11
1371,训练集,1.35,-13.313277777777778,-14.509857142857145,-13.361166666666668,3525.029,3571.325,3548.6833999999994,3525.03,3534.94,9.91,0.28
1372,训练集,1.35,-13.361888888888888,-14.531,-13.491,3525.029,3525.029,3551.7216,3521.05,3484.87,36.18,1.03
1373,训练集,1.35,-13.36138888888889,-14.546142857142856,-13.476666666666667,3521.05,3525.029,3550.9258,3612.2,3630.94,18.74,0.52
1374,训练集,1.35,-13.382888888888889,-14.542142857142855,-13.546,3612.196,3521.05,3554.6874000000003,3590.13,3589.74,0.39,0.01
1375,训练集,1.35,-13.384555555555556,-14.543428571428572,-13.534999999999998,3590.133,3612.196,3575.1589999999997,3627.39,3626.92,0.47,0.01
1376,训练集,1.35,-13.435555555555556,-14.542857142857143,-13.6815,3627.387,3590.133,3592.5924,3612.2,3618.66,6.46,0.18
1377,训练集,1.35,-13.436944444444444,-14.531142857142855,-13.718666666666666,3612.196,3627.387,3597.9453999999996,3547.82,3554.13,6.32,0.18
1378,训练集,1.35,-13.442666666666666,-14.536,-13.72916666666667,3547.815,3612.196,3579.7162000000003,3521.05,3509.08,11.97,0.34
1379,训练集,1.35,-13.428777777777777,-14.531999999999998,-13.7235,3521.05,3547.815,3565.8995999999997,3521.05,3521.76,0.71,0.02
1380,训练集,1.35,-13.39011111111111,-14.514714285714286,-13.705666666666666,3521.05,3521.05,3541.594,3505.86,3505.01,0.85,0.02
1381,训练集,1.35,-13.459944444444446,-14.516857142857143,-13.890166666666666,3505.859,3521.05,3522.6414000000004,3517.43,3543.63,26.2,0.74
1382,训练集,1.35,-13.479055555555556,-14.516428571428573,-13.905666666666667,3517.433,3505.859,3503.9784,3454.5,3459.95,5.45,0.16
1383,训练集,1.35,-13.5045,-14.514857142857144,-13.941666666666665,3454.5,3517.433,3491.9703999999997,3461.01,3449.63,11.38,0.33
1384,训练集,1.35,-13.511555555555555,-14.520428571428571,-13.927,3461.01,3454.5,3497.0341999999996,3546.37,3538.71,7.66,0.22
1385,训练集,1.35,-13.438555555555556,-14.528142857142857,-13.747333333333332,3546.369,3461.01,3510.8508,3574.94,3566.63,8.31,0.23
1386,训练集,1.35,-13.431555555555555,-14.534714285714285,-13.757166666666668,3574.942,3546.369,3520.1102,3563.73,3572.52,8.79,0.25
1387,训练集,1.35,-13.418,-14.530285714285716,-13.739666666666665,3563.73,3574.942,3548.8282,3598.09,3585.43,12.66,0.35
1388,训练集,1.35,-13.395055555555555,-14.52,-13.708,3598.09,3563.73,3577.6188,3604.96,3607.04,2.08,0.06
1389,训练集,1.35,-13.383944444444445,-14.501285714285714,-13.697666666666665,3604.963,3598.09,3586.0099999999998,3588.32,3610.69,22.36,0.62
1390,训练集,1.35,-13.379166666666666,-14.49185714285714,-13.660499999999999,3588.325,3604.963,3582.8994,3559.39,3576.12,16.73,0.47
1391,训练集,1.35,-13.384722222222223,-14.496571428571428,-13.656833333333331,3559.389,3588.325,3583.478,3566.62,3583.19,16.56,0.46
1392,训练集,1.33,-13.377166666666668,-14.513285714285713,-13.581666666666665,3566.623,3559.389,3578.125,3571.32,3570.21,1.12,0.03
1393,训练集,1.33,-13.274833333333333,-14.515857142857142,-13.25566666666667,3571.325,3566.623,3555.9894,3494.28,3493.72,0.56,0.02
1394,训练集,1.33,-13.26972222222222,-14.507142857142858,-13.274833333333333,3494.285,3571.325,3551.0703999999996,3563.73,3552.57,11.16,0.31
1395,训练集,1.33,-13.279499999999999,-14.510142857142858,-13.3065,3563.73,3494.285,3552.6619999999994,3567.35,3562.24,5.1,0.14
1396,训练集,1.33,-13.30672222222222,-14.522142857142857,-13.374333333333333,3567.347,3563.73,3552.8068,3567.35,3567.88,0.53,0.01
1397,训练集,1.33,-13.320777777777778,-14.530142857142854,-13.407833333333334,3567.347,3567.347,3550.4919999999997,3559.75,3564.86,5.11,0.14
1398,训练集,1.33,-13.330666666666666,-14.547142857142857,-13.395333333333333,3559.751,3567.347,3545.2838,3468.24,3469.44,1.19,0.03
1399,训练集,1.33,-13.35038888888889,-14.52942857142857,-13.479833333333332,3468.244,3559.751,3505.5701999999997,3365.16,3348.77,16.39,0.49
1400,训练集,1.33,-13.320333333333334,-14.513571428571428,-13.426666666666668,3365.162,3468.244,3450.5934,3292.46,3299.51,7.05,0.21
1401,训练集,1.33,-13.301722222222223,-14.499571428571429,-13.405666666666667,3292.463,3365.162,3397.2078,3300.42,3309.51,9.09,0.28
1402,训练集,1.33,-13.294055555555556,-14.48557142857143,-13.439666666666668,3300.419,3292.463,3366.6812,3407.12,3418.42,11.3,0.33
1403,训练集,1.33,-13.231277777777779,-14.405000000000001,-13.3755,3407.118,3300.419,3363.2088000000003,3450.88,3440.62,10.26,0.3
1404,训练集,1.33,-13.195277777777777,-14.294,-13.356833333333332,3450.882,3407.118,3389.0334000000003,3494.28,3478.3,15.99,0.46
1405,训练集,1.33,-13.213222222222221,-14.31242857142857,-13.360000000000001,3494.285,3450.882,3421.947,3457.03,3457.59,0.56,0.02
1406,训练集,1.33,-13.212833333333334,-14.321000000000002,-13.340333333333334,3457.031,3494.285,3438.5847999999996,3383.61,3389.42,5.81,0.17
1407,训练集,1.33,-13.226111111111111,-14.312571428571431,-13.367833333333332,3383.608,3457.031,3423.3938000000003,3331.16,3333.94,2.77,0.08
1408,训练集,1.33,-13.206055555555556,-14.294000000000002,-13.354666666666665,3331.163,3383.608,3388.6718,3277.27,3291.81,14.54,0.44
1409,训练集,1.35,-13.161388888888888,-14.28957142857143,-13.258499999999998,3277.272,3331.163,3354.5284,3323.57,3327.6,4.03,0.12
1410,训练集,1.35,-13.105666666666666,-14.28685714285714,-13.096333333333334,3323.568,3277.272,3336.8056000000006,3368.42,3376.37,7.96,0.24
1411,训练集,1.35,-13.038611111111111,-14.287857142857144,-12.902166666666666,3368.417,3323.568,3330.1506,3350.33,3339.84,10.49,0.31
1412,训练集,1.35,-12.854222222222225,-14.29842857142857,-12.3255,3350.333,3368.417,3339.2652000000003,3376.74,3385.41,8.67,0.26
1413,训练集,1.35,-12.666500000000001,-14.325000000000001,-11.685666666666668,3376.736,3350.333,3349.3199999999997,3327.55,3343.12,15.57,0.47
1414,训练集,1.35,-12.670166666666667,-14.353571428571428,-11.6415,3327.546,3376.736,3352.3582,3338.76,3343.0,4.24,0.13
1415,训练集,1.35,-12.924166666666666,-14.34,-12.4185,3338.759,3327.546,3333.261,3272.93,3274.68,1.75,0.05
1416,训练集,1.35,-12.853333333333332,-14.335714285714287,-12.208833333333333,3272.931,3338.759,3316.2614000000003,3265.34,3275.76,10.43,0.32
1417,训练集,1.35,-12.849166666666665,-14.330142857142857,-12.199000000000003,3265.335,3272.931,3321.542,3403.14,3403.39,0.25,0.01
1418,训练集,1.35,-12.889277777777778,-14.334999999999999,-12.304666666666668,3403.139,3265.335,3342.8818,3434.24,3430.12,4.13,0.12
1419,训练集,1.35,-13.14383333333333,-14.344857142857142,-13.034666666666666,3434.245,3403.139,3360.3873999999996,3426.29,3431.67,5.38,0.16
1420,训练集,1.35,-13.288222222222222,-14.363142857142858,-13.470666666666666,3426.287,3434.245,3368.9955999999997,3315.97,3324.45,8.47,0.26
1421,训练集,1.35,-13.161222222222223,-14.364714285714285,-13.077833333333333,3315.972,3426.287,3378.255,3311.63,3308.34,3.3,0.1
1422,训练集,1.35,-12.952,-14.412571428571427,-12.410333333333332,3311.632,3315.972,3344.0392,3232.06,3228.82,3.24,0.1
1423,训练集,1.35,-13.185611111111111,-14.456999999999999,-13.087499999999999,3232.06,3311.632,3304.1809999999996,3234.95,3238.19,3.23,0.1
1424,训练集,1.35,-13.19161111111111,-14.442714285714287,-13.135,3234.954,3232.06,3265.9865999999997,3235.32,3246.78,11.47,0.35
1425,训练集,1.35,-13.193555555555555,-14.463285714285716,-13.13,3235.315,3234.954,3264.4676,3308.38,3317.24,8.86,0.27
1426,训练集,1.35,-13.173833333333334,-14.462142857142856,-13.0685,3308.377,3235.315,3276.6204000000002,3372.4,3369.6,2.8,0.08
1427,训练集,1.35,-13.18022222222222,-14.466714285714286,-13.082,3372.396,3308.377,3303.9642,3368.78,3353.53,15.25,0.45
1428,训练集,1.35,-12.647722222222223,-14.47557142857143,-11.505833333333333,3368.779,3372.396,3319.4443999999994,3312.36,3299.88,12.47,0.38
1429,训练集,1.35,-12.62438888888889,-14.475571428571428,-11.412666666666667,3312.355,3368.779,3334.8524000000007,3312.36,3311.77,0.58,0.02
1430,训练集,1.35,-12.982000000000001,-14.466857142857142,-12.461999999999998,3312.355,3312.355,3329.4270000000006,3281.25,3277.11,4.14,0.13
1431,训练集,1.35,-12.97188888888889,-14.467428571428574,-12.410499999999999,3281.25,3312.355,3313.4404000000004,3292.46,3284.04,8.43,0.26
1432,训练集,1.35,-13.024000000000001,-14.478142857142856,-12.484333333333332,3292.463,3281.25,3299.7684,3300.42,3305.89,5.47,0.17
1433,训练集,1.35,-13.075944444444445,-14.469428571428567,-12.6685,3300.419,3292.463,3308.0150000000003,3353.59,3357.3,3.72,0.11
1434,训练集,1.35,-13.011055555555554,-14.465,-12.506666666666666,3353.588,3300.419,3303.9642,3292.1,3294.82,2.72,0.08
1435,训练集,1.35,-13.003555555555558,-14.45857142857143,-12.486500000000001,3292.101,3353.588,3313.2234,3327.55,3313.31,14.23,0.43
1436,训练集,1.35,-13.025666666666666,-14.444428571428572,-12.60966666666667,3327.546,3292.101,3328.4142,3368.42,3375.81,7.39,0.22
1437,训练集,1.35,-13.027944444444444,-14.44714285714286,-12.633000000000001,3368.417,3327.546,3366.3194000000003,3489.94,3468.68,21.27,0.61
1438,训练集,1.35,-13.545222222222222,-14.693,-13.804666666666664,3489.945,3368.417,3396.5566,3504.77,3491.68,13.09,0.37
1439,训练集,1.35,-13.683666666666667,-15.007857142857144,-13.815833333333332,3504.774,3489.945,3445.3848,3536.24,3540.71,4.47,0.13
1440,训练集,1.35,-13.697444444444443,-15.03357142857143,-13.836166666666665,3536.242,3504.774,3494.1406,3571.32,3567.49,3.84,0.11
1441,训练集,1.35,-13.685333333333332,-15.02757142857143,-13.842166666666666,3571.325,3536.242,3533.9266000000002,3567.35,3571.46,4.12,0.12
1442,训练集,1.35,-13.473,-14.797714285714287,-13.575000000000001,3567.347,3571.325,3561.415,3627.39,3609.02,18.36,0.51
1443,训练集,1.35,-13.355666666666666,-14.506571428571428,-13.571166666666665,3627.387,3567.347,3586.7334,3631.37,3635.29,3.93,0.11
1444,训练集,1.35,-13.345388888888888,-14.506571428571428,-13.551666666666668,3631.366,3627.387,3581.4525999999996,3509.84,3502.14,7.7,0.22
1445,训练集,1.35,-13.235999999999999,-14.491714285714286,-13.219166666666666,3509.838,3631.366,3525.1736000000005,3289.93,3297.86,7.93,0.24
1446,训练集,1.35,-12.344222222222221,-14.472999999999997,-10.546166666666666,3289.93,3509.838,3444.2996,3162.98,3164.55,1.58,0.05
1447,训练集,1.35,-12.896055555555556,-14.462714285714284,-12.2555,3162.977,3289.93,3345.9924,3135.85,3141.71,5.86,0.19
1448,训练集,1.35,-12.83472222222222,-14.450999999999999,-12.104,3135.851,3162.977,3241.681,3109.81,3118.07,8.27,0.27
1449,训练集,1.35,-12.401277777777779,-14.452428571428571,-10.797333333333333,3109.809,3135.851,3161.6027999999997,3109.45,3116.66,7.21,0.23
1450,训练集,1.35,-12.593777777777778,-14.450285714285714,-11.424666666666667,3109.447,3109.809,3129.1956,3127.89,3118.33,9.56,0.31
1451,训练集,1.35,-12.588166666666664,-14.468999999999998,-11.396333333333333,3127.894,3109.447,3127.4595999999997,3154.3,3151.76,2.54,0.08
1452,训练集,1.35,-12.621166666666667,-14.481857142857146,-11.467500000000001,3154.297,3127.894,3144.9654,3223.38,3220.96,2.42,0.08
1453,训练集,1.35,-12.607777777777777,-14.488571428571428,-11.399333333333333,3223.38,3154.297,3170.7178,3238.57,3220.65,17.92,0.55
1454,训练集,1.35,-13.35522222222222,-14.504428571428573,-13.574333333333335,3238.571,3223.38,3202.6912,3269.31,3285.57,16.25,0.5
1455,训练集,1.35,-13.34288888888889,-14.499857142857142,-13.574833333333332,3269.314,3238.571,3234.8091999999997,3288.48,3288.03,0.46,0.01
1456,训练集,1.35,-13.31711111111111,-14.492999999999999,-13.558499999999997,3288.484,3269.314,3261.719,3288.85,3277.66,11.18,0.34
1457,训练集,1.35,-13.31188888888889,-14.474428571428572,-13.572999999999999,3288.846,3288.484,3270.9057999999995,3269.31,3252.71,16.61,0.51
1458,训练集,1.35,-13.31088888888889,-14.478857142857143,-13.573833333333333,3269.314,3288.846,3291.8114,3343.1,3359.45,16.35,0.49
1459,训练集,1.35,-13.32261111111111,-14.486999999999998,-13.585333333333333,3343.099,3269.314,3306.7129999999997,3343.82,3346.38,2.56,0.08
1460,训练集,1.35,-13.341277777777778,-14.498142857142858,-13.611500000000001,3343.822,3343.099,3302.9513999999995,3269.68,3278.23,8.55,0.26
1461,训练集,1.35,-13.343944444444443,-14.492428571428572,-13.612000000000002,3269.676,3343.822,3277.6330000000003,3162.25,3162.37,0.11,0.0
1462,训练集,1.35,-13.32911111111111,-14.489,-13.588,3162.254,3269.676,3260.1272,3181.78,3176.36,5.43,0.17
1463,训练集,1.35,-13.311666666666666,-14.48442857142857,-13.576333333333332,3181.785,3162.254,3224.1028,3162.98,3171.67,8.69,0.27
1464,训练集,1.35,-13.295444444444444,-14.476714285714285,-13.559666666666665,3162.977,3181.785,3198.5676,3216.15,3222.7,6.56,0.2
1465,训练集,1.35,-13.305666666666667,-14.479142857142858,-13.5615,3216.146,3162.977,3176.4322,3159.0,3144.07,14.93,0.47
1466,训练集,1.35,-13.32927777777778,-14.484857142857146,-13.589666666666666,3158.999,3216.146,3171.0068,3135.13,3136.65,1.52,0.05
1467,训练集,1.35,-13.328777777777777,-14.493857142857141,-13.588666666666667,3135.127,3158.999,3153.5734,3094.62,3096.83,2.21,0.07
1468,训练集,1.35,-13.328277777777778,-14.489857142857142,-13.597666666666669,3094.618,3135.127,3136.0678,3075.45,3073.07,2.38,0.08
1469,训练集,1.35,-13.269222222222222,-14.458714285714285,-13.475666666666664,3075.449,3094.618,3094.0393999999997,3006.0,3005.95,0.05,0.0
1470,训练集,1.35,-13.213166666666668,-14.425714285714287,-13.451833333333333,3006.004,3075.449,3067.9254,3028.43,3024.09,4.34,0.14
1471,训练集,1.35,-13.242666666666667,-14.271571428571429,-13.505166666666668,3028.429,3006.004,3042.9688,3010.34,2992.84,17.5,0.58
1472,训练集,1.35,-13.059722222222224,-14.043142857142856,-13.452333333333334,3010.344,3028.429,3035.2286,3055.92,3066.02,10.1,0.33
1473,训练集,1.35,-13.102166666666667,-14.201285714285714,-13.467833333333333,3055.917,3010.344,3122.8298,3513.46,3506.41,7.05,0.2
1474,训练集,1.35,-13.098555555555556,-14.225857142857143,-13.478666666666664,3513.455,3055.917,3188.6574,3335.14,3335.25,0.1,0.0
1475,训练集,1.35,-13.103111111111112,-14.239857142857142,-13.489666666666665,3335.142,3513.455,3237.5578,3272.93,3288.16,15.23,0.47
1476,训练集,1.35,-13.443666666666665,-14.246999999999998,-13.486166666666668,3272.931,3335.142,3296.2964,3304.04,3300.25,3.79,0.11
1477,训练集,1.35,-13.100944444444444,-14.226714285714285,-13.467666666666666,3304.037,3272.931,3355.8306,3353.59,3358.33,4.74,0.14
1478,训练集,1.35,-13.077444444444444,-14.18957142857143,-13.463333333333333,3353.588,3304.037,3323.2061999999996,3350.33,3353.38,3.04,0.09
1479,训练集,1.35,-13.043444444444445,-14.184285714285716,-13.428166666666668,3350.333,3353.588,3335.2866000000004,3395.54,3400.23,4.68,0.14
1480,训练集,1.35,-12.957277777777778,-14.179000000000002,-13.194,3395.544,3350.333,3360.6050000000005,3399.52,3396.8,2.73,0.08
1481,训练集,1.35,-12.962388888888889,-14.175571428571429,-13.205,3399.523,3395.544,3380.3532,3402.78,3398.68,4.1,0.12
1482,训练集,1.35,-12.99022222222222,-14.164999999999997,-13.231166666666667,3402.778,3399.523,3376.6639999999998,3335.14,3326.62,8.52,0.26
1483,训练集,1.35,-12.509666666666666,-14.169714285714287,-11.728166666666667,3335.142,3402.778,3374.3491999999997,3338.76,3338.26,0.5,0.01
1484,训练集,1.35,-12.215333333333332,-14.165571428571427,-10.856000000000002,3338.759,3335.142,3359.954,3323.57,3325.78,2.22,0.07
1485,训练集,1.35,-12.91461111111111,-14.158714285714286,-13.020666666666669,3323.568,3338.759,3337.0228,3284.87,3297.3,12.43,0.38
1486,训练集,1.35,-13.029222222222224,-14.181,-13.313333333333333,3284.867,3323.568,3318.9381999999996,3312.36,3310.21,2.14,0.06
1487,训练集,1.35,-12.903555555555554,-14.178714285714287,-12.893666666666666,3312.355,3284.867,3315.9,3319.95,3308.91,11.04,0.33
1488,训练集,1.35,-13.102833333333333,-14.175571428571429,-13.496,3319.951,3312.355,3314.3808,3331.16,3316.77,14.4,0.43
1489,训练集,1.35,-13.136722222222224,-14.171714285714287,-13.551833333333333,3331.163,3319.951,3323.3506,3368.42,3375.2,6.78,0.2
1490,训练集,1.35,-13.146055555555556,-14.169142857142857,-13.545166666666667,3368.417,3331.163,3328.0526,3308.38,3302.84,5.53,0.17
1491,训练集,1.35,-13.137555555555554,-14.165285714285714,-13.5585,3308.377,3368.417,3318.6486000000004,3265.34,3264.85,0.48,0.01
1492,训练集,1.35,-13.141555555555556,-14.157714285714286,-13.545333333333332,3265.335,3308.377,3304.6874,3250.14,3253.34,3.2,0.1
1493,训练集,1.35,-13.153500000000001,-14.151857142857143,-13.549666666666667,3250.145,3265.335,3295.4282,3284.87,3280.67,4.2,0.13
1494,训练集,1.35,-13.118388888888889,-14.147285714285715,-13.428666666666667,3284.867,3250.145,3278.7182000000003,3284.87,3275.85,9.01,0.27
1495,训练集,1.35,-13.024888888888889,-14.126285714285713,-13.13,3284.867,3284.867,3283.2754,3331.16,3333.3,2.13,0.06
1496,训练集,1.35,-13.032111111111112,-14.123571428571426,-13.125,3331.163,3284.867,3297.9602,3338.76,3339.85,1.1,0.03
1497,训练集,1.35,-12.783333333333333,-14.151714285714288,-12.349166666666667,3338.759,3331.163,3326.3165999999997,3391.93,3401.74,9.82,0.29
1498,训练集,1.35,-12.792222222222222,-14.15757142857143,-12.365833333333333,3391.927,3338.759,3364.4386,3475.48,3469.49,5.99,0.17
1499,训练集,1.35,-12.40161111111111,-14.146142857142857,-11.273333333333333,3475.477,3391.927,3394.3142,3434.24,3442.45,8.21,0.24
1500,训练集,1.35,-12.431833333333334,-14.145142857142858,-11.411000000000001,3434.245,3475.477,3411.8199999999997,3418.69,3418.34,0.35,0.01
1501,训练集,1.35,-12.361722222222223,-14.131428571428572,-11.257,3418.692,3434.245,3414.3517999999995,3351.42,3360.67,9.25,0.28
1502,训练集,1.35,-12.294833333333335,-14.12342857142857,-11.041833333333331,3351.418,3418.692,3396.0502,3300.42,3293.78,6.64,0.2
1503,训练集,1.35,-11.743333333333332,-14.154428571428571,-9.293166666666668,3300.419,3351.418,3350.9838000000004,3250.14,3255.86,5.71,0.18
1504,训练集,1.35,-12.171611111111112,-14.169000000000002,-10.533333333333333,3250.145,3300.419,3286.8199999999997,3113.43,3118.17,4.74,0.15
1505,训练集,1.35,-12.091833333333334,-14.129428571428573,-10.365,3113.426,3250.145,3215.7842,3063.51,3067.31,3.8,0.12
1506,训练集,1.35,-12.13538888888889,-14.144714285714286,-10.472,3063.513,3113.426,3146.0503999999996,3002.75,3026.01,23.27,0.77
1507,训练集,1.35,-12.159388888888888,-14.161999999999997,-10.527333333333333,3002.749,3063.513,3129.9916,3220.12,3227.9,7.78,0.24
1508,训练集,1.35,-12.167277777777779,-14.156857142857143,-10.522166666666665,3220.125,3002.749,3118.6344,3193.36,3188.29,5.07,0.16
1509,训练集,1.35,-12.148222222222223,-14.161,-10.44,3193.359,3220.125,3133.8977999999997,3189.74,3176.12,13.62,0.43
1510,训练集,1.35,-12.177166666666668,-14.154142857142858,-10.554166666666667,3189.743,3193.359,3160.6628,3197.34,3189.94,7.4,0.23
1511,训练集,1.35,-12.225222222222222,-14.146,-10.745166666666668,3197.338,3189.743,3213.1800000000003,3265.34,3259.94,5.4,0.17
1512,训练集,1.35,-13.085666666666668,-14.125428571428573,-13.355166666666667,3265.335,3197.338,3226.056,3284.5,3283.47,1.03,0.03
1513,训练集,1.35,-13.12138888888889,-14.124999999999998,-13.4585,3284.505,3265.335,3255.136,3338.76,3339.31,0.55,0.02
1514,训练集,1.35,-13.119055555555555,-14.13342857142857,-13.4355,3338.759,3284.505,3298.611,3407.12,3404.71,2.41,0.07
1515,训练集,1.35,-13.107500000000002,-14.137571428571428,-13.3925,3407.118,3338.759,3336.4438,3386.5,3370.47,16.03,0.47
1516,训练集,1.35,-13.007555555555554,-14.13757142857143,-13.111000000000002,3386.502,3407.118,3361.7622,3391.93,3390.48,1.45,0.04
1517,训练集,1.35,-12.330166666666667,-14.156285714285715,-11.047666666666666,3391.927,3386.502,3376.3746,3357.57,3357.0,0.57,0.02
1518,训练集,1.35,-12.290055555555556,-14.155285714285712,-10.932166666666667,3357.567,3391.927,3386.2126000000003,3387.95,3395.19,7.24,0.21
1519,训练集,1.35,-12.601944444444447,-14.15757142857143,-11.868166666666667,3387.949,3357.567,3374.8556,3350.33,3354.04,3.7,0.11
1520,训练集,1.35,-12.61822222222222,-14.145285714285714,-11.919500000000001,3350.333,3387.949,3357.1328000000003,3297.89,3305.28,7.4,0.22
1521,训练集,1.35,-12.611611111111111,-14.139285714285714,-11.894666666666666,3297.888,3350.333,3352.4307999999996,3368.42,3366.37,2.05,0.06
1522,训练集,1.35,-12.946833333333334,-14.137285714285712,-12.8645,3368.417,3297.888,3360.2432,3396.63,3399.64,3.01,0.09
1523,训练集,1.35,-12.995222222222223,-14.153142857142859,-12.925166666666668,3396.629,3368.417,3364.0769999999998,3407.12,3402.36,4.75,0.14
1524,训练集,1.35,-13.026611111111112,-14.171285714285714,-13.010666666666667,3407.118,3396.629,3373.1191999999996,3395.54,3398.08,2.53,0.07
1525,训练集,1.35,-13.054,-14.183285714285715,-13.117833333333335,3395.544,3407.118,3387.225,3368.42,3367.52,0.9,0.03
1526,训练集,1.35,-13.034722222222221,-14.170428571428571,-13.092,3368.417,3395.544,3398.8714,3426.65,3420.75,5.9,0.17
1527,训练集,1.35,-13.0385,-14.163142857142857,-13.09533333333333,3426.649,3368.417,3436.053,3582.54,3593.14,10.61,0.3
1528,训练集,1.35,-13.047444444444444,-14.176285714285717,-13.124500000000003,3582.537,3426.649,3485.6046,3654.88,3649.75,5.13,0.14
1529,训练集,1.35,-13.176722222222224,-14.192285714285713,-13.472333333333333,3654.876,3582.537,3549.8407999999995,3716.72,3702.17,14.56,0.39
1530,训练集,1.35,-13.179388888888887,-14.195142857142855,-13.480333333333332,3716.725,3654.876,3615.5238,3696.83,3669.94,26.89,0.73
1531,训练集,1.35,-13.187611111111112,-14.202285714285717,-13.476,3696.832,3716.725,3661.1692000000003,3654.88,3649.24,5.63,0.15
1532,训练集,1.35,-13.181555555555555,-14.20557142857143,-13.467166666666666,3654.876,3696.832,3677.8794000000003,3666.09,3686.41,20.32,0.55
1533,训练集,1.35,-13.063500000000001,-14.216571428571427,-13.089833333333331,3666.088,3654.876,3663.4116000000004,3582.54,3593.45,10.91,0.3
1534,训练集,1.35,-13.064277777777777,-14.230285714285714,-13.0715,3582.537,3666.088,3641.0591999999997,3604.96,3596.8,8.16,0.23
1535,训练集,1.35,-13.060888888888888,-14.23157142857143,-13.050833333333335,3604.963,3582.537,3610.5326,3544.2,3541.51,2.69,0.08
1536,训练集,1.35,-13.066611111111111,-14.221,-13.084166666666668,3544.199,3604.963,3572.6274000000003,3465.35,3454.55,10.8,0.31
1537,训练集,1.35,-13.090333333333334,-14.217714285714289,-13.171333333333331,3465.35,3544.199,3534.5775999999996,3475.84,3460.2,15.64,0.45
1538,训练集,1.35,-13.095666666666666,-14.221142857142857,-13.203833333333334,3475.839,3465.35,3505.5701999999997,3437.5,3444.96,7.46,0.22
1539,训练集,1.35,-13.204333333333333,-14.225714285714284,-13.502333333333333,3437.5,3475.839,3481.1922,3483.07,3484.47,1.4,0.04
1540,训练集,1.35,-13.21727777777778,-14.222999999999999,-13.490499999999999,3483.073,3437.5,3478.8774,3532.62,3531.02,1.61,0.05
1541,训练集,1.35,-12.816944444444443,-14.231714285714288,-12.265500000000001,3532.625,3483.073,3504.702,3594.47,3585.19,9.28,0.26
1542,训练集,1.35,-13.212,-14.239857142857142,-13.472999999999999,3594.473,3532.625,3531.25,3608.58,3612.54,3.96,0.11
1543,训练集,1.35,-13.11361111111111,-14.199857142857143,-13.245666666666667,3608.579,3594.473,3583.1886,3697.19,3707.97,10.78,0.29
1544,训练集,1.35,-13.081388888888888,-14.206571428571428,-13.165166666666666,3697.193,3608.579,3654.8032,3841.15,3837.3,3.85,0.1
1545,训练集,1.35,-12.959833333333336,-14.22285714285714,-12.750666666666666,3841.146,3697.193,3742.2598,3969.91,3977.5,7.59,0.19
1546,训练集,1.35,-13.056111111111111,-14.34757142857143,-12.781166666666666,3969.908,3841.146,3813.7298,3951.82,3940.2,11.62,0.29
1547,训练集,1.35,-13.146999999999998,-14.502285714285716,-12.833833333333336,3951.823,3969.908,3876.3021999999996,3921.44,3902.74,18.7,0.48
1548,训练集,1.35,-13.159333333333333,-14.513857142857143,-12.846333333333334,3921.441,3951.823,3928.0962,3956.16,3970.67,14.5,0.37
1549,训练集,1.35,-13.341277777777778,-14.51742857142857,-13.398333333333333,3956.163,3921.441,3959.3462,3997.4,3996.05,1.35,0.03
1550,训练集,1.35,-13.372444444444447,-14.505142857142857,-13.552666666666667,3997.396,3956.163,3960.1418,3973.89,3983.01,9.12,0.23
1551,训练集,1.35,-13.363444444444445,-14.482285714285714,-13.569333333333333,3973.886,3997.396,3963.1799999999994,3967.01,3962.2,4.81,0.12
1552,训练集,1.35,-13.369333333333334,-14.493714285714288,-13.550166666666668,3967.014,3973.886,3978.2262,3996.67,4004.13,7.46,0.19
1553,训练集,1.35,-13.379555555555557,-14.504857142857144,-13.5585,3996.672,3967.014,3999.4936000000002,4062.5,4053.67,8.83,0.22
1554,训练集,1.35,-13.371333333333332,-14.515571428571429,-13.544333333333334,4062.5,3996.672,4004.0508,4020.18,4009.01,11.17,0.28
1555,训练集,1.35,-13.013555555555556,-14.531142857142855,-12.513333333333334,4020.182,4062.5,4010.9230000000002,4008.25,4006.28,1.97,0.05
1556,训练集,1.35,-13.012611111111111,-14.529714285714286,-12.494166666666667,4008.247,4020.182,4013.0208,3977.5,3978.45,0.95,0.02
1557,训练集,1.35,-12.847833333333334,-14.533428571428573,-11.981666666666667,3977.503,4008.247,3997.179,3917.46,3908.55,8.92,0.23
1558,训练集,1.35,-12.805500000000002,-14.531285714285714,-11.874166666666667,3917.463,3977.503,3967.4482000000003,3913.85,3915.85,2.01,0.05
1559,训练集,1.35,-12.773055555555553,-14.529,-11.795666666666667,3913.846,3917.463,3956.6699999999996,3966.29,3969.27,2.98,0.08
1560,训练集,1.35,-12.609111111111112,-14.398000000000001,-11.527500000000002,3966.291,3913.846,3939.9597999999996,3924.7,3912.23,12.46,0.32
1561,训练集,1.35,-12.312944444444446,-14.242285714285714,-10.8975,3924.696,3966.291,3924.1902,3898.66,3892.93,5.73,0.15
1562,训练集,1.35,-12.145611111111112,-14.252714285714287,-10.287666666666667,3898.655,3924.696,3921.1520000000005,3902.27,3929.05,26.77,0.69
1563,训练集,1.35,-11.848333333333334,-14.137857142857143,-9.548666666666666,3902.272,3898.655,3894.3868,3780.02,3782.61,2.59,0.07
1564,训练集,1.35,-12.384555555555558,-13.998142857142856,-11.326,3780.02,3902.272,3857.0604,3779.66,3800.0,20.34,0.54
1565,训练集,1.35,-12.360555555555557,-13.991,-11.3055,3779.659,3780.02,3810.6917999999996,3692.85,3690.48,2.37,0.06
1566,训练集,1.35,-12.38572222222222,-13.993285714285715,-11.379833333333332,3692.853,3779.659,3767.2165999999997,3681.28,3678.88,2.39,0.07
1567,训练集,1.35,-12.387055555555555,-14.028285714285717,-11.348333333333334,3681.279,3692.853,3733.6516,3734.45,3734.02,0.43,0.01
1568,训练集,1.35,-12.336666666666666,-14.054571428571432,-11.1945,3734.447,3681.279,3729.0944000000004,3757.23,3764.41,7.18,0.19
1569,训练集,1.35,-13.03388888888889,-14.017857142857142,-13.356166666666665,3757.234,3734.447,3715.4224000000004,3711.3,3718.28,6.98,0.19
1570,训练集,1.35,-12.858611111111113,-14.012428571428572,-12.857000000000001,3711.299,3757.234,3550.7812,2869.65,2886.28,16.64,0.58
1571,训练集,1.35,-12.190222222222223,-14.093571428571428,-10.6865,2869.647,3711.299,3246.0938,2157.84,2163.63,5.79,0.27
1572,训练集,1.35,-12.645611111111112,-14.238714285714284,-11.835999999999999,2157.842,2869.647,3218.8224,3598.09,3589.31,8.78,0.24
1573,训练集,1.35,-12.559944444444444,-14.240571428571428,-11.555666666666667,3598.09,2157.842,3199.0742,3658.49,3654.11,4.39,0.12
1574,训练集,1.35,-12.466111111111111,-14.276714285714286,-11.256833333333335,3658.493,3598.09,3164.8584,3540.22,3530.52,9.7,0.27
1575,训练集,1.35,-12.521333333333333,-14.282571428571428,-11.459833333333334,3540.22,3658.493,3286.0968000000003,3475.84,3465.24,10.6,0.3
1576,训练集,1.33,-13.037722222222222,-14.27442857142857,-12.988999999999999,3475.839,3540.22,3542.173,3438.22,3442.55,4.32,0.13
1577,训练集,1.33,-13.20111111111111,-14.262285714285715,-13.47616666666667,3438.223,3475.839,3523.7267999999995,3505.86,3497.23,8.63,0.25
1578,训练集,1.33,-13.188722222222221,-14.27042857142857,-13.542166666666668,3505.859,3438.223,3504.6293999999994,3563.01,3570.05,7.04,0.2
1579,训练集,1.33,-13.189388888888887,-14.267285714285714,-13.532166666666667,3563.006,3505.859,3510.0548000000003,3567.35,3569.2,1.85,0.05
1580,训练集,1.33,-13.198166666666667,-14.266857142857143,-13.517166666666668,3567.347,3563.006,3512.225,3486.69,3491.28,4.59,0.13
1581,训练集,1.33,-13.197944444444444,-14.272,-13.525666666666666,3486.69,3567.347,3532.6243999999997,3540.22,3541.23,1.01,0.03
1582,训练集,1.33,-13.211944444444445,-14.272571428571426,-13.535499999999999,3540.22,3486.69,3534.9392,3517.43,3500.45,16.99,0.48
1583,训练集,1.33,-13.206388888888888,-14.268285714285714,-13.516166666666669,3517.433,3540.22,3527.4883999999997,3525.75,3539.45,13.7,0.39
1584,训练集,1.33,-13.201666666666666,-14.280571428571431,-13.497166666666667,3525.752,3517.433,3518.2290000000003,3521.05,3534.29,13.24,0.38
1585,训练集,1.33,-13.205555555555556,-14.291285714285715,-13.4685,3521.05,3525.752,3528.1394,3536.24,3537.63,1.39,0.04
1586,训练集,1.33,-12.255333333333333,-14.287142857142856,-10.580333333333334,3536.242,3521.05,3515.9866,3479.46,3475.21,4.24,0.12
1587,训练集,1.33,-13.035055555555555,-14.27442857142857,-12.912833333333333,3479.456,3536.242,3487.7025999999996,3376.01,3376.06,0.05,0.0
1588,训练集,1.33,-12.682333333333334,-14.262714285714285,-11.893500000000001,3376.013,3479.456,3447.2657999999997,3323.57,3333.65,10.08,0.3
1589,训练集,1.33,-12.662500000000001,-14.248285714285716,-11.890833333333333,3323.568,3376.013,3407.7694,3323.57,3333.5,9.94,0.3
1590,训练集,1.33,-13.013277777777779,-14.242714285714287,-12.980500000000001,3323.568,3323.568,3361.5454,3305.12,3302.07,3.05,0.09
1591,训练集,1.33,-12.966555555555555,-14.234285714285717,-12.847333333333333,3305.122,3323.568,3349.3926,3418.69,3434.15,15.46,0.45
1592,训练集,1.33,-12.780388888888888,-14.23757142857143,-12.3055,3418.692,3305.122,3369.3578,3475.84,3486.94,11.1,0.32
1593,训练集,1.33,-12.833111111111114,-14.247,-12.439666666666668,3475.839,3418.692,3394.5314,3449.44,3449.68,0.24,0.01
1594,训练集,1.33,-12.869444444444444,-14.252714285714287,-12.551666666666668,3449.436,3475.839,3424.9856,3475.84,3472.81,3.03,0.09
1595,训练集,1.33,-13.116444444444447,-14.28,-13.249166666666667,3475.839,3449.436,3464.3373999999994,3501.88,3505.07,3.19,0.09
1596,训练集,1.33,-13.182444444444444,-14.277714285714284,-13.475666666666664,3501.881,3475.839,3468.9669999999996,3441.84,3440.83,1.01,0.03
1597,训练集,1.33,-13.169944444444445,-14.262857142857143,-13.474499999999999,3441.84,3501.881,3466.797,3464.99,3468.66,3.67,0.11
1598,训练集,1.33,-13.179277777777779,-14.278142857142857,-13.468833333333334,3464.989,3441.84,3464.5543999999995,3438.22,3437.04,1.19,0.03
1599,训练集,1.33,-13.246611111111111,-14.279714285714286,-13.646333333333333,3438.223,3464.989,3460.0696,3453.42,3450.12,3.29,0.1
1600,训练集,1.33,-13.287388888888888,-14.282571428571428,-13.767833333333334,3453.415,3438.223,3437.2108,3387.59,3392.38,4.79,0.14
1601,训练集,1.33,-13.272333333333334,-14.276285714285715,-13.748833333333335,3387.587,3453.415,3404.2248,3276.91,3280.28,3.37,0.1
1602,训练集,1.33,-13.272166666666669,-14.267285714285714,-13.765333333333333,3276.91,3387.587,3372.8300000000004,3308.02,3319.32,11.31,0.34
1603,训练集,1.33,-13.242166666666668,-14.254999999999999,-13.689999999999998,3308.015,3276.91,3349.899,3323.57,3327.28,3.71,0.11
1604,训练集,1.33,-13.212666666666667,-14.262571428571428,-13.589,3323.568,3308.015,3339.1205999999997,3399.52,3414.49,14.97,0.44
1605,训练集,1.33,-13.211166666666667,-14.275857142857143,-13.592,3399.523,3323.568,3352.2862,3453.42,3444.73,8.69,0.25
1606,训练集,1.33,-13.24538888888889,-14.277285714285714,-13.708666666666666,3453.415,3399.523,3408.1312,3556.14,3547.96,8.17,0.23
1607,训练集,1.33,-13.256555555555556,-14.273142857142854,-13.697000000000001,3556.135,3453.415,3471.2822,3623.77,3603.04,20.73,0.57
1608,训练集,1.33,-13.2445,-14.267,-13.698166666666665,3623.77,3556.135,3518.5188000000003,3559.75,3565.75,6.0,0.17
1609,训练集,1.33,-13.228277777777778,-14.260285714285715,-13.696166666666668,3559.751,3623.77,3558.8834,3601.35,3593.82,7.53,0.21
1610,训练集,1.33,-13.2295,-14.248571428571429,-13.694666666666665,3601.346,3559.751,3576.3167999999996,3540.58,3545.82,5.24,0.15
1611,训练集,1.33,-13.20361111111111,-14.224714285714285,-13.634666666666668,3540.582,3601.346,3566.2616000000003,3505.86,3498.17,7.69,0.22
1612,训练集,1.33,-13.215444444444444,-14.24957142857143,-13.629833333333332,3505.859,3540.582,3554.2536,3563.73,3574.29,10.56,0.3
1613,训练集,1.33,-13.243166666666667,-14.272285714285715,-13.634166666666667,3563.73,3505.859,3553.3856,3555.41,3561.01,5.6,0.16
1614,训练集,1.33,-13.234222222222222,-14.272714285714285,-13.613166666666666,3555.411,3563.73,3536.603,3517.43,3523.36,5.93,0.17
1615,训练集,1.33,-13.23638888888889,-14.277571428571429,-13.605333333333332,3517.433,3555.411,3528.1394,3498.26,3498.97,0.7,0.02
1616,训练集,1.33,-12.334277777777778,-14.281571428571429,-10.876833333333336,3498.264,3517.433,3528.9352,3509.84,3508.8,1.03,0.03
1617,训练集,1.33,-12.664444444444444,-14.278285714285714,-11.911333333333333,3509.838,3498.264,3531.1776,3574.94,3590.66,15.72,0.44
1618,训练集,1.33,-12.674333333333333,-14.294428571428572,-11.971166666666667,3574.942,3509.838,3541.0880000000006,3604.96,3604.18,0.78,0.02
1619,训练集,1.33,-13.009944444444443,-14.28314285714286,-13.021500000000001,3604.963,3574.942,3570.0955999999996,3662.47,3647.78,14.69,0.4
1620,训练集,1.33,-12.956833333333334,-14.269999999999998,-12.941833333333335,3662.471,3604.963,3617.3322,3734.45,3717.6,16.84,0.45
1621,训练集,1.33,-12.9675,-14.264285714285714,-12.9685,3734.447,3662.471,3661.4584000000004,3730.47,3736.69,6.22,0.17
1622,训练集,1.33,-13.009166666666665,-14.268285714285712,-13.061999999999998,3730.469,3734.447,3688.0788000000002,3708.04,3704.39,3.65,0.1
1623,训练集,1.33,-13.0305,-14.283142857142858,-13.094,3708.044,3730.469,3696.3976000000002,3646.56,3635.61,10.95,0.3
1624,训练集,1.33,-13.025666666666668,-14.288,-12.996,3646.557,3708.044,3705.6567999999997,3708.77,3721.84,13.07,0.35
1625,测试集,1.33,-13.114944444444443,-14.283999999999997,-13.258000000000001,3708.767,3646.557,3686.5595999999996,3638.96,3604.48,34.48,0.95
1626,测试集,1.33,-12.991,-14.277142857142858,-12.916666666666666,3638.961,3708.767,3666.739,3631.37,3639.71,8.35,0.23
1627,测试集,1.33,-12.816388888888888,-14.269857142857145,-12.415166666666666,3631.366,3638.961,3666.739,3708.04,3717.02,8.98,0.24
1628,测试集,1.33,-12.302277777777778,-14.284142857142857,-10.868500000000003,3708.044,3631.366,3680.5553999999997,3715.64,3712.95,2.69,0.07
1629,测试集,1.33,-12.93611111111111,-14.281428571428572,-12.770333333333333,3715.639,3708.044,3708.478,3848.38,3829.73,18.65,0.48
1630,测试集,1.33,-12.975222222222222,-14.262571428571428,-12.873833333333335,3848.38,3715.639,3732.9284,3761.21,3760.94,0.28,0.01
1631,测试集,1.33,-12.99472222222222,-14.269428571428572,-12.903,3761.213,3848.38,3753.5445999999997,3734.45,3771.46,37.01,0.99
1632,测试集,1.33,-13.019666666666666,-14.288714285714287,-12.880666666666668,3734.447,3761.213,3771.9184,3799.91,3778.69,21.23,0.56
1633,测试集,1.33,-13.014055555555554,-14.300428571428572,-12.830666666666668,3799.913,3734.447,3782.4074,3768.08,3790.35,22.26,0.59
1634,测试集,1.33,-13.052277777777778,-14.280857142857144,-12.963166666666666,3768.084,3799.913,3770.3268,3787.98,3841.97,53.99,1.43
1635,测试集,1.33,-13.238222222222223,-14.273714285714288,-13.521166666666668,3787.977,3768.084,3769.4585999999995,3756.87,3766.52,9.65,0.26
1636,测试集,1.33,-13.047111111111114,-14.276,-12.955166666666665,3756.872,3787.977,3770.9777999999997,3742.04,3716.63,25.42,0.68
1637,测试集,1.33,-13.00527777777778,-14.278142857142855,-12.852166666666667,3742.043,3756.872,3767.7949999999996,3784.0,3779.6,4.4,0.12
1638,测试集,1.33,-13.004722222222222,-14.278571428571427,-12.830666666666666,3783.999,3742.043,3760.1996,3730.11,3729.18,0.92,0.02
1639,测试集,1.33,-12.995777777777777,-14.271142857142857,-12.836500000000001,3730.107,3783.999,3757.2337999999995,3773.15,3774.87,1.72,0.05
1640,测试集,1.33,-13.02511111111111,-14.264714285714287,-12.915000000000001,3773.148,3730.107,3757.2338000000004,3756.87,3773.26,16.38,0.44
1641,测试集,1.33,-13.032277777777777,-14.252999999999998,-12.985666666666667,3756.872,3773.148,3758.6805999999997,3749.28,3736.65,12.62,0.34
1642,测试集,1.33,-13.112888888888888,-14.228714285714286,-13.270333333333332,3749.277,3756.872,3750.0,3740.6,3739.46,1.14,0.03
1643,测试集,1.33,-12.765444444444446,-14.25071428571429,-12.1865,3740.596,3749.277,3770.0376000000006,3830.3,3850.33,20.03,0.52
1644,测试集,1.33,-13.168777777777779,-14.21957142857143,-13.459499999999998,3830.295,3740.596,3787.254,3859.23,3911.56,52.33,1.36
1645,测试集,1.33,-13.140555555555556,-14.13957142857143,-13.453166666666668,3859.23,3830.295,3801.8661999999995,3829.93,3838.85,8.92,0.23
1646,测试集,1.33,-13.127500000000001,-14.13057142857143,-13.432166666666667,3829.933,3859.23,3813.2232000000004,3806.06,3832.83,26.77,0.7
1647,测试集,1.33,-13.129833333333334,-14.122857142857145,-13.439166666666667,3806.062,3829.933,3836.299,3855.98,3880.23,24.26,0.63
1648,测试集,1.33,-13.121944444444445,-14.11542857142857,-13.443833333333336,3855.975,3806.062,3845.2690000000002,3875.14,3902.3,27.16,0.7
1649,测试集,1.33,-13.110111111111111,-14.110428571428573,-13.43,3875.145,3855.975,3853.0092000000004,3897.93,3900.53,2.6,0.07
1650,测试集,1.33,-13.120166666666666,-14.111857142857144,-13.432833333333335,3897.931,3875.145,3865.0896000000002,3890.34,3886.56,3.78,0.1
1651,测试集,1.33,-13.141777777777778,-14.108571428571425,-13.529833333333336,3890.335,3897.931,3874.3487999999998,3852.36,3851.51,0.85,0.02
1652,测试集,1.33,-13.103999999999997,-14.102285714285715,-13.436666666666666,3852.358,3890.335,3881.2208,3890.34,3916.14,25.81,0.66
1653,测试集,1.31,-13.136333333333333,-14.097142857142856,-13.558333333333332,3890.335,3852.358,3912.543,4031.76,4028.59,3.17,0.08
1654,测试集,1.31,-13.14561111111111,-14.089142857142859,-13.593333333333334,4031.756,3890.335,3957.465,4122.54,4093.0,29.55,0.72
1655,测试集,1.31,-13.161444444444445,-14.089142857142857,-13.6115,4122.541,4031.756,4024.45,4225.26,4192.38,32.88,0.78
1656,测试集,1.31,-13.356777777777777,-14.284,-13.889000000000001,4225.26,4122.541,4105.1068,4255.64,4259.74,4.1,0.1
1657,测试集,1.31,-13.551277777777777,-14.623428571428573,-14.035833333333334,4255.642,4225.26,4195.674000000001,4343.17,4301.8,41.37,0.95
1658,测试集,1.31,-13.686,-14.914857142857144,-14.048166666666665,4343.171,4255.642,4254.340200000001,4325.09,4226.3,98.79,2.28
1659,测试集,1.31,-13.694333333333333,-14.924857142857144,-14.047833333333331,4325.087,4343.171,4313.078600000001,4416.23,4418.61,2.38,0.05
1660,测试集,1.31,-13.599388888888889,-14.857142857142858,-13.864166666666668,4416.233,4325.087,4351.1284,4415.51,4323.84,91.67,2.08
1661,测试集,1.31,-13.472333333333331,-14.739714285714289,-13.710166666666666,4415.509,4416.233,4379.412600000001,4397.06,4291.28,105.79,2.41
1662,测试集,1.31,-13.463611111111112,-14.61242857142857,-13.822666666666668,4397.063,4415.509,4378.7616,4339.92,4328.6,11.31,0.26
1663,测试集,1.31,-13.503,-14.627285714285714,-13.852166666666667,4339.916,4397.063,4367.9832,4271.2,4299.83,28.63,0.67
1664,测试集,1.31,-13.551833333333333,-14.782428571428571,-13.8165,4271.195,4339.916,4408.998799999999,4621.31,4605.04,16.27,0.35
1665,测试集,1.31,-13.5135,-14.80942857142857,-13.681,4621.311,4271.195,4456.3078000000005,4652.05,4591.24,60.82,1.31
1666,测试集,1.33,-13.225611111111112,-14.772714285714287,-12.768499999999998,4652.054,4621.311,4480.540999999999,4518.23,4609.9,91.67,2.03
1667,测试集,1.33,-13.131388888888887,-14.762714285714287,-12.510666666666667,4518.229,4652.054,4476.779399999999,4321.11,4270.68,50.43,1.17
1668,测试集,1.33,-12.956555555555555,-14.647142857142857,-12.248666666666667,4321.108,4518.229,4466.796799999999,4221.28,4292.04,70.75,1.68
1669,测试集,1.33,-12.910833333333333,-14.614714285714285,-12.152166666666668,4221.282,4321.108,4367.0428,4122.54,4218.78,96.24,2.33
1670,测试集,1.33,-13.172444444444444,-14.517571428571427,-13.004999999999997,4122.541,4221.282,4239.8004,4015.84,4019.66,3.82,0.1
1671,测试集,1.33,-13.16211111111111,-14.498857142857144,-13.012666666666666,4015.842,4122.541,4124.276800000001,3940.61,3969.14,28.53,0.72
1672,测试集,1.33,-13.172500000000001,-14.47442857142857,-13.027,3940.611,4015.842,4050.4198000000006,3951.82,4006.62,54.8,1.39
1673,测试集,1.33,-12.734777777777778,-14.501857142857144,-11.701999999999998,3951.823,3940.611,3995.0088000000005,3944.23,3937.92,6.3,0.16
1674,测试集,1.33,-13.203277777777778,-14.50242857142857,-13.097833333333334,3944.227,3951.823,3959.9971999999993,3947.48,3979.69,32.21,0.82
1675,测试集,1.33,-13.173944444444444,-14.474142857142857,-13.007,3947.483,3944.227,3953.9208,3985.46,3992.88,7.42,0.19
1676,测试集,1.33,-13.125555555555556,-14.472,-12.836999999999998,3985.46,3947.483,3956.959,3955.8,3918.03,37.78,0.95
1677,测试集,1.33,-13.0575,-14.403857142857143,-12.71883333333333,3955.802,3985.46,3996.4556,4149.31,4109.26,40.05,0.97
1678,测试集,1.33,-13.064333333333334,-14.337857142857144,-12.793333333333331,4149.306,3955.802,4030.5991999999997,4114.94,4086.62,28.33,0.69
1679,测试集,1.33,-13.090944444444444,-14.349142857142853,-12.870000000000003,4114.945,4149.306,4055.1218,4070.1,4077.59,7.5,0.18
1680,测试集,1.33,-13.11138888888889,-14.337142857142856,-12.952,4070.096,4114.945,4049.1902,3955.8,3974.54,18.73,0.47
1681,测试集,1.33,-13.101555555555557,-14.311285714285717,-12.987166666666667,3955.802,4070.096,4044.4882,3932.29,3939.41,7.12,0.18
1682,测试集,1.33,-13.040833333333333,-14.295,-12.882666666666665,3932.292,3955.802,4000.362,3928.68,3927.03,1.65,0.04
1683,测试集,1.33,-13.0225,-14.278857142857143,-12.879166666666665,3928.675,3932.292,3950.7382,3866.83,3869.4,2.58,0.07
1684,测试集,1.33,-13.036333333333333,-14.289428571428573,-12.937000000000003,3866.826,3928.675,3910.9522000000006,3871.17,3895.27,24.1,0.62
1685,测试集,1.33,-12.672166666666667,-14.312285714285716,-11.8035,3871.166,3866.826,3888.672,3844.4,3812.94,31.46,0.82
1686,测试集,1.33,-13.239944444444445,-14.292285714285713,-13.542166666666667,3844.401,3871.166,3877.2426,3875.14,3904.11,28.97,0.75
1687,测试集,1.33,-13.062777777777777,-14.271142857142857,-13.033000000000001,3875.145,3844.401,3848.3074,3784.0,3769.91,14.09,0.37
1688,测试集,1.33,-13.040222222222223,-14.257428571428575,-12.971666666666666,3783.999,3875.145,3837.6737999999996,3813.66,3844.53,30.87,0.81
1689,测试集,1.31,-13.040111111111111,-14.266428571428571,-12.969833333333334,3813.658,3783.999,3810.9811999999997,3737.7,3749.73,12.02,0.32
1690,测试集,1.31,-13.145111111111111,-14.265857142857143,-13.288499999999999,3737.703,3813.658,3782.9864000000002,3704.43,3687.96,16.47,0.44
1691,测试集,1.31,-13.133611111111112,-13.959714285714286,-13.667833333333334,3704.427,3737.703,3736.5454,3642.94,3618.73,24.21,0.66
1692,测试集,1.31,-13.175277777777778,-13.971571428571428,-13.612333333333334,3642.94,3704.427,3703.704,3619.79,3624.48,4.69,0.13
1693,测试集,1.31,-13.289666666666667,-14.226285714285712,-13.635666666666667,3619.792,3642.94,3640.5528,3497.9,3488.06,9.84,0.28
1694,测试集,1.31,-13.29261111111111,-14.240142857142859,-13.644666666666666,3497.902,3619.792,3604.2392,3556.14,3562.1,5.96,0.17
1695,测试集,1.31,-13.278833333333333,-14.226285714285714,-13.625666666666667,3556.135,3497.902,3579.8612000000003,3582.54,3557.97,24.57,0.69
1696,测试集,1.31,-13.266888888888891,-14.21728571428571,-13.628333333333336,3582.537,3556.135,3566.1894,3574.58,3568.87,5.71,0.16
1697,测试集,1.31,-13.26488888888889,-14.206571428571428,-13.638,3574.581,3582.537,3573.9296000000004,3658.49,3617.13,41.36,1.13
1698,测试集,1.31,-13.244333333333335,-14.214428571428572,-13.626333333333333,3658.493,3574.581,3613.7156000000004,3696.83,3684.09,12.74,0.34
1699,测试集,1.31,-13.236222222222223,-14.218285714285717,-13.615,3696.832,3658.493,3643.374,3704.43,3708.79,4.37,0.12
1700,测试集,1.31,-13.25772222222222,-14.218571428571428,-13.6785,3704.427,3696.832,3667.8244,3704.79,3707.23,2.44,0.07
1701,测试集,1.31,-13.256555555555556,-14.203571428571427,-13.6855,3704.789,3704.427,3682.292,3646.92,3617.6,29.32,0.8
1702,测试集,1.31,-13.270166666666668,-14.221857142857143,-13.717833333333333,3646.919,3704.789,3655.0928,3522.5,3537.38,14.88,0.42
1703,测试集,1.31,-13.268388888888888,-14.211428571428572,-13.744833333333332,3522.497,3646.919,3600.9838000000004,3426.29,3412.57,13.71,0.4
1704,测试集,1.31,-13.273111111111112,-14.223428571428574,-13.739333333333333,3426.287,3522.497,3523.2928,3315.97,3316.96,0.99,0.03
1705,测试集,1.31,-13.279166666666665,-14.20742857142857,-13.737499999999999,3315.972,3426.287,3437.7169999999996,3276.91,3263.86,13.05,0.4
1706,测试集,1.31,-13.282111111111112,-14.204571428571429,-13.714333333333334,3276.91,3315.972,3352.4303999999997,3220.49,3212.07,8.41,0.26
1707,测试集,1.31,-13.280944444444446,-14.207714285714285,-13.652333333333333,3220.486,3276.91,3281.6838000000002,3168.76,3172.53,3.77,0.12
1708,测试集,1.31,-13.366833333333334,-14.336571428571428,-13.794333333333332,3168.764,3220.486,3247.251,3254.12,3264.8,10.67,0.33
1709,测试集,1.31,-13.4835,-14.539428571428573,-13.83183333333333,3254.123,3168.764,3237.1236,3265.34,3242.89,22.44,0.69
1710,测试集,1.31,-13.499444444444446,-14.61057142857143,-13.820333333333332,3265.335,3254.123,3241.0298000000003,3296.44,3298.55,2.11,0.06
1711,测试集,1.31,-12.878444444444444,-14.640428571428572,-11.972499999999998,3296.441,3265.335,3276.7648,3399.16,3387.24,11.92,0.35
1712,测试集,1.31,-13.272111111111112,-14.69557142857143,-13.083666666666666,3399.161,3296.441,3356.4090000000006,3566.98,3504.83,62.16,1.74
1713,测试集,1.31,-13.276833333333332,-14.693285714285716,-13.061666666666666,3566.985,3399.161,3444.9508,3696.83,3632.67,64.16,1.74
1714,测试集,1.31,-13.294277777777777,-14.711571428571428,-13.028166666666664,3696.832,3566.985,3555.5555999999997,3818.36,3734.77,83.59,2.19
1715,测试集,1.31,-13.282388888888889,-14.740857142857141,-12.969999999999999,3818.359,3696.832,3668.9092000000005,3863.21,3892.17,28.96,0.75
1716,测试集,1.31,-13.243444444444444,-14.736142857142857,-12.847,3863.209,3818.359,3757.3062000000004,3841.15,3836.78,4.36,0.11
1717,测试集,1.31,-13.51966666666667,-14.726285714285712,-13.701333333333332,3841.146,3863.209,3806.7853999999998,3814.38,3822.67,8.28,0.22
1718,测试集,1.31,-13.243166666666667,-14.630714285714285,-13.007166666666668,3814.381,3841.146,3818.7934,3756.87,3736.34,20.54,0.55
1719,测试集,1.31,-13.194777777777778,-14.516285714285713,-13.018833333333335,3756.872,3814.381,3792.173,3685.26,3662.7,22.55,0.61
1720,测试集,1.31,-13.130833333333332,-14.420714285714286,-12.961,3685.257,3756.872,3729.1665999999996,3548.18,3552.48,4.3,0.12
1721,测试集,1.31,-13.14561111111111,-14.408142857142858,-12.995833333333335,3548.177,3685.257,3653.067,3460.65,3447.7,12.95,0.37
1722,测试集,1.31,-13.30838888888889,-14.39042857142857,-13.546166666666666,3460.648,3548.177,3580.8014000000003,3453.05,3453.75,0.7,0.02
1723,测试集,1.31,-13.317833333333333,-14.388,-13.575833333333334,3453.053,3460.648,3515.4080000000004,3429.9,3396.45,33.45,0.98
1724,测试集,1.31,-13.377444444444444,-14.389714285714286,-13.7635,3429.905,3453.053,3459.7801999999997,3407.12,3404.44,2.68,0.08
1725,测试集,1.31,-13.247833333333334,-14.399428571428572,-13.352500000000001,3407.118,3429.905,3435.4021999999995,3426.29,3398.34,27.95,0.82
1726,测试集,1.31,-13.366833333333334,-14.40442857142857,-13.733333333333334,3426.287,3407.118,3436.2704,3464.99,3469.33,4.34,0.13
1727,测试集,1.31,-13.385,-14.399,-13.767333333333335,3464.989,3426.287,3459.1292000000003,3567.35,3571.8,4.46,0.12
1728,测试集,1.31,-13.443222222222223,-14.384428571428574,-13.899833333333333,3567.347,3464.989,3481.9880000000003,3544.2,3542.9,1.3,0.04
1729,测试集,1.31,-13.4365,-14.392142857142856,-13.882833333333332,3544.199,3567.347,3510.1274,3547.82,3535.18,12.64,0.36
1730,测试集,1.31,-13.404333333333332,-14.399142857142854,-13.836166666666665,3547.815,3544.199,3529.7309999999998,3524.3,3500.83,23.48,0.67
1731,测试集,1.31,-13.391333333333332,-14.386428571428569,-13.826333333333332,3524.305,3547.815,3520.4716,3418.69,3409.24,9.45,0.28
1732,测试集,1.31,-13.354833333333334,-14.325285714285712,-13.77833333333333,3418.692,3524.305,3492.2596,3426.29,3430.92,4.63,0.14
1733,测试集,1.31,-13.326555555555554,-14.267571428571427,-13.776000000000002,3426.287,3418.692,3480.7578000000003,3486.69,3480.07,6.62,0.19
1734,测试集,1.31,-13.293500000000002,-14.241571428571428,-13.764333333333333,3486.69,3426.287,3473.0178,3509.12,3503.81,5.3,0.15
1735,测试集,1.31,-13.295055555555557,-14.213714285714286,-13.787,3509.115,3486.69,3480.107,3559.75,3554.63,5.12,0.14
1736,测试集,1.31,-13.324333333333335,-14.257428571428573,-13.76383333333333,3559.751,3509.115,3485.5324,3445.82,3462.19,16.37,0.48
1737,测试集,1.31,-13.358333333333334,-14.300857142857144,-13.789666666666667,3445.819,3559.751,3489.4388,3445.82,3436.1,9.72,0.28
1738,测试集,1.31,-13.37438888888889,-14.317285714285715,-13.790999999999999,3445.819,3445.819,3465.0608,3364.8,3359.69,5.11,0.15
1739,测试集,1.31,-13.36461111111111,-14.299000000000001,-13.772333333333334,3364.8,3445.819,3416.3047999999994,3265.34,3261.24,4.09,0.13
1740,测试集,1.31,-13.345888888888888,-14.279714285714286,-13.737500000000002,3265.335,3364.8,3372.1063999999997,3338.76,3358.55,19.79,0.59
1741,测试集,1.31,-13.318777777777777,-14.281714285714287,-13.698333333333336,3338.759,3265.335,3357.4218,3372.4,3376.44,4.04,0.12
1742,测试集,1.29,-13.338611111111112,-14.313,-13.733833333333331,3372.396,3338.759,3338.3246,3350.33,3323.95,26.39,0.79
1743,测试集,1.29,-13.314777777777778,-14.344714285714286,-13.619333333333332,3350.333,3372.396,3315.3936000000003,3250.14,3251.89,1.75,0.05
1744,测试集,1.29,-13.305888888888889,-14.319999999999999,-13.615666666666668,3250.145,3350.333,3311.6322,3246.53,3240.23,6.29,0.19
1745,测试集,1.29,-13.295833333333333,-14.317142857142857,-13.612166666666667,3246.528,3250.145,3303.9642,3300.42,3290.05,10.37,0.31
1746,测试集,1.29,-13.289555555555555,-14.311000000000002,-13.642666666666665,3300.419,3246.528,3313.2234,3418.69,3411.38,7.31,0.21
1747,测试集,1.29,-13.40688888888889,-14.430142857142856,-13.762666666666668,3418.692,3300.419,3332.3206,3445.82,3455.22,9.4,0.27
1748,测试集,1.29,-13.449333333333335,-14.576857142857142,-13.732833333333332,3445.819,3418.692,3384.2592000000004,3509.84,3486.02,23.82,0.68
1749,测试集,1.31,-13.429944444444445,-14.56914285714286,-13.717666666666666,3509.838,3445.819,3457.3928,3612.2,3603.85,8.34,0.23
1750,测试集,1.31,-13.413055555555555,-14.574714285714284,-13.680333333333335,3612.196,3509.838,3538.1944000000003,3704.43,3667.61,36.81,0.99
1751,测试集,1.31,-13.423166666666667,-14.595428571428572,-13.680833333333332,3704.427,3612.196,3603.5156,3745.3,3685.66,59.64,1.59
1752,测试集,1.31,-13.420722222222222,-14.602142857142857,-13.694999999999999,3745.298,3704.427,3664.2072,3749.28,3757.41,8.13,0.22
1753,测试集,1.31,-13.421166666666666,-14.60657142857143,-13.691333333333333,3749.277,3745.298,3699.291,3685.26,3669.67,15.58,0.42
1754,测试集,1.31,-13.427944444444446,-14.602714285714285,-13.699333333333334,3685.257,3749.277,3703.0526,3631.0,3617.26,13.75,0.38
1755,测试集,1.31,-13.449,-14.599571428571428,-13.721666666666666,3631.004,3685.257,3680.9896,3594.11,3587.41,6.7,0.19
1756,测试集,1.31,-13.4605,-14.58714285714286,-13.747833333333332,3594.112,3631.004,3649.7396,3589.05,3640.47,51.42,1.43
1757,测试集,1.31,-13.589944444444443,-14.713714285714286,-13.903666666666666,3589.048,3594.112,3618.7066,3594.11,3621.69,27.58,0.77
1758,测试集,1.31,-13.66311111111111,-14.886857142857142,-13.883666666666665,3594.112,3589.048,3606.4091999999996,3623.77,3629.08,5.31,0.15
1759,测试集,1.31,-13.650555555555554,-14.902142857142854,-13.876333333333333,3623.77,3594.112,3635.489,3776.4,3741.39,35.01,0.93
1760,测试集,1.31,-13.658166666666666,-14.910857142857143,-13.878166666666667,3776.403,3623.77,3690.0317999999997,3866.83,3872.13,5.31,0.14
1761,测试集,1.29,-13.67211111111111,-14.925142857142859,-13.890500000000001,3866.826,3776.403,3741.8258,3848.02,3843.0,5.02,0.13
1762,测试集,1.29,-13.721055555555557,-14.954285714285714,-13.901333333333334,3848.018,3866.826,3791.2326000000003,3841.15,3857.06,15.91,0.41
1763,测试集,1.29,-13.743611111111111,-14.973285714285714,-13.897666666666668,3841.146,3848.018,3829.9334000000003,3817.27,3821.02,3.75,0.1
1764,测试集,1.29,-13.61911111111111,-14.841857142857146,-13.752166666666668,3817.274,3841.146,3820.0232000000005,3726.85,3722.41,4.44,0.12
1765,测试集,1.29,-13.558555555555555,-14.671142857142858,-13.777999999999999,3726.852,3817.274,3779.8756000000003,3666.09,3659.27,6.82,0.19
1766,测试集,1.29,-13.558333333333334,-14.668428571428572,-13.784666666666668,3666.088,3726.852,3726.7794000000004,3582.54,3574.49,8.04,0.22
1767,测试集,1.29,-13.53922222222222,-14.657714285714288,-13.768166666666664,3582.537,3666.088,3675.8534,3586.52,3630.98,44.47,1.24
1768,测试集,1.29,-13.537555555555556,-14.649285714285714,-13.7875,3586.516,3582.537,3609.0132,3483.07,3449.91,33.16,0.95
1769,测试集,1.29,-13.353722222222222,-14.663714285714287,-13.2515,3483.073,3586.516,3567.8528000000006,3521.05,3517.51,3.54,0.1
1770,测试集,1.29,-13.388333333333334,-14.64857142857143,-13.304166666666667,3521.05,3483.073,3522.4246,3438.95,3443.66,4.72,0.14
1771,测试集,1.29,-13.371,-14.636142857142858,-13.267833333333334,3438.947,3521.05,3481.9156000000003,3379.99,3400.22,20.23,0.6
1772,测试集,1.29,-13.349777777777778,-14.624142857142859,-13.1715,3379.992,3438.947,3425.4197999999997,3304.04,3323.55,19.51,0.59
1773,测试集,1.29,-13.285111111111112,-14.609142857142857,-13.049166666666666,3304.037,3379.992,3383.3913999999995,3272.93,3267.63,5.3,0.16
1774,测试集,1.29,-13.181666666666667,-14.50657142857143,-12.948333333333332,3272.931,3304.037,3329.2104,3250.14,3241.88,8.26,0.25
1775,测试集,1.29,-13.160777777777776,-14.396285714285714,-13.025166666666664,3250.145,3272.931,3288.4839999999995,3235.32,3229.45,5.87,0.18
1776,测试集,1.31,-13.154944444444446,-14.38457142857143,-13.050166666666668,3235.315,3250.145,3267.0718,3272.93,3284.74,11.8,0.36
1777,测试集,1.31,-13.136000000000003,-14.391000000000002,-13.032499999999999,3272.931,3235.315,3282.0456,3378.91,3378.27,0.63,0.02
1778,测试集,1.31,-13.126722222222224,-14.380142857142857,-13.024333333333333,3378.906,3272.931,3298.3216,3354.31,3362.69,8.38,0.25
1779,测试集,1.31,-13.138777777777777,-14.375571428571428,-13.0715,3354.311,3378.906,3319.0101999999997,3353.59,3356.87,3.28,0.1
1780,测试集,1.31,-13.15911111111111,-14.384142857142857,-13.057333333333332,3353.588,3354.311,3344.1838000000002,3361.18,3357.81,3.37,0.1
1781,测试集,1.31,-13.354888888888887,-14.617571428571427,-13.289166666666668,3361.183,3353.588,3367.8383999999996,3391.2,3400.61,9.4,0.28
1782,测试集,1.31,-13.468055555555557,-14.916428571428572,-13.21883333333333,3391.204,3361.183,3368.7788,3383.61,3389.61,6.0,0.18
1783,测试集,1.31,-13.450388888888888,-14.916285714285712,-13.234166666666665,3383.608,3391.204,3393.8078,3479.46,3476.32,3.13,0.09
1784,测试集,1.31,-13.441222222222223,-14.934857142857144,-13.258833333333333,3479.456,3383.608,3438.8743999999997,3578.92,3556.02,22.9,0.64
1785,测试集,1.29,-13.68238888888889,-15.07342857142857,-13.838999999999999,3578.921,3479.456,3499.8554000000004,3666.09,3645.61,20.48,0.56
1786,测试集,1.29,-13.464166666666666,-15.20057142857143,-12.962333333333333,3666.088,3578.921,3557.147,3677.66,3666.41,11.25,0.31
1787,测试集,1.29,-13.800055555555556,-15.201285714285714,-13.971000000000002,3677.662,3666.088,3618.996,3692.85,3664.24,28.61,0.77
1788,测试集,1.31,-13.809277777777778,-15.18614285714286,-13.991999999999999,3692.853,3677.662,3682.2194000000004,3795.57,3785.75,9.83,0.26
1789,测试集,1.31,-13.816444444444443,-15.187714285714287,-13.999666666666668,3795.573,3692.853,3727.7922,3806.78,3862.95,56.17,1.48
1790,测试集,1.31,-13.837833333333336,-15.197142857142856,-13.996333333333334,3806.785,3795.573,3745.9489999999996,3756.87,3767.18,10.3,0.27
1791,测试集,1.31,-13.858555555555556,-15.210428571428574,-13.991,3756.872,3806.785,3771.7735999999995,3806.78,3790.18,16.6,0.44
1792,测试集,1.31,-13.866666666666667,-15.230857142857145,-14.004666666666667,3806.785,3756.872,3795.4282,3811.13,3866.19,55.06,1.44
1793,测试集,1.31,-13.83761111111111,-15.232571428571429,-13.9565,3811.126,3806.785,3799.9854,3818.36,3874.89,56.53,1.48
1794,测试集,1.31,-13.752333333333333,-15.123714285714286,-13.889833333333334,3818.359,3811.126,3799.9854,3806.78,3817.75,10.97,0.29
1795,测试集,1.31,-13.677166666666668,-14.969714285714286,-13.872500000000002,3806.785,3818.359,3793.9813999999997,3726.85,3727.52,0.67,0.02
1796,测试集,1.31,-13.666055555555555,-14.954857142857142,-13.859166666666667,3726.852,3806.785,3753.6169999999997,3604.96,3622.88,17.92,0.5
1797,测试集,1.31,-13.657555555555554,-14.93142857142857,-13.831666666666665,3604.963,3726.852,3710.1418,3593.75,3607.11,13.36,0.37
1798,测试集,1.31,-13.64488888888889,-14.908000000000001,-13.814166666666667,3593.75,3604.963,3646.8462,3501.88,3513.07,11.19,0.32
1799,测试集,1.31,-13.639722222222222,-14.900857142857145,-13.799500000000002,3501.881,3593.75,3580.657,3475.84,3459.44,16.4,0.47
1800,测试集,1.31,-13.534277777777778,-14.74757142857143,-13.624333333333333,3475.839,3501.881,3538.7732000000005,3517.43,3519.2,1.76,0.05
1801,测试集,1.31,-13.455055555555557,-14.547571428571429,-13.603166666666667,3517.433,3475.839,3530.5266,3563.73,3580.64,16.91,0.47
1802,测试集,1.31,-13.457833333333333,-14.551285714285713,-13.613333333333335,3563.73,3517.433,3526.7650000000003,3574.94,3583.22,8.28,0.23
1803,测试集,1.31,-13.469055555555554,-14.566285714285712,-13.625833333333333,3574.942,3563.73,3553.3854,3634.98,3621.25,13.73,0.38
1804,测试集,1.31,-13.46877777777778,-14.574428571428571,-13.622333333333332,3634.983,3574.942,3578.4868,3601.35,3584.78,16.57,0.46
1805,测试集,1.31,-13.453666666666667,-14.554428571428572,-13.632333333333335,3601.346,3634.983,3586.2272,3556.14,3548.88,7.26,0.2
1806,测试集,1.31,-13.429388888888887,-14.534285714285712,-13.6145,3556.135,3601.346,3565.6108,3460.65,3472.92,12.27,0.35
1807,测试集,1.31,-13.385444444444445,-14.484428571428571,-13.566833333333335,3460.648,3556.135,3535.8798,3426.29,3433.92,7.64,0.22
1808,测试集,1.31,-13.363166666666668,-14.448714285714287,-13.566,3426.287,3460.648,3486.4006,3387.59,3405.82,18.23,0.54
1809,测试集,1.31,-13.360611111111112,-14.442857142857145,-13.578333333333333,3387.587,3426.287,3445.9636,3399.16,3395.57,3.59,0.11
1810,测试集,1.31,-13.393555555555556,-14.467,-13.633833333333333,3399.161,3387.587,3418.3304000000003,3417.97,3405.59,12.38,0.36
1811,测试集,1.31,-13.410611111111113,-14.507857142857144,-13.633000000000001,3417.969,3399.161,3406.0330000000004,3399.16,3414.78,15.62,0.46
1812,测试集,1.31,-13.407944444444444,-14.51842857142857,-13.632166666666665,3399.161,3417.969,3396.1228,3376.74,3366.84,9.9,0.29
1813,测试集,1.31,-13.412222222222221,-14.535714285714286,-13.654000000000002,3376.736,3399.161,3318.3594000000003,2998.77,3203.87,205.1,6.84
1814,测试集,1.31,-13.413944444444446,-14.544571428571428,-13.652499999999998,2998.77,3376.736,2795.0666,782.7,429.92,352.78,45.07
1815,测试集,1.31,-13.399055555555556,-14.529142857142856,-13.630666666666665,782.697,2998.77,2710.4312,2994.79,2716.29,278.5,9.3
1816,测试集,1.31,-13.382555555555555,-14.515142857142857,-13.627666666666668,2994.792,782.697,2676.9388,3231.7,3192.16,39.54,1.22
1817,测试集,1.31,-13.348444444444446,-14.500714285714285,-13.600333333333332,3231.699,2994.792,2647.9314,3231.7,3248.65,16.95,0.52
1818,测试集,1.31,-13.345722222222221,-14.492285714285716,-13.602833333333335,3231.699,3231.699,2703.5594,3276.91,3236.61,40.3,1.23
1819,测试集,1.31,-13.350277777777777,-14.478142857142856,-13.596499999999999,3276.91,3231.699,3219.8354,3364.08,3361.87,2.2,0.07
1820,测试集,1.31,-13.363833333333334,-14.484714285714286,-13.607333333333331,3364.077,3276.91,3306.858,3429.9,3447.89,17.99,0.52
1821,测试集,1.31,-13.360166666666665,-14.496857142857143,-13.618833333333335,3429.905,3364.077,3352.6478,3460.65,3478.28,17.63,0.51
1822,测试集,1.31,-13.372888888888887,-14.498857142857144,-13.639833333333334,3460.648,3429.905,3417.3178,3555.05,3550.64,4.41,0.12
1823,测试集,1.31,-13.406444444444444,-14.518285714285714,-13.635333333333334,3555.049,3460.648,3466.9415999999997,3525.03,3529.77,4.75,0.13
1824,测试集,1.31,-13.407000000000002,-14.531714285714285,-13.6235,3525.029,3555.049,3504.6296,3552.52,3555.29,2.77,0.08
1825,测试集,1.31,-13.394944444444445,-14.517714285714286,-13.632,3552.517,3525.029,3529.7308000000003,3555.41,3568.26,12.85,0.36
1826,测试集,1.31,-13.403111111111112,-14.52385714285714,-13.661,3555.411,3552.517,3541.6665999999996,3520.33,3542.34,22.01,0.63
1827,测试集,1.31,-13.428166666666668,-14.544,-13.645499999999998,3520.327,3555.411,3538.7008,3540.22,3540.11,0.11,0.0
1828,测试集,1.31,-13.405611111111112,-14.55042857142857,-13.602833333333335,3540.22,3520.327,3530.3095999999996,3483.07,3481.11,1.97,0.06
1829,测试集,1.31,-13.422388888888888,-14.551571428571426,-13.632333333333335,3483.073,3540.22,3511.1400000000003,3456.67,3455.46,1.21,0.04
1830,测试集,1.31,-13.42311111111111,-14.545428571428571,-13.617833333333332,3456.669,3483.073,3483.0004,3414.71,3427.58,12.87,0.38
1831,测试集,1.31,-13.311166666666667,-14.528857142857143,-13.321666666666665,3414.713,3456.669,3463.6138,3423.39,3437.52,14.12,0.41
1832,测试集,1.31,-13.310944444444443,-14.502285714285716,-13.352000000000002,3423.394,3414.713,3449.2907999999998,3468.6,3477.67,9.07,0.26
1833,测试集,1.31,-13.235777777777777,-14.502,-13.154000000000002,3468.605,3423.394,3440.8995999999997,3441.12,3431.0,10.12,0.29
1834,测试集,1.31,-13.160499999999999,-14.501857142857139,-12.959000000000001,3441.117,3468.605,3418.1132000000007,3342.74,3331.3,11.44,0.34
1835,测试集,1.31,-13.169333333333334,-14.499285714285715,-13.024666666666668,3342.737,3441.117,3396.7735999999995,3308.02,3304.98,3.03,0.09
1836,测试集,1.31,-13.361944444444445,-14.501428571428573,-13.645000000000001,3308.015,3342.737,3367.4767999999995,3276.91,3283.26,6.35,0.19
1837,测试集,1.31,-13.351833333333335,-14.494857142857143,-13.625833333333333,3276.91,3308.015,3317.853,3220.49,3220.59,0.1,0.0
1838,测试集,1.31,-13.341611111111112,-14.500142857142858,-13.588833333333334,3220.486,3276.91,3269.9651999999996,3201.68,3203.4,1.72,0.05
1839,测试集,1.31,-12.248777777777777,-14.422142857142855,-10.436000000000002,3201.678,3220.486,3241.6088,3200.96,3192.93,8.03,0.25
1840,测试集,1.31,-13.18,-14.335571428571429,-13.328333333333333,3200.955,3201.678,3226.9242,3234.59,3231.08,3.51,0.11
1841,测试集,1.31,-12.521055555555556,-14.316142857142856,-11.337166666666667,3234.592,3200.955,3205.5121999999997,3169.85,3192.99,23.14,0.73
1842,测试集,1.31,-13.111666666666668,-14.350857142857143,-13.058999999999997,3169.85,3234.592,3202.4016,3204.93,3221.64,16.71,0.52
1843,测试集,1.31,-13.1155,-14.374571428571429,-13.055333333333332,3204.933,3169.85,3230.6133999999997,3342.74,3342.84,0.11,0.0
1844,测试集,1.31,-13.078666666666667,-14.355714285714287,-12.982166666666666,3342.737,3204.933,3266.4208,3379.99,3379.32,0.68,0.02
1845,测试集,1.31,-13.226388888888888,-14.370142857142858,-13.394499999999999,3379.992,3342.737,3304.7598,3426.29,3424.75,1.54,0.04
1846,测试集,1.31,-13.228611111111112,-14.375,-13.399666666666667,3426.287,3379.992,3376.5190000000002,3528.65,3507.82,20.83,0.59
1847,测试集,1.31,-13.115,-14.367857142857144,-13.043999999999999,3528.646,3426.287,3461.8055999999997,3631.37,3599.68,31.69,0.87
1848,测试集,1.31,-13.105166666666666,-14.366428571428571,-13.034833333333333,3631.366,3528.646,3521.8462,3642.94,3627.15,15.79,0.43
1849,测试集,1.31,-12.986888888888888,-14.371,-12.690333333333333,3642.94,3631.366,3586.8056000000006,3704.79,3684.87,19.92,0.54
1850,测试集,1.31,-12.991388888888888,-14.374857142857142,-12.687166666666668,3704.789,3642.94,3639.2508000000003,3688.51,3655.5,33.01,0.89
1851,测试集,1.31,-13.001666666666667,-14.371857142857143,-12.690999999999997,3688.513,3704.789,3670.6454,3685.62,3676.45,9.17,0.25
1852,测试集,1.31,-13.02861111111111,-14.375,-12.771666666666668,3685.619,3688.513,3677.5898,3666.09,3645.3,20.79,0.57
1853,测试集,1.31,-12.616277777777778,-14.373999999999999,-11.550666666666666,3666.088,3685.619,3676.7940000000003,3638.96,3644.68,5.72,0.16
1854,测试集,1.31,-12.58227777777778,-14.381571428571432,-11.428333333333333,3638.961,3666.088,3654.6585999999998,3594.11,3599.59,5.48,0.15
1855,测试集,1.31,-13.305111111111112,-14.382714285714284,-13.548000000000002,3594.112,3638.961,3631.8722000000002,3574.58,3578.5,3.92,0.11
1856,测试集,1.31,-13.269222222222222,-14.374285714285714,-13.41216666666667,3574.581,3594.112,3593.4608,3493.56,3496.87,3.3,0.09
1857,测试集,1.31,-13.132944444444446,-14.367,-12.975833333333334,3493.562,3574.581,3550.058,3449.07,3436.95,12.13,0.35
1858,测试集,1.31,-13.094166666666665,-14.348857142857144,-12.942666666666668,3449.074,3493.562,3495.2258,3364.8,3345.36,19.44,0.58
1859,测试集,1.31,-13.089333333333332,-14.345142857142859,-12.994333333333335,3364.8,3449.074,3439.5978000000005,3315.97,3310.82,5.15,0.16
1860,测试集,1.31,-13.051944444444443,-14.346285714285713,-12.919166666666667,3315.972,3364.8,3378.5444,3269.31,3265.65,3.66,0.11
1861,测试集,1.31,-13.035722222222224,-14.339714285714283,-12.864666666666665,3269.314,3315.972,3341.435,3308.02,3308.5,0.48,0.01
1862,测试集,1.31,-13.05672222222222,-14.344714285714286,-12.877833333333333,3308.015,3269.314,3316.3337999999994,3323.57,3317.99,5.58,0.17
1863,测试集,1.31,-13.066444444444443,-14.35385714285714,-12.921166666666666,3323.568,3308.015,3314.236,3354.31,3379.83,25.52,0.76
1864,测试集,1.31,-13.070166666666665,-14.35714285714286,-12.9535,3354.311,3323.568,3330.078,3395.18,3398.78,3.6,0.11
1865,测试集,1.31,-13.0595,-14.348714285714284,-12.952833333333333,3395.182,3354.311,3365.379,3445.82,3442.78,3.04,0.09
1866,测试集,1.31,-13.036555555555555,-14.336142857142857,-12.927333333333332,3445.819,3395.182,3405.7436000000002,3509.84,3503.56,6.28,0.18
1867,测试集,1.31,-13.045166666666667,-14.33357142857143,-12.932999999999998,3509.838,3445.819,3437.6445999999996,3483.07,3491.01,7.94,0.23
1868,测试集,1.31,-13.043444444444445,-14.339857142857142,-12.886166666666666,3483.073,3509.838,3455.1504,3441.84,3435.49,6.35,0.18
1869,测试集,1.31,-13.03,-14.340571428571428,-12.802000000000001,3441.84,3483.073,3465.2054,3445.46,3443.13,2.33,0.07
1870,测试集,1.31,-13.018944444444445,-14.345857142857142,-12.738999999999999,3445.457,3441.84,3457.4652,3407.12,3409.15,2.03,0.06
1871,测试集,1.31,-13.031444444444444,-14.361142857142857,-12.72316666666667,3407.118,3445.457,3442.2742,3433.88,3422.53,11.35,0.33
1872,测试集,1.31,-13.044,-14.349428571428573,-12.774166666666668,3433.883,3407.118,3425.4918,3399.16,3394.51,4.65,0.14
1873,测试集,1.31,-12.530666666666665,-14.32842857142857,-11.268833333333333,3399.161,3433.883,3419.7771999999995,3413.27,3403.17,10.09,0.3
1874,测试集,1.31,-12.52988888888889,-14.333714285714285,-11.297333333333334,3413.267,3399.161,3405.8884,3376.01,3363.71,12.31,0.36
1875,测试集,1.33,-12.539499999999999,-14.321714285714288,-11.352833333333335,3376.013,3413.267,3411.3138,3434.24,3449.09,14.85,0.43
1876,测试集,1.33,-13.234388888888889,-14.299142857142856,-13.4305,3434.245,3376.013,3433.3770000000004,3544.2,3541.39,2.81,0.08
1877,测试集,1.33,-12.642111111111111,-14.299142857142858,-11.647,3544.199,3434.245,3460.7932,3536.24,3527.59,8.65,0.24
1878,测试集,1.33,-12.603944444444444,-14.31214285714286,-11.518333333333333,3536.242,3544.199,3505.064,3634.62,3642.07,7.45,0.2
1879,测试集,1.33,-12.576277777777777,-14.328571428571427,-11.432166666666667,3634.621,3536.242,3555.3388,3627.39,3622.42,4.96,0.14
1880,测试集,1.33,-12.560666666666668,-14.331,-11.393666666666668,3627.387,3634.621,3604.7456000000006,3681.28,3656.62,24.66,0.67
1881,测试集,1.33,-12.590666666666667,-14.326714285714287,-11.490666666666668,3681.279,3627.387,3621.3832,3627.39,3613.54,13.85,0.38
1882,测试集,1.33,-12.605666666666666,-14.332857142857145,-11.5315,3627.387,3681.279,3643.4462,3646.56,3676.95,30.39,0.83
1883,测试集,1.33,-12.627666666666665,-14.350714285714284,-11.555166666666667,3646.557,3627.387,3628.4722,3559.75,3566.88,7.12,0.2
1884,测试集,1.33,-12.639722222222222,-14.339571428571428,-11.607999999999999,3559.751,3646.557,3598.886,3479.46,3489.49,10.03,0.29
1885,测试集,1.33,-13.218666666666667,-14.308428571428573,-13.395333333333332,3479.456,3559.751,3546.3686000000002,3418.69,3411.02,7.67,0.22
1886,测试集,1.33,-13.214111111111112,-14.30042857142857,-13.4165,3418.692,3479.456,3496.0938,3376.01,3400.12,24.11,0.71
1887,测试集,1.33,-13.208833333333336,-14.294,-13.407499999999999,3376.013,3418.692,3461.5886,3474.03,3511.74,37.71,1.09
1888,测试集,1.33,-13.239833333333333,-14.286142857142858,-13.357166666666666,3474.031,3376.013,3455.3676,3528.65,3525.77,2.88,0.08
1889,测试集,1.33,-13.131722222222221,-14.140142857142857,-13.344833333333332,3528.646,3474.031,3453.8486000000003,3471.86,3471.74,0.12,0.0
1890,测试集,1.33,-13.227222222222224,-14.327285714285713,-13.408499999999998,3471.861,3528.646,3503.3278,3666.09,3627.99,38.1,1.04
1891,测试集,1.33,-13.248666666666669,-14.334999999999999,-13.455833333333333,3666.088,3471.861,3615.5240000000003,3936.99,4005.56,68.57,1.74
1892,测试集,1.33,-13.263166666666667,-14.326999999999998,-13.464666666666666,3936.994,3666.088,3715.495,3973.89,3988.73,14.84,0.37
1893,测试集,1.33,-13.327666666666666,-14.338999999999999,-13.4445,3973.886,3936.994,3749.1322,3696.83,3718.93,22.1,0.6
1894,测试集,1.33,-13.21561111111111,-14.31842857142857,-13.424999999999999,3696.832,3973.886,3790.9434,3680.92,3672.91,8.0,0.22
1895,测试集,1.33,-13.225999999999999,-14.30242857142857,-13.420833333333333,3680.917,3696.832,3797.8156000000004,3700.45,3710.62,10.17,0.27
1896,测试集,1.33,-12.798388888888889,-14.348285714285714,-12.031,3700.449,3680.917,3749.7832000000003,3696.83,3688.82,8.01,0.22
1897,测试集,1.33,-13.263333333333332,-14.370571428571429,-13.399833333333333,3696.832,3700.449,3700.3763999999996,3726.85,3719.2,7.66,0.21
1898,测试集,1.33,-13.246222222222222,-14.343714285714286,-13.348666666666666,3726.852,3696.832,3704.1378000000004,3715.64,3741.88,26.24,0.71
1899,测试集,1.33,-13.247944444444443,-14.352714285714285,-13.346166666666667,3715.639,3726.852,3706.525,3692.85,3658.47,34.38,0.93
1900,测试集,1.33,-12.585777777777777,-14.354571428571429,-11.344666666666667,3692.853,3715.639,3726.2731999999996,3799.19,3789.64,9.55,0.25
1901,测试集,1.33,-13.030444444444445,-14.359571428571428,-12.6935,3799.19,3692.853,3718.5330000000004,3658.13,3635.35,22.78,0.62
1902,测试集,1.33,-13.007055555555556,-14.357000000000001,-12.668833333333332,3658.131,3799.19,3718.5330000000004,3726.85,3698.59,28.26,0.76
1903,测试集,1.33,-12.985277777777778,-14.34457142857143,-12.646166666666668,3726.852,3658.131,3720.7756,3726.85,3749.6,22.75,0.61
1904,测试集,1.33,-12.988722222222222,-14.355857142857143,-12.653500000000001,3726.852,3726.852,3731.2646,3745.3,3760.6,15.31,0.41
1905,测试集,1.33,-12.481166666666665,-14.367285714285714,-11.176666666666668,3745.298,3726.852,3719.7627999999995,3741.68,3730.32,11.36,0.3
1906,测试集,1.33,-12.518222222222223,-14.354714285714286,-11.3155,3741.681,3745.298,3709.0568,3604.6,3620.19,15.59,0.43
1907,测试集,1.33,-12.594055555555556,-14.345428571428572,-11.552,3604.601,3741.681,3670.79,3535.52,3525.22,10.3,0.29
1908,测试集,1.33,-13.214277777777777,-14.355142857142855,-13.383333333333333,3535.518,3604.601,3634.9826000000003,3547.82,3549.32,1.5,0.04
1909,测试集,1.33,-13.210444444444445,-14.355428571428572,-13.385833333333332,3547.815,3535.518,3590.0608,3520.69,3516.26,4.43,0.13
1910,测试集,1.33,-13.152888888888889,-14.349714285714287,-13.190166666666665,3520.689,3547.815,3546.7304000000004,3525.03,3520.06,4.97,0.14
1911,测试集,1.33,-13.097500000000002,-14.358428571428572,-12.998333333333335,3525.029,3520.689,3540.7985999999996,3574.94,3579.26,4.32,0.12
1912,测试集,1.33,-13.090555555555556,-14.356428571428571,-12.977833333333335,3574.942,3525.029,3559.9682000000003,3631.37,3611.48,19.89,0.55
1913,测试集,1.33,-13.087222222222225,-14.346714285714285,-12.975500000000002,3631.366,3574.942,3597.15,3733.72,3710.9,22.83,0.61
1914,测试集,1.33,-13.006722222222221,-14.263571428571428,-12.840666666666666,3733.724,3631.366,3648.2928,3776.4,3775.6,0.81,0.02
1915,测试集,1.33,-12.973444444444446,-14.159,-12.844666666666669,3776.403,3733.724,3705.5122,3811.13,3840.49,29.37,0.77
1916,测试集,1.33,-12.967444444444444,-14.16042857142857,-12.851333333333335,3811.126,3776.403,3720.7032,3650.9,3613.36,37.53,1.03
1917,测试集,1.33,-12.956888888888889,-14.15257142857143,-12.850499999999998,3650.897,3811.126,3739.0046,3722.87,3694.16,28.71,0.77
1918,测试集,1.33,-12.972,-14.137714285714285,-12.891833333333333,3722.873,3650.897,3726.2732000000005,3670.07,3663.23,6.84,0.19
1919,测试集,1.33,-12.981055555555555,-14.134428571428572,-12.9,3670.067,3722.873,3712.746,3708.77,3714.21,5.45,0.15
1920,测试集,1.33,-12.954166666666667,-14.143142857142859,-12.862833333333333,3708.767,3670.067,3699.5804000000003,3745.3,3717.16,28.13,0.75
1921,测试集,1.33,-12.942388888888889,-14.157142857142858,-12.8095,3745.298,3708.767,3720.7754,3756.87,3750.4,6.47,0.17
1922,测试集,1.33,-12.895611111111114,-14.146714285714285,-12.698500000000001,3756.872,3745.298,3720.1243999999997,3719.62,3682.77,36.85,0.99
1923,测试集,1.33,-12.867222222222223,-14.131,-12.650666666666668,3719.618,3756.872,3723.9582,3689.24,3701.78,12.55,0.34
1924,测试集,1.33,-12.836777777777778,-14.121,-12.608333333333334,3689.236,3719.618,3709.9970000000003,3638.96,3622.52,16.44,0.45
1925,测试集,1.33,-12.79861111111111,-14.110857142857144,-12.508333333333333,3638.961,3689.236,3692.636,3658.49,3665.23,6.73,0.18
1926,测试集,1.33,-12.789666666666667,-14.102428571428572,-12.461500000000001,3658.493,3638.961,3653.8628,3563.01,3578.26,15.26,0.43
1927,测试集,1.33,-12.277888888888889,-14.102142857142857,-10.903333333333334,3563.006,3658.493,3623.4085999999998,3567.35,3585.27,17.92,0.5
1928,测试集,1.33,-12.30988888888889,-14.105571428571428,-10.9985,3567.347,3563.006,3605.1793999999995,3598.09,3594.09,4.0,0.11
1929,测试集,1.33,-12.086166666666665,-14.096285714285715,-10.344166666666666,3598.09,3567.347,3591.6521999999995,3571.32,3575.08,3.75,0.11
1930,测试集,1.33,-12.13738888888889,-14.094857142857142,-10.551833333333333,3571.325,3598.09,3586.9502,3634.98,3611.86,23.12,0.64
1931,测试集,1.33,-12.218388888888889,-14.107285714285714,-10.795166666666665,3634.983,3571.325,3599.8264000000004,3627.39,3637.91,10.52,0.29
1932,测试集,1.33,-12.244833333333334,-14.103857142857143,-10.907333333333334,3627.387,3634.983,3618.0555999999997,3658.49,3635.19,23.3,0.64
1933,测试集,1.33,-12.194333333333335,-14.095571428571429,-10.783333333333333,3658.493,3627.387,3646.0504,3738.06,3765.34,27.28,0.73
1934,测试集,1.33,-12.244222222222223,-14.087714285714284,-10.951,3738.064,3658.493,3679.3259999999996,3737.7,3751.19,13.49,0.36
1935,测试集,1.33,-13.03738888888889,-14.103428571428575,-13.271166666666666,3737.703,3738.064,3688.7297999999996,3682.0,3666.93,15.07,0.41
1936,测试集,1.33,-13.027166666666666,-14.10342857142857,-13.230000000000002,3682.002,3737.703,3710.4312,3735.89,3723.51,12.39,0.33
1937,测试集,1.33,-13.009333333333334,-14.094999999999999,-13.1845,3735.894,3682.002,3714.2650000000003,3677.66,3663.62,14.04,0.38
1938,测试集,1.33,-12.985333333333333,-14.090857142857145,-13.157499999999999,3677.662,3735.894,3712.6735999999996,3730.11,3724.05,6.06,0.16
1939,测试集,1.33,-12.987888888888888,-14.095142857142857,-13.187833333333332,3730.107,3677.662,3710.5034,3726.85,3728.21,1.36,0.04
1940,测试集,1.33,-13.005888888888887,-14.096428571428572,-13.174166666666666,3726.852,3730.107,3711.9502,3689.24,3687.17,2.07,0.06
1941,测试集,1.33,-13.020055555555558,-14.087571428571428,-13.198499999999997,3689.236,3726.852,3692.7805999999996,3640.05,3628.08,11.96,0.33
1942,测试集,1.33,-13.006166666666665,-14.079571428571429,-13.196333333333335,3640.046,3689.236,3672.2366,3574.94,3597.02,22.08,0.62
1943,测试集,1.33,-12.195833333333333,-14.069142857142856,-10.762166666666667,3574.942,3640.046,3632.089,3529.37,3517.32,12.05,0.34
1944,测试集,1.33,-12.20688888888889,-14.058714285714288,-10.763833333333332,3529.369,3574.942,3607.5663999999997,3604.24,3616.24,12.01,0.33
1945,测试集,1.33,-12.203111111111111,-14.04957142857143,-10.753833333333333,3604.239,3529.369,3584.7076,3574.94,3575.42,0.48,0.01
1946,测试集,1.33,-12.173166666666667,-14.044571428571428,-10.642333333333333,3574.942,3604.239,3587.5288,3654.15,3656.89,2.74,0.08
1947,测试集,1.33,-12.06988888888889,-14.045428571428571,-10.338166666666668,3654.152,3574.942,3604.8900000000003,3661.75,3662.15,0.4,0.01
1948,测试集,1.33,-12.0065,-14.073714285714287,-10.1715,3661.748,3654.152,3642.0718,3715.28,3685.67,29.61,0.8
1949,测试集,1.33,-11.972666666666667,-14.098142857142857,-10.046000000000001,3715.278,3661.748,3664.2795999999994,3715.28,3719.91,4.63,0.12
1950,测试集,1.33,-12.002222222222223,-14.084,-10.105500000000001,3715.278,3715.278,3687.9341999999997,3693.22,3654.07,39.15,1.06
1951,测试集,1.33,-12.041277777777777,-14.057142857142859,-10.238833333333332,3693.215,3715.278,3680.9898000000003,3619.43,3623.14,3.71,0.1
1952,测试集,1.33,-12.058055555555557,-14.044142857142857,-10.3285,3619.43,3693.215,3678.8196,3650.9,3677.59,26.7,0.73
1953,测试集,1.33,-12.113833333333332,-14.030571428571426,-10.525333333333334,3650.897,3619.43,3658.999,3616.18,3643.52,27.35,0.76
1954,测试集,1.33,-12.808833333333332,-14.027857142857142,-12.597999999999999,3616.175,3650.897,3633.2466,3586.52,3594.46,7.95,0.22
1955,测试集,1.33,-12.710777777777777,-13.92442857142857,-12.483000000000002,3586.516,3616.175,3596.4266,3509.12,3487.81,21.31,0.61
1956,测试集,1.33,-12.658611111111112,-13.785857142857141,-12.499166666666667,3509.115,3586.516,3553.8918,3406.76,3420.18,13.42,0.39
1957,测试集,1.33,-12.672333333333333,-13.78357142857143,-12.542666666666664,3406.756,3509.115,3491.4642,3338.76,3320.8,17.96,0.54
1958,测试集,1.33,-12.637833333333333,-13.773714285714288,-12.525666666666666,3338.759,3406.756,3410.8074,3212.89,3230.17,17.28,0.54
1959,测试集,1.33,-12.591444444444445,-13.746714285714287,-12.475499999999998,3212.891,3338.759,3351.9968,3292.46,3274.04,18.42,0.56
1960,测试集,1.33,-12.530277777777778,-13.724999999999998,-12.371833333333333,3292.463,3212.891,3314.8873999999996,3323.57,3342.09,18.52,0.56
1961,测试集,1.33,-12.474833333333335,-13.699857142857143,-12.230666666666666,3323.568,3292.463,3375.1449999999995,3708.04,3678.83,29.21,0.79
1962,测试集,1.33,-12.437222222222221,-13.710000000000003,-12.117666666666667,3708.044,3323.568,3426.2156000000004,3594.11,3547.07,47.05,1.31
1963,测试集,1.33,-12.444944444444445,-13.727714285714285,-12.1485,3594.112,3708.044,3478.1542,3472.58,3462.81,9.77,0.28
1964,测试集,1.33,-12.467055555555556,-13.744285714285713,-12.216500000000002,3472.584,3594.112,3501.0128000000004,3406.76,3388.57,18.19,0.53
1965,测试集,1.33,-12.77138888888889,-13.784285714285716,-13.030833333333334,3406.756,3472.584,3529.297,3464.99,3452.27,12.72,0.37
1966,测试集,1.33,-12.774722222222223,-13.813142857142859,-13.024333333333333,3464.989,3406.756,3494.8642,3535.88,3521.23,14.65,0.41
1967,测试集,1.33,-12.800388888888891,-13.818714285714284,-13.039166666666667,3535.88,3464.989,3491.8259999999996,3578.92,3574.69,4.23,0.12
1968,测试集,1.33,-12.194833333333333,-13.84542857142857,-11.134833333333333,3578.921,3535.88,3517.5784,3601.35,3603.08,1.73,0.05
1969,测试集,1.31,-12.868222222222222,-13.882,-13.060333333333334,3601.346,3578.921,3580.8018,3722.87,3710.07,12.8,0.34
1970,测试集,1.31,-12.86261111111111,-13.88642857142857,-13.050000000000002,3722.873,3601.346,3632.9574000000002,3725.77,3723.75,2.02,0.05
1971,测试集,1.31,-12.748333333333333,-13.881285714285713,-12.781999999999998,3725.767,3722.873,3680.9898000000003,3776.04,3784.86,8.82,0.23
1972,测试集,1.31,-12.843111111111112,-13.883857142857142,-13.102666666666666,3776.042,3725.767,3735.6771999999996,3852.36,3859.31,6.96,0.18
1973,测试集,1.31,-12.854,-13.885285714285715,-13.139000000000001,3852.358,3776.042,3794.9942,3897.93,3922.55,24.62,0.63
1974,测试集,1.31,-12.885666666666669,-13.890285714285714,-13.223166666666666,3897.931,3852.358,3834.4908000000005,3920.36,3945.52,25.17,0.64
1975,测试集,1.31,-12.907166666666665,-13.903285714285714,-13.234166666666667,3920.356,3897.931,3867.4044000000004,3890.34,3900.59,10.26,0.26
1976,测试集,1.31,-12.9155,-13.91042857142857,-13.226166666666666,3890.335,3920.356,3866.6085999999996,3772.06,3791.58,19.51,0.52
1977,测试集,1.31,-12.928055555555556,-13.919142857142859,-13.232666666666667,3772.063,3890.335,3841.5074,3726.85,3722.0,4.85,0.13
1978,测试集,1.31,-12.813333333333334,-13.912571428571427,-12.888666666666667,3726.852,3772.063,3794.4154000000003,3662.47,3660.08,2.39,0.07
1979,测试集,1.31,-12.336888888888888,-13.908142857142858,-11.463999999999999,3662.471,3726.852,3721.5712,3556.14,3552.4,3.73,0.1
1980,测试集,1.31,-12.316555555555556,-13.896285714285714,-11.4435,3556.135,3662.471,3656.9736000000003,3567.35,3621.09,53.75,1.51
1981,测试集,1.31,-12.311777777777777,-13.883142857142857,-11.452499999999999,3567.347,3556.135,3606.0476000000003,3517.43,3521.65,4.21,0.12
1982,测试集,1.31,-12.273722222222224,-13.867428571428572,-11.401666666666666,3517.433,3567.347,3559.5342000000005,3494.28,3484.61,9.67,0.28
1983,测试集,1.31,-12.195944444444445,-13.86057142857143,-11.193333333333333,3494.285,3517.433,3520.0377999999996,3464.99,3468.08,3.09,0.09
1984,测试集,1.31,-12.05811111111111,-13.860714285714286,-10.789666666666669,3464.989,3494.285,3496.3108,3437.5,3435.84,1.66,0.05
1985,测试集,1.31,-11.981222222222222,-13.871142857142857,-10.557333333333332,3437.5,3464.989,3477.2136,3471.86,3478.71,6.85,0.2
1986,测试集,1.31,-11.984722222222224,-13.855428571428572,-10.587833333333332,3471.861,3437.5,3462.095,3441.84,3442.47,0.63,0.02
1987,测试集,1.31,-12.169555555555556,-13.84714285714286,-11.163499999999999,3441.84,3471.861,3452.3293999999996,3445.46,3442.21,3.25,0.09
1988,测试集,1.31,-12.24572222222222,-13.867714285714285,-11.365833333333333,3445.457,3441.84,3461.2992,3509.84,3494.18,15.66,0.45
1989,测试集,1.31,-12.230055555555555,-13.875857142857143,-11.259833333333333,3509.838,3445.457,3499.2766,3627.39,3638.64,11.26,0.31
1990,测试集,1.31,-12.20122222222222,-13.883285714285716,-11.104999999999999,3627.387,3509.838,3525.1736000000005,3601.35,3582.67,18.68,0.52
1991,测试集,1.31,-12.709555555555555,-13.884571428571425,-12.616,3601.346,3627.387,3567.7808000000005,3654.88,3633.14,21.74,0.59
1992,测试集,1.31,-12.694555555555555,-13.868714285714287,-12.595166666666666,3654.876,3601.346,3601.9244,3616.18,3609.79,6.39,0.18
1993,测试集,1.31,-12.667444444444445,-13.826714285714287,-12.553333333333335,3616.175,3654.876,3618.7792,3594.11,3584.93,9.18,0.26
1994,测试集,1.31,-12.64461111111111,-13.810428571428572,-12.494166666666667,3594.112,3616.175,3624.2770000000005,3654.88,3646.1,8.77,0.24
1995,测试集,1.31,-12.817722222222223,-13.790428571428569,-13.087833333333336,3654.876,3594.112,3644.0976,3700.45,3710.72,10.27,0.28
1996,测试集,1.31,-12.897555555555556,-13.805285714285715,-13.340166666666667,3700.449,3654.876,3642.4338000000002,3646.56,3617.07,29.49,0.81
1997,测试集,1.34,-12.904611111111112,-13.820000000000002,-13.33333333333333,3646.557,3700.449,3658.1312,3694.66,3723.48,28.82,0.78
1998,测试集,1.34,-12.907277777777779,-13.830285714285713,-13.326333333333332,3694.662,3646.557,3674.8412,3677.66,3651.62,26.04,0.71
1999,测试集,1.34,-12.889000000000001,-13.841142857142858,-13.287333333333335,3677.662,3694.662,3669.3434,3627.39,3614.25,13.14,0.36
2000,测试集,1.34,-12.889166666666666,-13.866142857142858,-13.281,3627.387,3677.662,3632.7402,3517.43,3486.48,30.95,0.88
2001,测试集,1.34,-12.854777777777777,-13.905142857142854,-13.122833333333332,3517.433,3627.387,3594.7625999999996,3456.67,3462.32,5.65,0.16
2002,测试集,1.34,-12.71561111111111,-13.898285714285716,-12.712333333333333,3456.669,3517.433,3525.8968,3350.33,3345.37,4.96,0.15
2003,测试集,1.34,-12.702277777777779,-13.882000000000001,-12.725000000000001,3350.333,3456.669,3447.2654,3284.5,3293.3,8.79,0.27
2004,测试集,1.34,-12.734833333333333,-13.873142857142858,-12.847833333333334,3284.505,3350.333,3363.7873999999997,3210.0,3212.68,2.69,0.08
2005,测试集,1.34,-12.8175,-13.871285714285714,-13.061666666666667,3209.997,3284.505,3293.6196000000004,3166.59,3160.0,6.59,0.21
2006,测试集,1.34,-12.850055555555556,-13.870714285714286,-13.127333333333333,3166.594,3209.997,3234.0856,3159.0,3173.32,14.32,0.45
2007,测试集,1.34,-12.875777777777778,-13.877285714285717,-13.152833333333334,3158.999,3166.594,3222.4392,3292.1,3326.35,34.25,1.04
2008,测试集,1.34,-12.887888888888888,-13.89057142857143,-13.129333333333335,3292.101,3158.999,3242.2598,3383.61,3360.24,23.37,0.69
2009,测试集,1.34,-12.83011111111111,-13.905857142857142,-12.926499999999999,3383.608,3292.101,3312.2106,3559.75,3523.37,36.38,1.02
2010,测试集,1.34,-12.83838888888889,-13.919857142857143,-12.9365,3559.751,3383.608,3462.3844000000004,3917.46,3822.02,95.45,2.44
2011,测试集,1.34,-12.815611111111112,-13.915142857142857,-12.898666666666665,3917.463,3559.751,3677.1558000000005,4232.86,4216.85,16.01,0.38
2012,测试集,1.34,-12.821333333333333,-13.907,-12.958666666666668,4232.856,3917.463,3890.4804000000004,4358.72,4264.9,93.82,2.15
2013,测试集,1.34,-12.830055555555555,-13.91657142857143,-12.97766666666667,4358.724,4232.856,3998.047,3921.44,3720.19,201.25,5.13
2014,测试集,1.34,-12.844555555555555,-13.917714285714284,-13.003166666666667,3921.441,4358.724,4020.8334000000004,3673.68,3735.12,61.44,1.67
2015,测试集,1.34,-12.852833333333333,-13.906571428571429,-13.026833333333334,3673.683,3921.441,3967.3032,3649.81,3674.8,24.99,0.68
2016,测试集,1.34,-12.86111111111111,-13.908,-13.048499999999999,3649.812,3673.683,3845.486,3623.77,3633.73,9.96,0.27
2017,测试集,1.34,-12.826166666666666,-13.898142857142856,-13.026333333333334,3623.77,3649.812,3681.7852,3540.22,3541.32,1.1,0.03
2018,测试集,1.34,-12.561611111111112,-13.811142857142856,-12.347999999999999,3540.22,3623.77,3601.273,3518.88,3522.09,3.21,0.09
2019,测试集,1.34,-11.753555555555558,-13.789857142857143,-10.024,3518.88,3540.22,3566.1892,3498.26,3495.16,3.1,0.09
2020,测试集,1.34,-11.708833333333333,-13.712,-9.972333333333333,3498.264,3518.88,3526.8373999999994,3453.05,3455.71,2.66,0.08
2021,测试集,1.34,-11.677944444444442,-13.709142857142856,-9.863333333333332,3453.053,3498.264,3472.9456,3354.31,3345.14,9.17,0.27
2022,测试集,1.34,-11.700388888888888,-13.728142857142858,-9.8585,3354.311,3453.053,3424.9854,3300.42,3324.3,23.88,0.72
2023,测试集,1.32,-11.698833333333333,-13.720142857142859,-9.877333333333334,3300.419,3354.311,3377.3148,3280.53,3281.38,0.85,0.03
2024,测试集,1.32,-12.669333333333334,-13.686285714285715,-12.882833333333336,3280.527,3300.419,3323.2784,3228.08,3225.31,2.78,0.09
2025,测试集,1.32,-12.358888888888892,-13.687714285714287,-11.983666666666666,3228.082,3280.527,3306.2066,3367.69,3393.57,25.87,0.77
2026,测试集,1.32,-12.31988888888889,-13.700000000000003,-11.868,3367.694,3228.082,3329.7165999999997,3471.86,3451.07,20.79,0.6
2027,测试集,1.32,-12.079666666666666,-13.706571428571428,-11.118833333333333,3471.861,3367.694,3380.8597999999997,3556.14,3560.54,4.4,0.12
2028,测试集,1.32,-12.092944444444443,-13.706857142857144,-11.174166666666666,3556.135,3471.861,3435.1132,3551.79,3555.72,3.93,0.11
2029,测试集,1.32,-12.120111111111111,-13.733,-11.147833333333333,3551.794,3556.135,3520.3271999999997,3654.15,3607.55,46.6,1.28
2030,测试集,1.32,-12.162999999999998,-13.75,-11.217500000000001,3654.152,3551.794,3592.1588,3726.85,3724.68,2.17,0.06
2031,测试集,1.32,-12.30188888888889,-13.868142857142857,-11.433666666666667,3726.852,3654.152,3615.0898,3586.52,3592.17,5.65,0.16
2032,测试集,1.32,-11.915277777777778,-14.020857142857144,-10.058333333333332,3586.516,3726.852,3641.71,3689.24,3644.01,45.22,1.23
2033,测试集,1.32,-11.910166666666667,-14.025857142857143,-10.113333333333333,3689.236,3586.516,3659.9392,3642.94,3631.18,11.76,0.32
2034,测试集,1.32,-11.856222222222222,-14.026571428571428,-9.944166666666666,3642.94,3689.236,3674.3343999999997,3726.13,3749.32,23.19,0.62
2035,测试集,1.32,-11.701722222222223,-14.004714285714286,-9.552166666666666,3726.128,3642.94,3672.0918000000006,3715.64,3718.28,2.64,0.07
2036,测试集,1.32,-11.694388888888888,-14.004000000000001,-9.542333333333334,3715.639,3726.128,3687.2828,3662.47,3616.93,45.54,1.24
2037,测试集,1.32,-11.705222222222224,-14.006285714285713,-9.566,3662.471,3715.639,3671.8748,3612.2,3608.16,4.03,0.11
2038,测试集,1.32,-11.69522222222222,-13.992714285714284,-9.5485,3612.196,3662.471,3645.9777999999997,3513.46,3525.66,12.2,0.35
2039,测试集,1.32,-11.611777777777776,-13.801999999999998,-9.437666666666667,3513.455,3612.196,3587.5288,3433.88,3461.5,27.62,0.8
2040,测试集,1.32,-11.880888888888888,-14.036428571428573,-9.858666666666666,3433.883,3513.455,3518.8801999999996,3372.4,3368.86,3.54,0.1
2041,测试集,1.34,-12.13738888888889,-14.149714285714285,-10.467833333333333,3372.396,3433.883,3469.3286,3414.71,3390.7,24.01,0.7
2042,测试集,1.34,-12.78438888888889,-14.128857142857141,-12.433833333333332,3414.713,3372.396,3502.8212,3779.66,3782.57,2.91,0.08
2043,测试集,1.34,-12.950166666666668,-14.134142857142857,-12.939833333333333,3779.659,3414.713,3534.8668000000007,3673.68,3681.5,7.82,0.21
2044,测试集,1.34,-13.088722222222223,-14.154571428571428,-13.35,3673.683,3779.659,3673.3216,4126.16,3992.15,134.01,3.25
2045,测试集,1.34,-13.218055555555553,-14.171142857142858,-13.752166666666668,4126.157,3673.683,3888.093,4446.25,4320.55,125.71,2.83
2046,测试集,1.32,-13.313222222222223,-14.14957142857143,-14.069333333333333,4446.253,4126.157,4099.537,4471.93,4397.99,73.94,1.65
2047,测试集,1.32,-13.285833333333334,-14.122,-14.026666666666669,4471.933,4446.253,4263.1654,4597.8,4472.08,125.72,2.73
2048,测试集,1.32,-13.144555555555556,-14.11314285714286,-13.594833333333334,4597.801,4471.933,4439.0914,4553.31,4506.85,46.47,1.02
2049,测试集,1.32,-12.920944444444444,-14.096857142857145,-12.931833333333332,4553.313,4597.801,4525.3184,4557.29,4506.61,50.68,1.11
2050,测试集,1.32,-12.944055555555556,-14.077857142857143,-12.992666666666667,4557.292,4553.313,4565.683,4648.08,4645.56,2.52,0.05
2051,测试集,1.32,-12.948833333333333,-14.088714285714286,-13.001666666666665,4648.076,4557.292,4548.3942,4385.49,4408.78,23.3,0.53
2052,测试集,1.32,-13.038222222222224,-14.096428571428572,-13.27683333333333,4385.489,4648.076,4330.657,3509.12,2867.88,641.23,18.27
2053,测试集,1.32,-13.22477777777778,-14.310857142857143,-13.599333333333334,3509.115,4385.489,4130.3532000000005,3551.79,3606.78,54.98,1.55
2054,测试集,1.32,-13.324722222222222,-14.570428571428574,-13.564666666666666,3551.794,3509.115,3919.1985999999997,3501.52,3500.74,0.78,0.02
2055,测试集,1.32,-13.309444444444445,-14.547571428571429,-13.560333333333332,3501.519,3551.794,3647.3525999999997,3288.85,3316.99,28.14,0.86
2056,测试集,1.32,-13.277333333333331,-14.51557142857143,-13.524000000000001,3288.846,3501.519,3406.6118,3181.78,3160.95,20.83,0.65
2057,测试集,1.3,-13.258333333333333,-14.479285714285714,-13.516,3181.785,3288.846,3022.0631999999996,1586.37,736.65,849.72,53.56
2058,测试集,1.3,-13.265388888888888,-14.460857142857142,-13.534166666666666,1586.372,3181.785,2796.5134,2424.04,2717.0,292.96,12.09
2059,测试集,1.3,-13.279833333333332,-14.463,-13.562333333333333,2424.045,1586.372,2737.0516,3204.21,3037.98,166.23,5.19
2060,测试集,1.3,-13.249833333333333,-14.448571428571427,-13.525333333333334,3204.21,2424.045,2739.6558,3301.87,3307.08,5.21,0.16
2061,测试集,1.3,-13.292388888888889,-14.446142857142856,-13.610333333333331,3301.867,3204.21,2765.6252,3311.63,3288.1,23.53,0.71
2062,测试集,1.3,-13.290555555555557,-14.482142857142858,-13.590000000000002,3311.632,3301.867,3155.5992,3536.24,3504.26,31.98,0.9
2063,测试集,1.3,-13.12077777777778,-14.265571428571429,-13.355000000000002,3536.242,3311.632,3318.5044000000003,3238.57,3341.72,103.15,3.19
2064,测试集,1.3,-12.962944444444442,-13.944714285714284,-13.338500000000002,3238.571,3536.242,3325.3766000000005,3238.57,3244.38,5.81,0.18
2065,测试集,1.3,-12.94177777777778,-13.933428571428573,-13.322166666666666,3238.571,3238.571,3310.8366,3229.17,3249.63,20.47,0.63
2066,测试集,1.3,-12.822388888888888,-13.768142857142857,-13.124833333333333,3229.167,3238.571,3269.5316,3105.11,3147.53,42.42,1.37
2067,测试集,1.3,-12.717555555555556,-13.593571428571428,-13.071499999999999,3105.107,3229.167,3174.407,3060.62,3064.08,3.46,0.11
2068,测试集,1.3,-12.62588888888889,-13.536714285714286,-12.891666666666666,3060.619,3105.107,3130.136,3017.22,3000.76,16.46,0.55
2069,测试集,1.3,-12.411499999999998,-13.672571428571427,-12.048500000000002,3017.216,3060.619,3150.9692000000005,3342.74,3412.31,69.58,2.08
2070,测试集,1.3,-12.483055555555557,-13.780000000000001,-12.106666666666667,3342.737,3017.216,3145.4714,3201.68,3218.9,17.22,0.54
2071,测试集,1.3,-12.477666666666668,-13.770142857142856,-12.14133333333333,3201.678,3342.737,3067.9973999999997,2717.74,2291.92,425.82,15.67
2072,测试集,1.3,-12.505722222222222,-13.789857142857143,-12.235666666666667,2717.737,3201.678,2970.6306,2573.78,2462.98,110.81,4.31
2073,测试集,1.3,-12.470666666666666,-13.811142857142858,-12.114166666666668,2573.785,2717.737,2922.6706,2777.42,2950.49,173.07,6.23
2074,测试集,1.3,-12.44,-13.811857142857141,-12.026833333333334,2777.416,2573.785,2806.0618,2759.69,2724.27,35.42,1.28
2075,测试集,1.3,-12.798555555555557,-13.812,-13.149833333333332,2759.693,2777.416,2717.3756000000003,2758.25,2767.58,9.34,0.34
2076,测试集,1.3,-12.8185,-13.82457142857143,-13.128333333333336,2758.247,2759.693,2725.6222000000002,2758.97,2734.11,24.86,0.9
2077,测试集,1.3,-12.800722222222223,-13.855142857142857,-13.030666666666667,2758.97,2758.247,2767.9398,2785.37,2810.46,25.09,0.9
2078,测试集,1.3,-12.699555555555555,-13.681142857142856,-12.917833333333332,2785.373,2758.97,2763.455,2754.99,2822.1,67.11,2.44
2079,测试集,1.3,-12.628944444444446,-13.44057142857143,-12.912166666666664,2754.992,2785.373,2766.7826,2776.33,2828.26,51.92,1.87
2080,测试集,1.3,-12.629000000000001,-13.436285714285715,-12.904833333333334,2776.331,2754.992,2766.9272,2758.97,2782.18,23.21,0.84
2081,测试集,1.3,-12.67,-13.490714285714287,-12.9565,2758.97,2776.331,2771.4844000000003,2781.76,2785.43,3.68,0.13
2082,测试集,1.3,-12.787833333333332,-13.644142857142855,-13.122833333333334,2781.756,2758.97,2776.1863999999996,2808.88,2700.43,108.45,3.86
2083,测试集,1.3,-12.620222222222221,-13.519142857142857,-12.870499999999998,2808.883,2781.756,2807.2915999999996,2910.52,2919.41,8.89,0.31
2084,测试集,1.3,-12.058944444444444,-13.291142857142857,-11.432,2910.518,2808.883,2850.2604,2991.18,3113.76,122.58,4.1
2085,测试集,1.3,-12.128555555555556,-13.30757142857143,-11.590000000000002,2991.175,2910.518,2878.3998,2899.67,2813.48,86.19,2.97
2086,测试集,1.3,-12.185722222222221,-13.364857142857144,-11.710666666666668,2899.667,2991.175,2900.5352,2892.43,3061.58,169.15,5.85
2087,测试集,1.3,-12.216500000000002,-13.373714285714286,-11.858166666666667,2892.433,2899.667,2895.0376,2781.4,2793.24,11.85,0.43
2088,测试集,1.3,-12.114611111111111,-13.367571428571425,-11.834666666666665,2781.395,2892.433,2893.5908000000004,2903.28,3020.11,116.82,4.02
2089,测试集,1.3,-12.016555555555556,-13.353142857142858,-11.64,2903.284,2781.395,2897.4246,3010.34,3225.02,214.68,7.13
2090,测试集,1.3,-12.04438888888889,-13.35642857142857,-11.7675,3010.344,2903.284,2918.692,3006.0,3108.16,102.16,3.4
2091,测试集,1.3,-11.886944444444445,-13.197571428571427,-11.472500000000002,3006.004,3010.344,2936.2702,2980.32,3076.39,96.07,3.22
2092,测试集,1.3,-11.46911111111111,-12.743714285714288,-10.883666666666668,2980.324,3006.004,2978.2986,2991.54,3082.5,90.96,3.04
2093,测试集,1.3,-10.25483333333333,-10.758,-9.597000000000001,2991.537,2980.324,2996.6002,2994.79,3101.85,107.06,3.57
2094,测试集,1.3,-10.367833333333332,-10.85342857142857,-9.761833333333334,2994.792,2991.537,3011.1402,3083.04,3199.7,116.65,3.78
2095,测试集,1.3,-10.471,-10.878857142857143,-9.806333333333333,3083.044,2994.792,2941.9852,2660.23,2450.27,209.96,7.89
2096,测试集,1.3,-10.53588888888889,-10.914428571428573,-9.884333333333332,2660.229,3083.044,2852.7201999999997,2534.0,2430.6,103.4,4.08
2097,测试集,1.3,-10.505555555555555,-10.956999999999999,-9.741666666666667,2533.999,2660.229,2756.6554,2511.21,2722.63,211.42,8.42
2098,测试集,1.28,-11.74,-12.581999999999999,-11.533500000000002,2511.213,2533.999,2633.3914,2378.47,2305.36,73.11,3.07
2099,测试集,1.28,-12.068444444444445,-12.739,-12.536,2378.472,2511.213,2515.4082000000003,2493.13,2558.41,65.28,2.62
2100,测试集,1.28,-12.365944444444443,-12.889999999999999,-13.045333333333334,2493.128,2378.472,2507.0894000000003,2618.64,2918.42,299.79,11.45
2101,测试集,1.28,-13.122666666666666,-14.075857142857142,-13.717166666666666,2618.635,2493.128,2541.45,2705.8,2865.57,159.77,5.9
2102,测试集,1.28,-13.762888888888888,-15.150428571428574,-14.200333333333333,2705.802,2618.635,2693.7936,3272.93,2952.65,320.28,9.79
2103,测试集,1.28,-14.215611111111109,-15.944714285714285,-14.441333333333333,3272.931,2705.802,3009.983,3959.42,3684.83,274.59,6.94
2104,测试集,1.28,-14.264388888888886,-16.373571428571427,-14.555500000000002,3959.419,3272.931,3415.7266000000004,4521.85,4127.31,394.54,8.73
2105,测试集,1.28,-13.916722222222221,-16.202142857142857,-13.822999999999999,4521.846,3959.419,3845.3415999999997,4766.71,4583.82,182.89,3.84
2106,测试集,1.28,-13.216000000000001,-15.053571428571429,-13.432666666666668,4766.71,4521.846,4291.5944,4937.07,4761.82,175.25,3.55
2107,测试集,1.28,-13.011055555555556,-14.383571428571427,-13.466166666666668,4937.066,4766.71,4547.5262,4552.59,4438.69,113.9,2.5
2108,测试集,1.28,-13.172722222222221,-14.363857142857144,-13.471666666666666,4552.59,4937.066,4529.0076,3866.83,4028.02,161.2,4.17
2109,测试集,1.28,-13.100944444444444,-14.358571428571427,-13.256166666666665,3866.826,4552.59,4324.218800000001,3497.9,3626.3,128.4,3.67
2110,测试集,1.28,-13.192944444444443,-14.352000000000002,-13.458833333333336,3497.902,3866.826,4046.8752,3379.99,3325.35,54.64,1.62
2111,测试集,1.28,-13.218555555555556,-14.334428571428571,-13.458333333333334,3379.992,3497.902,3710.2866000000004,3254.12,3224.68,29.45,0.9
2112,测试集,1.28,-13.225055555555553,-14.331857142857144,-13.457,3254.123,3379.992,3435.3300000000004,3177.81,3142.56,35.25,1.11
2113,测试集,1.28,-13.239333333333333,-14.334000000000001,-13.475666666666667,3177.807,3254.123,3296.0793999999996,3170.57,3191.45,20.88,0.66
2114,测试集,1.28,-13.238555555555557,-14.334428571428573,-13.474000000000002,3170.573,3177.807,3223.5244000000002,3135.13,3178.82,43.69,1.39
2115,测试集,1.28,-13.225611111111112,-14.327,-13.458833333333333,3135.127,3170.573,3178.6024,3155.38,3129.4,25.98,0.82
2116,测试集,1.26,-13.222833333333334,-14.324285714285713,-13.463833333333334,3155.382,3135.127,3167.9687999999996,3200.96,3212.13,11.17,0.35
2117,测试集,1.28,-13.22122222222222,-14.327428571428573,-13.466500000000002,3200.955,3155.382,3188.5128,3280.53,3280.81,0.29,0.01
2118,测试集,1.28,-13.220666666666668,-14.335285714285714,-13.472999999999999,3280.527,3200.955,3217.5204,3315.61,3324.73,9.12,0.28
2119,测试集,1.28,-13.229722222222223,-14.345142857142857,-13.493833333333333,3315.611,3280.527,3259.7658,3346.35,3357.02,10.66,0.32
2120,测试集,1.28,-13.252222222222223,-14.357,-13.524499999999998,3346.354,3315.611,3291.0157999999997,3311.63,3302.34,9.29,0.28
2121,测试集,1.28,-13.285388888888887,-14.37957142857143,-13.548166666666667,3311.632,3346.354,3308.594,3288.85,3275.59,13.26,0.4
2122,测试集,1.28,-13.291500000000001,-14.377142857142855,-13.554,3288.846,3311.632,3298.8284,3231.7,3224.09,7.61,0.24
2123,测试集,1.28,-13.285944444444445,-14.376285714285713,-13.551666666666668,3231.699,3288.846,3281.3225999999995,3228.08,3252.03,23.95,0.74
2124,测试集,1.28,-13.292777777777777,-14.37857142857143,-13.5445,3228.082,3231.699,3255.4256,3216.87,3250.71,33.84,1.05
2125,测试集,1.28,-13.267944444444444,-14.375428571428571,-13.482166666666666,3216.869,3228.082,3218.6056,3127.53,3169.77,42.24,1.35
2126,测试集,1.28,-13.272333333333332,-14.366285714285713,-13.475333333333333,3127.532,3216.869,3181.2068,3101.85,3095.7,6.16,0.2
2127,测试集,1.28,-13.283611111111108,-14.369714285714286,-13.479833333333334,3101.852,3127.532,3158.2032,3116.68,3129.95,13.27,0.43
2128,测试集,1.28,-13.273833333333334,-14.365285714285715,-13.472333333333331,3116.681,3101.852,3142.2164000000002,3148.15,3161.46,13.31,0.42
2129,测试集,1.28,-13.276555555555554,-14.361142857142857,-13.464999999999998,3148.148,3116.681,3132.8125999999997,3169.85,3178.46,8.61,0.27
2130,测试集,1.28,-13.262722222222221,-14.338142857142858,-13.465666666666666,3169.85,3148.148,3126.2298,3094.62,2912.22,182.4,5.89
2131,测试集,1.28,-12.883166666666668,-14.389714285714286,-13.460833333333333,3094.618,3169.85,3129.1956,3116.68,3121.08,4.4,0.14
2132,测试集,1.28,-12.549277777777776,-14.339428571428572,-13.293833333333334,3116.681,3094.618,3131.3658000000005,3127.53,3113.67,13.87,0.44
2133,测试集,1.28,-12.661555555555557,-14.159857142857144,-13.2395,3127.532,3116.681,3139.6848,3189.74,3217.77,28.03,0.88
2134,测试集,1.28,-12.742722222222222,-14.092,-13.193666666666667,3189.743,3127.532,3082.5378,2884.12,3001.41,117.29,4.07
2135,测试集,1.28,-13.014444444444445,-14.08242857142857,-13.189166666666665,2884.115,3189.743,3007.668,2720.27,2738.72,18.45,0.68
2136,测试集,1.28,-12.765222222222222,-14.062714285714287,-12.433666666666666,2720.269,2884.115,2948.2786,2819.73,2943.37,123.63,4.38
2137,测试集,1.26,-12.730888888888888,-14.076857142857142,-12.397833333333333,2819.734,2720.269,2911.9648,2945.96,3011.01,65.04,2.21
2138,测试集,1.26,-12.691166666666666,-14.082571428571429,-12.360166666666666,2945.963,2819.734,2891.3484,3086.66,3259.12,172.45,5.59
2139,测试集,1.26,-12.592833333333335,-14.041,-12.318833333333332,3086.661,2945.963,2941.6956,3135.85,3219.67,83.82,2.67
2140,测试集,1.26,-12.648,-13.986142857142855,-12.377333333333334,3135.851,3086.661,3018.0122,3101.85,3113.13,11.28,0.36
2141,测试集,1.26,-12.665833333333333,-13.976714285714289,-12.375166666666667,3101.852,3135.851,3098.7414,3223.38,3319.33,95.95,2.98
2142,测试集,1.26,-12.664166666666667,-13.980285714285714,-12.393833333333333,3223.38,3101.852,3173.5389999999998,3319.95,3294.32,25.64,0.77
2143,测试集,1.26,-12.908444444444445,-13.981714285714286,-13.14,3319.951,3223.38,3236.7624,3402.78,3376.23,26.54,0.78
2144,测试集,1.26,-13.210166666666668,-14.143285714285712,-13.608166666666667,3402.778,3319.951,3293.3306,3418.69,3381.55,37.14,1.09
2145,测试集,1.26,-13.415222222222223,-14.489714285714284,-13.664666666666664,3418.692,3402.778,3355.1796000000004,3411.1,3430.5,19.4,0.57
2146,测试集,1.26,-13.496222222222222,-14.700857142857142,-13.656333333333334,3411.097,3418.692,3409.9394,3497.18,3501.93,4.75,0.14
2147,测试集,1.26,-13.5475,-14.707999999999998,-13.786166666666666,3497.179,3411.097,3469.1842000000006,3616.18,3634.9,18.73,0.52
2148,测试集,1.26,-13.558055555555557,-14.709000000000001,-13.782166666666667,3616.175,3497.179,3530.165,3707.68,3720.64,12.96,0.35
2149,测试集,1.26,-13.535388888888889,-14.69885714285714,-13.753333333333332,3707.682,3616.175,3578.7762000000002,3661.75,3632.91,28.84,0.79
2150,测试集,1.28,-13.51922222222222,-14.701142857142859,-13.737,3661.748,3707.682,3581.8142,3426.29,3519.62,93.34,2.72
2151,测试集,1.28,-13.643833333333333,-14.853142857142858,-13.8865,3426.287,3661.748,3553.2406,3354.31,3408.0,53.69,1.6
2152,测试集,1.28,-13.716222222222223,-15.090285714285713,-13.85666666666667,3354.311,3426.287,3476.3453999999997,3231.7,3254.15,22.45,0.69
2153,测试集,1.28,-13.680055555555558,-15.088,-13.740166666666667,3231.699,3354.311,3381.1488,3231.7,3275.6,43.91,1.36
2154,测试集,1.28,-13.630277777777778,-14.987999999999998,-13.595999999999998,3231.699,3231.699,3282.9862000000003,3170.94,3209.79,38.85,1.23
2155,测试集,1.28,-13.487111111111112,-14.801714285714286,-13.476833333333333,3170.935,3231.699,3217.4482,3098.6,3148.76,50.17,1.62
2156,测试集,1.28,-13.24238888888889,-14.353285714285715,-13.304833333333335,3098.597,3170.935,3169.2712,3113.43,3102.53,10.89,0.35
2157,测试集,1.28,-13.153388888888887,-14.175428571428572,-13.321333333333333,3113.426,3098.597,3121.8898,2994.79,2997.7,2.91,0.1
2158,测试集,1.28,-13.115444444444446,-14.172,-13.247500000000002,2994.792,3113.426,3031.1056,2777.78,2717.42,60.36,2.17
2159,测试集,1.28,-13.103666666666665,-14.16357142857143,-13.197666666666665,2777.778,2994.792,2948.7126,2758.97,2640.0,118.97,4.31
2160,测试集,1.28,-13.075166666666666,-14.166285714285717,-13.192666666666668,2758.97,2777.778,2891.5656,2812.86,2805.05,7.81,0.28
2161,测试集,1.28,-11.784444444444443,-14.150285714285715,-9.600166666666665,2812.862,2758.97,2852.5754,2918.48,2867.84,50.64,1.74
2162,测试集,1.28,-12.758722222222222,-14.125714285714285,-12.34216666666667,2918.475,2812.862,2836.6609999999996,2915.22,3098.5,183.28,6.29
2163,测试集,1.28,-12.744388888888889,-14.112857142857141,-12.335666666666667,2915.22,2918.475,2887.6592,3032.77,3227.45,194.69,6.42
2164,测试集,1.28,-12.675444444444445,-14.125000000000002,-12.126,3032.769,2915.22,2944.0104,3040.73,3096.96,56.23,1.85
2165,测试集,1.28,-11.65188888888889,-14.130714285714285,-9.039,3040.726,3032.769,3023.9438,3212.53,3313.3,100.77,3.14
2166,测试集,1.28,-11.476555555555557,-13.949857142857143,-8.717999999999998,3212.529,3040.726,3085.0694,3224.1,3258.59,34.48,1.07
2167,测试集,1.28,-12.983944444444445,-13.913142857142857,-13.208,3224.103,3212.529,3166.0155999999997,3319.95,3377.32,57.37,1.73
2168,测试集,1.28,-11.595722222222221,-14.130714285714282,-8.939,3319.951,3224.103,3256.7998,3486.69,3523.33,36.64,1.05
2169,测试集,1.28,-11.594000000000001,-14.153285714285715,-8.876833333333334,3486.69,3319.951,3432.1472000000003,3917.46,3864.04,53.42,1.36
2170,测试集,1.28,-12.98511111111111,-14.151571428571428,-13.017833333333334,3917.463,3486.69,3490.0176,3501.88,3408.74,93.15,2.66
2171,测试集,1.28,-11.742,-14.154857142857143,-8.705333333333334,3501.881,3917.463,3495.226,3250.14,3322.81,72.67,2.24
2172,测试集,1.28,-11.716777777777777,-14.144857142857145,-8.623833333333334,3250.145,3501.881,3469.9076,3193.36,3197.53,4.17,0.13
2173,测试集,1.28,-12.508722222222223,-14.134428571428572,-11.560666666666668,3193.359,3250.145,3406.6841999999997,3170.57,3186.2,15.63,0.49
2174,测试集,1.28,-11.94761111111111,-14.128571428571428,-9.8705,3170.573,3193.359,3271.6292000000003,3242.19,3257.3,15.11,0.47
2175,测试集,1.28,-11.575055555555558,-14.138142857142856,-8.707,3242.188,3170.573,3222.801,3257.74,3269.07,11.33,0.35
2176,测试集,1.28,-11.691222222222223,-14.150285714285715,-9.0005,3257.74,3242.188,3230.5412,3288.85,3311.75,22.9,0.7
2177,测试集,1.28,-11.764333333333333,-14.175857142857144,-9.157166666666667,3288.846,3257.74,3261.068,3345.99,3341.87,4.12,0.12
2178,测试集,1.28,-11.853833333333334,-14.186714285714286,-9.381666666666668,3345.993,3288.846,3289.2797999999993,3311.63,3313.71,2.08,0.06
2179,测试集,1.28,-12.053055555555554,-14.204857142857142,-9.936166666666667,3311.632,3345.993,3296.9475999999995,3280.53,3287.16,6.63,0.2
2180,测试集,1.28,-13.19372222222222,-14.210285714285714,-13.344666666666669,3280.527,3311.632,3299.9858,3272.93,3272.42,0.51,0.02
2181,测试集,1.28,-13.22461111111111,-14.201857142857142,-13.451166666666667,3272.931,3280.527,3292.2455999999997,3250.14,3253.38,3.24,0.1
2182,测试集,1.28,-13.174611111111112,-14.14342857142857,-13.416833333333335,3250.145,3272.931,3285.518,3312.36,3294.67,17.68,0.53
2183,测试集,1.28,-13.2085,-14.033,-13.637666666666666,3312.355,3250.145,3288.7008,3327.55,3314.33,13.22,0.4
2184,测试集,1.28,-13.23988888888889,-14.07642857142857,-13.673833333333333,3327.546,3312.355,3281.9010000000003,3246.53,3254.77,8.24,0.25
2185,测试集,1.28,-13.293722222222222,-14.078857142857144,-13.851166666666666,3246.528,3327.546,3272.2077999999997,3224.46,3212.62,11.84,0.37
2186,测试集,1.28,-13.3615,-14.078714285714286,-14.0875,3224.465,3246.528,3247.6852000000003,3127.53,3141.75,14.22,0.45
2187,测试集,1.3,-13.39338888888889,-14.05842857142857,-14.217666666666666,3127.532,3224.465,3210.7205999999996,3127.53,3127.26,0.27,0.01
2188,测试集,1.3,-13.386999999999999,-14.049714285714286,-14.203000000000001,3127.532,3127.532,3168.6200000000003,3117.04,3115.43,1.61,0.05
2189,测试集,1.3,-13.302555555555555,-13.949142857142856,-14.0715,3117.043,3127.532,3143.0124000000005,3118.49,3106.73,11.76,0.38
2190,测试集,1.3,-13.213888888888889,-13.810571428571427,-14.034833333333333,3118.49,3117.043,3130.7148,3162.98,3152.72,10.26,0.32
2191,测试集,1.3,-13.182944444444445,-13.796285714285716,-13.99,3162.977,3118.49,3140.6252,3177.08,3127.92,49.16,1.55
2192,测试集,1.3,-13.080000000000002,-13.779714285714286,-13.770333333333332,3177.084,3162.977,3144.5314,3147.06,3123.31,23.75,0.75
2193,测试集,1.3,-12.977277777777779,-13.78357142857143,-13.486333333333334,3147.063,3177.084,3155.9608,3174.19,3183.14,8.95,0.28
2194,测试集,1.3,-12.911111111111111,-13.784714285714287,-13.325833333333335,3174.19,3147.063,3170.2113999999997,3189.74,3167.01,22.73,0.71
2195,测试集,1.3,-12.9385,-13.786714285714286,-13.336833333333333,3189.743,3174.19,3163.918,3131.51,3141.06,9.55,0.3
2196,测试集,1.3,-12.951388888888891,-13.796428571428573,-13.337833333333334,3131.51,3189.743,3156.1054000000004,3138.02,3146.81,8.79,0.28
2197,测试集,1.3,-12.964833333333333,-13.810714285714285,-13.3635,3138.021,3131.51,3165.437,3193.72,3210.9,17.18,0.54
2198,测试集,1.3,-12.935777777777778,-13.800428571428572,-13.377333333333333,3193.721,3138.021,3185.981,3276.91,3290.26,13.35,0.41
2199,测试集,1.3,-12.875611111111109,-13.792857142857143,-13.391833333333333,3276.91,3193.721,3212.746,3323.57,3355.67,32.1,0.97
2200,测试集,1.3,-12.840666666666667,-13.768285714285712,-13.368000000000002,3323.568,3276.91,3250.4342,3319.95,3341.86,21.91,0.66
2201,测试集,1.3,-12.973388888888888,-13.911999999999997,-13.551166666666667,3319.951,3323.568,3299.5516000000002,3383.61,3383.25,0.36,0.01
2202,测试集,1.3,-13.057333333333334,-14.07214285714286,-13.555833333333332,3383.608,3319.951,3329.3548,3342.74,3372.59,29.86,0.89
2203,测试集,1.3,-12.2425,-14.187714285714287,-10.987166666666667,3342.737,3383.608,3345.2690000000002,3356.48,3364.25,7.77,0.23
2204,测试集,1.3,-12.235722222222222,-14.23557142857143,-10.906,3356.481,3342.737,3358.0728000000004,3387.59,3392.31,4.72,0.14
2205,测试集,1.3,-12.26361111111111,-14.34,-10.837666666666665,3387.587,3356.481,3367.7660000000005,3368.42,3364.32,4.1,0.12
2206,测试集,1.3,-13.1475,-14.520999999999999,-13.196333333333333,3368.417,3387.587,3351.8517999999995,3304.04,3313.55,9.52,0.29
2207,测试集,1.3,-13.178500000000001,-14.513857142857145,-13.286,3304.037,3368.417,3339.3373999999994,3280.16,3291.47,11.31,0.34
2208,测试集,1.3,-13.192722222222223,-14.514000000000001,-13.348333333333331,3280.165,3304.037,3306.7853999999998,3193.72,3193.24,0.48,0.02
2209,测试集,1.3,-13.181277777777778,-14.5,-13.321833333333332,3193.721,3280.165,3254.1956,3124.64,3161.59,36.95,1.18
2210,测试集,1.3,-13.06177777777778,-14.344285714285714,-13.125666666666667,3124.638,3193.721,3177.011,2982.49,3071.55,89.06,2.99
2211,测试集,1.3,-12.998722222222222,-14.203999999999999,-13.129,2982.494,3124.638,3084.8524,2843.24,2821.38,21.87,0.77
2212,测试集,1.3,-12.959166666666667,-14.101285714285714,-13.129166666666668,2843.244,2982.494,2971.6434,2714.12,2640.84,73.28,2.7
2213,测试集,1.3,-13.073944444444443,-14.070142857142857,-13.478999999999997,2714.12,2843.244,2869.5022,2683.02,2759.21,76.2,2.84
2214,测试集,1.3,-13.077000000000002,-14.041714285714287,-13.461,2683.015,2714.12,2768.3016000000002,2618.64,2597.84,20.79,0.79
2215,测试集,1.3,-12.699388888888889,-14.032285714285715,-12.276499999999999,2618.635,2683.015,2697.6274000000003,2629.12,2780.43,151.31,5.76
2216,测试集,1.3,-12.72538888888889,-14.010714285714288,-12.358166666666667,2629.123,2618.635,2672.526,2717.74,2887.42,169.68,6.24
2217,测试集,1.3,-13.033722222222224,-13.990142857142855,-13.272833333333333,2717.737,2629.123,2697.5550000000003,2839.26,2968.86,129.6,4.56
2218,测试集,1.3,-12.341333333333333,-14.046428571428569,-11.084833333333334,2839.265,2717.737,2737.7026,2883.75,2846.22,37.54,1.3
2219,测试集,1.3,-12.4665,-14.06585714285714,-11.361666666666666,2883.753,2839.265,2793.1134,2895.69,3084.67,188.99,6.53
2220,测试集,1.3,-12.456499999999998,-14.048285714285715,-11.298499999999999,2895.689,2883.753,2821.2529999999997,2769.82,2730.37,39.45,1.42
2221,测试集,1.3,-12.447055555555558,-13.955285714285717,-11.342833333333333,2769.821,2895.689,2822.7722000000003,2725.33,2723.07,2.26,0.08
2222,测试集,1.3,-9.862611111111113,-11.376000000000001,-6.511499999999999,2725.333,2769.821,2797.5986000000003,2713.4,2814.96,101.56,3.74
2223,测试集,1.3,-9.881722222222225,-11.450000000000001,-6.4035,2713.397,2725.333,2755.1362,2671.44,2788.84,117.4,4.39
2224,测试集,1.3,-10.124000000000002,-11.679,-6.947666666666667,2671.441,2713.397,2671.5858,2477.94,2496.09,18.15,0.73
2225,测试集,1.3,-9.84061111111111,-11.49642857142857,-6.4511666666666665,2477.937,2671.441,2592.665,2375.22,2458.81,83.6,3.52
2226,测试集,1.3,-9.804055555555557,-11.370428571428572,-6.532166666666666,2375.217,2477.937,2540.871,2466.36,2942.21,475.85,19.29
2227,测试集,1.3,-12.848555555555556,-13.635142857142856,-13.133000000000001,2466.363,2375.217,2479.8900000000003,2408.49,2433.6,25.11,1.04
2228,测试集,1.3,-11.784444444444443,-13.38942857142857,-10.3145,2408.492,2466.363,2424.9132,2396.56,2789.15,392.59,16.38
2229,测试集,1.3,-11.746666666666668,-13.229285714285714,-10.391666666666667,2396.557,2408.492,2466.6521999999995,2686.63,2914.87,228.24,8.5
2230,测试集,1.3,-10.930722222222222,-13.151285714285715,-8.047833333333333,2686.632,2396.557,2550.1301999999996,2792.61,3000.28,207.67,7.44
2231,测试集,1.3,-10.924611111111112,-13.129999999999999,-8.008833333333333,2792.607,2686.632,2559.8958,2515.19,2478.57,36.63,1.46
2232,测试集,1.3,-10.943333333333335,-13.231571428571426,-8.027,2515.191,2792.607,2595.0521999999996,2584.27,2900.9,316.62,12.25
2233,测试集,1.3,-11.134333333333332,-13.376285714285713,-8.407166666666667,2584.274,2515.191,2648.5099999999998,2663.85,2867.03,203.19,7.63
2234,测试集,1.3,-12.145055555555555,-13.438285714285714,-11.259666666666666,2663.846,2584.274,2662.182,2754.99,2944.3,189.31,6.87
2235,测试集,1.3,-12.328111111111111,-13.80342857142857,-11.371333333333334,2754.992,2663.846,2646.4846,2714.12,2832.58,118.46,4.36
2236,测试集,1.3,-12.986555555555556,-13.699285714285717,-13.595833333333333,2714.12,2754.992,2695.7468,2761.5,2894.91,133.41,4.83
2237,测试集,1.3,-13.262666666666668,-14.186000000000003,-13.634500000000001,2761.502,2714.12,2782.4800000000005,3017.94,3139.22,121.28,4.02
2238,测试集,1.3,-12.432666666666668,-14.186857142857145,-11.146833333333333,3017.94,2761.502,2938.0065999999997,3441.48,3565.21,123.73,3.6
2239,测试集,1.3,-12.432500000000001,-14.181285714285716,-11.16516666666667,3441.479,3017.94,3117.1876,3650.9,3613.59,37.31,1.02
2240,测试集,1.3,-13.477833333333335,-14.475714285714288,-13.863833333333334,3650.897,3441.479,3338.1078,3818.72,3742.2,76.52,2.0
2241,测试集,1.3,-13.464777777777776,-14.816428571428572,-13.768,3818.721,3650.897,3545.5729999999994,3798.83,3775.68,23.15,0.61
2242,测试集,1.3,-12.855333333333334,-15.088571428571429,-10.9965,3798.828,3818.721,3730.8304000000003,3944.23,3943.38,0.85,0.02
2243,测试集,1.3,-13.30188888888889,-15.823714285714285,-11.334499999999998,3944.227,3798.828,3873.2637999999997,4153.65,4129.12,24.53,0.59
2244,测试集,1.3,-13.72761111111111,-16.531714285714287,-11.655333333333333,4153.646,3944.227,4033.203,4450.59,4411.51,39.08,0.88
2245,测试集,1.3,-13.984388888888889,-16.843285714285713,-11.971333333333334,4450.593,4153.646,4204.354600000001,4674.48,4656.23,18.25,0.39
2246,测试集,1.3,-14.947555555555558,-16.870857142857144,-14.823,4674.479,4450.593,4468.6054,5120.08,4960.07,160.01,3.13
2247,测试集,1.3,-14.952499999999999,-16.880857142857142,-14.807166666666667,5120.082,4674.479,4749.566,5349.03,4830.99,518.04,9.68
2248,测试集,1.3,-14.916555555555558,-16.891428571428573,-14.8105,5349.03,5120.082,4990.885400000001,5360.24,4589.45,770.79,14.38
2249,测试集,1.3,-14.726611111111108,-16.708,-14.482833333333334,5360.243,5349.03,5145.327,5222.8,4458.27,764.53,14.64
2250,测试集,1.3,-14.280999999999999,-16.173,-14.011000000000001,5222.801,5360.243,5197.265600000001,4934.17,4331.55,602.62,12.21
2251,测试集,1.3,-13.594333333333333,-15.039142857142858,-13.573666666666668,4934.172,5222.801,5118.7064,4727.29,4406.56,320.73,6.78
2252,测试集,1.3,-13.336388888888889,-14.423999999999998,-13.595500000000001,4727.286,4934.172,4938.7298,4449.15,4355.52,93.62,2.1
2253,测试集,1.3,-13.312444444444443,-14.435000000000002,-13.596166666666667,4449.147,4727.286,4695.6741999999995,4144.96,4223.24,78.27,1.89
2254,测试集,1.3,-13.303666666666667,-14.44714285714286,-13.592500000000001,4144.965,4449.147,4422.8877999999995,3858.87,3908.56,49.69,1.29
2255,测试集,1.3,-13.34388888888889,-14.452857142857145,-13.605000000000002,3858.869,4144.965,4170.0668000000005,3670.07,3608.37,61.7,1.68
2256,测试集,1.3,-13.375944444444444,-14.45342857142857,-13.585333333333333,3670.067,3858.869,3951.6062000000006,3634.98,3591.45,43.53,1.2
2257,测试集,1.3,-13.415611111111112,-14.467285714285714,-13.609833333333333,3634.983,3670.067,3779.8034,3590.13,3581.41,8.73,0.24
2258,测试集,1.3,-13.414388888888887,-14.440999999999999,-13.615166666666667,3590.133,3634.983,3663.4116000000004,3563.01,3594.36,31.36,0.88
2259,测试集,1.3,-13.400055555555557,-14.415857142857144,-13.598833333333333,3563.006,3590.133,3613.643,3610.03,3607.83,2.2,0.06
2260,测试集,1.3,-13.405333333333333,-14.416142857142857,-13.594166666666666,3610.026,3563.006,3593.0989999999997,3567.35,3555.79,11.56,0.32
2261,测试集,1.3,-13.418666666666667,-14.426857142857143,-13.612333333333332,3567.347,3610.026,3590.0608,3619.79,3607.78,12.01,0.33
2262,测试集,1.3,-13.433611111111112,-14.453714285714286,-13.619166666666667,3619.792,3567.347,3596.6436000000003,3623.05,3624.22,1.17,0.03
2263,测试集,1.3,-13.421166666666668,-14.413571428571428,-13.638333333333334,3623.047,3619.792,3596.7884,3563.73,3562.77,0.96,0.03
2264,测试集,1.3,-13.40327777777778,-14.400857142857143,-13.661333333333333,3563.73,3623.047,3612.1964,3687.07,3691.44,4.37,0.12
2265,测试集,1.3,-13.411666666666665,-14.419714285714287,-13.649833333333333,3687.066,3563.73,3665.5094,3833.91,3833.92,0.01,0.0
2266,测试集,1.3,-13.422555555555554,-14.43742857142857,-13.633000000000001,3833.912,3687.066,3724.1754,3913.12,3940.68,27.55,0.7
2267,测试集,1.3,-13.32588888888889,-14.442142857142857,-13.311166666666667,3913.122,3833.912,3767.7227999999996,3840.78,3831.42,9.36,0.24
2268,测试集,1.3,-12.469777777777777,-14.449142857142858,-10.776333333333332,3840.784,3913.122,3841.5074,3932.65,3955.67,23.02,0.59
2269,测试集,1.3,-12.504833333333332,-14.447857142857144,-10.925833333333335,3932.653,3840.784,3898.0034,3969.55,3921.11,48.44,1.22
2270,测试集,1.3,-12.524222222222223,-14.465285714285715,-10.953166666666668,3969.546,3932.653,3920.7176,3947.48,3855.33,92.15,2.33
2271,测试集,1.3,-12.544833333333333,-14.478857142857146,-10.985666666666667,3947.483,3969.546,3945.9636,4039.35,4073.56,34.21,0.85
2272,测试集,1.3,-12.472888888888889,-14.47342857142857,-10.768333333333333,4039.352,3947.483,3986.4006,4042.97,4054.97,12.0,0.3
2273,测试集,1.3,-12.433555555555557,-14.481142857142858,-10.6225,4042.969,4039.352,4010.851,4054.9,4048.63,6.27,0.15
2274,测试集,1.3,-12.67572222222222,-14.730714285714283,-10.9255,4054.905,4042.969,4042.2456000000006,4126.52,4107.47,19.05,0.46
2275,测试集,1.3,-12.801222222222222,-15.03642857142857,-11.009333333333332,4126.519,4054.905,4076.4614,4118.56,4099.0,19.56,0.48
2276,测试集,1.3,-12.84361111111111,-15.033,-11.202166666666665,4118.562,4126.519,4089.7716,4105.9,4086.17,19.73,0.48
2277,测试集,1.3,-12.889111111111111,-15.018285714285714,-11.402666666666669,4105.903,4118.562,4115.6686,4172.45,4172.35,0.1,0.0
2278,测试集,1.3,-12.958388888888889,-15.016000000000002,-11.589666666666666,4172.454,4105.903,4111.0388,4031.76,3976.01,55.74,1.38
2279,测试集,1.3,-13.630277777777778,-14.877285714285716,-13.717,4031.756,4172.454,4071.5424,3929.04,3988.22,59.18,1.51
2280,测试集,1.3,-13.594000000000001,-14.721571428571426,-13.7485,3929.037,4031.756,4018.3016000000002,3852.36,3887.97,35.61,0.92
2281,测试集,1.3,-13.583499999999999,-14.634428571428572,-13.785833333333334,3852.358,3929.037,3956.959,3799.19,3791.58,7.61,0.2
2282,测试集,1.3,-13.580722222222223,-14.638428571428573,-13.756333333333332,3799.19,3852.358,3864.8728,3712.02,3718.52,6.5,0.18
2283,测试集,1.3,-13.570333333333334,-14.651,-13.735333333333335,3712.023,3799.19,3797.8880000000004,3696.83,3668.53,28.3,0.77
2284,测试集,1.3,-13.532944444444444,-14.629,-13.720999999999998,3696.832,3712.023,3744.5748,3662.47,3620.11,42.36,1.16
2285,测试集,1.3,-13.512111111111109,-14.610142857142856,-13.698,3662.471,3696.832,3707.9718000000003,3669.34,3684.09,14.75,0.4
2286,测试集,1.3,-12.608833333333331,-14.606714285714286,-10.969999999999999,3669.343,3662.471,3691.2616000000003,3715.64,3723.81,8.17,0.22
2287,测试集,1.3,-12.621500000000001,-14.609571428571428,-10.940333333333333,3715.639,3669.343,3703.2696000000005,3772.06,3740.79,31.27,0.83
2288,测试集,1.3,-12.633222222222223,-14.630714285714287,-10.906333333333334,3772.063,3715.639,3714.6266000000005,3753.62,3761.94,8.32,0.22
2289,测试集,1.3,-13.584611111111112,-14.656285714285715,-13.724499999999999,3753.617,3772.063,3724.6094000000003,3712.38,3692.76,19.62,0.53
2290,测试集,1.3,-13.331333333333331,-14.662857142857144,-13.020000000000001,3712.385,3753.617,3723.2349999999997,3662.47,3649.14,13.33,0.36
2291,测试集,1.3,-13.367055555555558,-14.629857142857142,-13.168333333333331,3662.471,3712.385,3724.0308000000005,3719.62,3732.96,13.34,0.36
2292,测试集,1.3,-12.8065,-14.614714285714285,-11.504333333333333,3719.618,3662.471,3738.4984000000004,3844.4,3876.64,32.24,0.84
2293,测试集,1.3,-12.709277777777777,-14.624857142857142,-11.195833333333333,3844.401,3719.618,3767.2889999999998,3897.57,3931.03,33.46,0.86
2294,测试集,1.3,-13.202333333333335,-14.624,-12.634833333333333,3897.57,3844.401,3793.6922,3844.4,3847.14,2.74,0.07
2295,测试集,1.3,-13.220111111111112,-14.636,-12.627166666666668,3844.401,3897.57,3816.4064,3776.04,3787.34,11.3,0.3
2296,测试集,1.3,-13.114333333333333,-14.642142857142858,-12.290166666666664,3776.042,3844.401,3807.2194000000004,3673.68,3672.62,1.06,0.03
2297,测试集,1.32,-12.652333333333333,-14.530142857142858,-11.099666666666666,3673.683,3776.042,3751.0852,3563.73,3567.3,3.57,0.1
2298,测试集,1.32,-12.57322222222222,-14.38557142857143,-11.049833333333332,3563.73,3673.683,3663.7732000000005,3461.01,3477.22,16.21,0.47
2299,测试集,1.32,-12.584055555555556,-14.399714285714284,-11.0995,3461.01,3563.73,3612.1962,3586.52,3623.02,36.5,1.02
2300,测试集,1.32,-12.69911111111111,-14.423999999999998,-11.476666666666667,3586.516,3461.01,3450.0868,2965.5,3088.61,123.11,4.15
2301,测试集,1.32,-12.887722222222223,-14.418428571428572,-12.070833333333333,2965.495,3586.516,2973.8138000000004,1292.32,541.57,750.75,58.09
2302,测试集,1.32,-12.546611111111112,-14.42657142857143,-11.050333333333334,1292.318,2965.495,2954.7165999999997,3468.24,2910.34,557.91,16.09
2303,测试集,1.32,-12.505,-14.417571428571426,-10.9215,3468.244,1292.318,2998.047,3677.66,3697.08,19.41,0.53
2304,测试集,1.32,-12.777,-14.40157142857143,-11.711500000000001,3677.662,3468.244,3015.4804,3673.68,3681.05,7.36,0.2
2305,测试集,1.32,-12.702111111111112,-14.415714285714284,-11.509833333333335,3673.683,3677.662,3172.9602,3752.89,3688.57,64.32,1.71
2306,测试集,1.32,-13.044333333333334,-14.406142857142855,-12.528666666666666,3752.894,3673.683,3660.8074,3731.55,3703.93,27.62,0.74
2307,测试集,1.32,-12.624444444444444,-14.399285714285712,-11.302,3731.554,3752.894,3708.7673999999997,3708.04,3705.99,2.06,0.06
2308,测试集,1.32,-13.027611111111112,-14.409285714285716,-12.521666666666667,3708.044,3731.554,3715.7120000000004,3712.38,3710.49,1.89,0.05
2309,测试集,1.32,-12.831666666666665,-14.409,-11.904000000000002,3712.385,3708.044,3733.0732,3760.49,3729.8,30.69,0.82
2310,测试集,1.32,-12.80561111111111,-14.419142857142857,-11.779333333333332,3760.489,3712.385,3734.5922,3760.49,3810.42,49.93,1.33
2311,测试集,1.32,-13.225111111111111,-14.433285714285715,-12.959166666666667,3760.489,3760.489,3726.852,3692.85,3723.11,30.26,0.82
2312,测试集,1.32,-13.364333333333335,-14.43757142857143,-13.3215,3692.853,3760.489,3730.6135999999997,3726.85,3712.28,14.57,0.39
2313,测试集,1.32,-13.362777777777778,-14.444000000000003,-13.312,3726.852,3692.853,3739.0046,3754.34,3765.13,10.79,0.29
2314,测试集,1.32,-13.357944444444446,-14.45614285714286,-13.279499999999999,3754.34,3726.852,3742.9108,3780.02,3751.16,28.86,0.76
2315,测试集,1.32,-13.014944444444446,-14.457999999999998,-12.271,3780.02,3754.34,3749.9276,3795.57,3835.52,39.95,1.05
2316,测试集,1.32,-12.575388888888888,-14.44357142857143,-11.018166666666668,3795.573,3780.02,3777.3436,3829.93,3912.44,82.51,2.15
2317,测试集,1.32,-12.600611111111114,-14.445857142857141,-11.151666666666666,3829.933,3795.573,3823.2057999999997,3956.16,4015.54,59.37,1.5
2318,测试集,1.32,-12.608,-14.461285714285713,-11.202333333333334,3956.163,3829.933,3873.1913999999997,4004.27,4083.34,79.07,1.97
2319,测试集,1.32,-13.305777777777775,-14.468428571428571,-13.288333333333332,4004.268,3956.163,3938.585,4106.99,4139.88,32.89,0.8
2320,测试集,1.32,-13.075722222222222,-14.465571428571428,-12.5565,4106.988,4004.268,3998.7702,4096.5,4075.26,21.24,0.52
