机速_al,负压_1_al,负压_2_al,负压_3_al,负压_4_al,负压_5_al,负压_6_al,负压_7_al,负压_8_al,负压_9_al,负压_10_al,负压_11_al,负压_12_al,负压_13_al,负压_14_al,负压_15_al,负压_16_al,负压_17_al,负压_18_al,温度_1_al,温度_2_al,温度_3_al,温度_4_al,温度_5_al,温度_6_al,温度_7_al,温度_8_al,温度_9_al,温度_10_al,温度_11_al,温度_12_al,温度_13_al,温度_14_al,温度_15_al,温度_16_al,温度_17_al,温度_18_al,大烟道负压_1_al,大烟道负压_2_al,大烟道温度_1_al,大烟道温度_2_al,pgrad_1,tgrad_1,pgrad_2,tgrad_2,pgrad_3,tgrad_3,pgrad_4,tgrad_4,pgrad_5,tgrad_5,pgrad_6,tgrad_6,pgrad_7,tgrad_7,pgrad_8,tgrad_8,pgrad_9,tgrad_9,pgrad_10,tgrad_10,pgrad_11,tgrad_11,pgrad_12,tgrad_12,pgrad_13,tgrad_13,pgrad_14,tgrad_14,pgrad_15,tgrad_15,pgrad_16,tgrad_16,pgrad_17,tgrad_17,p_mean,p_mid,p_back,t_back,co_lag1,co_lag2,co_lag5,co_ma5,co_diff1,CO浓度
1.27,-11.656,-11.811,-11.366,-11.456,-11.456,-13.778,-13.778,-13.802,-13.802,-13.689,-13.689,-13.653,-13.653,-13.5,-13.5,-13.751,-13.591,-11.582,112.3,101.05,91.7,88.75,118.85,94.7,86.9,83.55,83.6,83.75,92.0,186.85,373.0,434.75,474.6,501.5,511.8,491.55,-13.855,-14.045,163.0,145.9,-0.15499999999999936,-11.25,0.4450000000000003,-9.349999999999994,-0.08999999999999986,-2.950000000000003,0.0,30.099999999999994,-2.322000000000001,-24.14999999999999,0.0,-7.799999999999997,-0.023999999999999133,-3.3500000000000085,0.0,0.04999999999999716,0.11299999999999955,0.15000000000000568,0.0,8.25,0.03599999999999959,94.85,0.0,186.15,0.15300000000000047,61.75,0.0,39.85000000000002,-0.25099999999999945,26.899999999999977,0.16000000000000014,10.300000000000011,2.0089999999999986,-20.25,-12.972944444444444,-13.741571428571431,-13.262833333333333,464.53333333333336,3395.544,3483.435,3552.156,3460.5036,-67.99800000000005,3327.546
1.27,-11.774,-11.917,-11.323,-11.407,-11.407,-13.754,-13.754,-13.784,-13.784,-13.7,-13.7,-13.667,-13.667,-13.502,-13.502,-13.736,-13.563,-11.608,111.55,100.8,92.0,88.75,117.35,94.95,86.69999999999999,83.85,83.35,83.5,92.05,166.1,348.04999999999995,471.65,470.15,502.2,505.45,489.75,-13.833,-14.021,163.2,144.6,-0.14300000000000068,-10.75,0.5939999999999994,-8.799999999999997,-0.08399999999999963,-3.25,0.0,28.599999999999994,-2.3469999999999995,-22.39999999999999,0.0,-8.250000000000014,-0.030000000000001137,-2.8499999999999943,0.0,-0.5,0.0840000000000014,0.15000000000000568,0.0,8.549999999999997,0.032999999999999474,74.05,0.0,181.94999999999996,0.16499999999999915,123.60000000000002,0.0,-1.5,-0.23399999999999999,32.05000000000001,0.17300000000000004,3.25,1.955,-15.699999999999989,-12.974944444444445,-13.734714285714286,-13.263,464.5416666666667,3327.546,3395.544,3551.794,3407.1182,-42.67899999999963,3284.867
1.27,-11.766,-11.941,-11.322,-11.391,-11.391,-13.76,-13.76,-13.793,-13.793,-13.687,-13.687,-13.65,-13.65,-13.503,-13.503,-13.721,-13.535,-11.66,111.05,100.2,92.9,88.85,117.15,95.1,86.75,84.25,83.19999999999999,83.8,95.7,157.3,308.8,478.65,472.95,501.75,507.75,485.5,-13.839,-14.041,163.2,143.0,-0.1750000000000007,-10.849999999999994,0.6190000000000015,-7.299999999999997,-0.06900000000000084,-4.050000000000011,0.0,28.30000000000001,-2.3689999999999998,-22.05000000000001,0.0,-8.349999999999994,-0.032999999999999474,-2.5,0.0,-1.0500000000000114,0.10599999999999987,0.6000000000000085,0.0,11.900000000000006,0.036999999999999034,61.60000000000001,0.0,151.5,0.14700000000000024,169.84999999999997,0.0,-5.699999999999989,-0.21799999999999997,28.80000000000001,0.18599999999999994,6.0,1.875,-22.25,-12.972944444444444,-13.732857142857144,-13.261999999999999,459.23333333333335,3284.867,3327.546,3544.199,3360.7493999999997,27.48799999999983,3312.355
1.27,-11.64,-11.911,-11.351,-11.435,-11.435,-13.76,-13.76,-13.784,-13.784,-13.704,-13.704,-13.673,-13.673,-13.543,-13.543,-13.703,-13.545,-11.603,111.25,99.65,93.5,88.35,115.8,95.05,87.0,84.25,83.25,85.15,99.5,149.6,270.1,470.25,487.85,512.55,512.15,480.65,-13.837,-14.036,162.7,141.7,-0.270999999999999,-11.599999999999994,0.5599999999999987,-6.150000000000006,-0.08399999999999963,-5.150000000000006,0.0,27.450000000000003,-2.3249999999999993,-20.75,0.0,-8.049999999999997,-0.02400000000000091,-2.75,0.0,-1.0,0.08000000000000007,1.9000000000000057,0.0,14.349999999999994,0.031000000000000583,50.099999999999994,0.0,120.50000000000003,0.13000000000000078,200.14999999999998,0.0,17.600000000000023,-0.16000000000000014,24.699999999999932,0.15799999999999947,-0.39999999999997726,1.9420000000000002,-31.5,-12.975055555555558,-13.738428571428573,-13.268333333333333,455.5916666666667,3312.355,3284.867,3483.435,3329.4269999999997,14.467999999999847,3326.823
1.27,-11.491,-11.817,-11.312,-11.392,-11.392,-13.757,-13.757,-13.8,-13.8,-13.752,-13.752,-13.728,-13.728,-13.572,-13.572,-13.675,-13.5,-11.569,112.1,99.35,93.4,88.4,115.45,94.85,87.15,84.25,84.75,85.85,100.2,157.75,249.05,445.55,502.85,527.5999999999999,522.15,480.5,-13.846,-14.023,161.9,141.2,-0.3260000000000005,-12.75,0.5050000000000008,-5.949999999999989,-0.08000000000000007,-5.0,0.0,27.049999999999997,-2.365,-20.60000000000001,0.0,-7.699999999999989,-0.04300000000000104,-2.9000000000000057,0.0,0.5,0.04800000000000004,1.0999999999999943,0.0,14.350000000000009,0.02400000000000091,57.55,0.0,91.30000000000001,0.15600000000000058,196.5,0.0,57.30000000000001,-0.10300000000000153,24.749999999999886,0.1750000000000007,-5.449999999999932,1.9309999999999992,-41.64999999999998,-12.964777777777778,-13.763714285714284,-13.269333333333334,454.6166666666666,3326.823,3312.355,3395.544,3332.5376000000006,84.27400000000034,3411.097
1.27,-11.474,-11.778,-11.295,-11.379,-11.379,-13.804,-13.804,-13.853,-13.853,-13.774,-13.774,-13.729,-13.729,-13.592,-13.592,-13.649,-13.441,-11.627,112.75,99.1,92.95,88.94999999999999,113.8,94.5,87.05000000000001,84.35,85.65,88.69999999999999,103.95,163.45,255.45,395.9,508.35,535.85,530.0,481.6,-13.874,-14.082,160.6,141.1,-0.30400000000000027,-13.650000000000006,0.48300000000000054,-6.1499999999999915,-0.08399999999999963,-4.000000000000014,0.0,24.85000000000001,-2.4250000000000007,-19.299999999999997,0.0,-7.449999999999989,-0.04899999999999949,-2.700000000000017,0.0,1.3000000000000114,0.07900000000000063,3.049999999999983,0.0,15.250000000000014,0.04499999999999993,59.499999999999986,0.0,92.0,0.13699999999999868,140.45,0.0,112.45000000000005,-0.05699999999999861,27.5,0.2079999999999984,-5.850000000000023,1.814,-48.39999999999998,-12.973666666666666,-13.798714285714285,-13.271666666666667,451.1916666666666,3411.097,3326.823,3327.546,3351.6349999999998,11.935999999999694,3423.033
1.27,-11.361,-11.645,-11.369,-11.446,-11.446,-13.824,-13.824,-13.851,-13.851,-13.75,-13.75,-13.727,-13.727,-13.609,-13.609,-13.598,-13.425,-11.533,113.5,99.2,92.65,89.5,114.3,94.25,86.95,84.5,85.25,89.4,106.65,152.89999999999998,264.45000000000005,353.2,505.45,531.7,524.4000000000001,485.45,-13.888,-14.112,158.7,140.6,-0.2839999999999989,-14.299999999999997,0.2759999999999998,-6.549999999999997,-0.07699999999999996,-3.1500000000000057,0.0,24.799999999999997,-2.378,-20.049999999999997,0.0,-7.299999999999997,-0.027000000000001023,-2.450000000000003,0.0,0.75,0.10100000000000087,4.150000000000006,0.0,17.25,0.022999999999999687,46.24999999999997,0.0,111.55000000000007,0.11800000000000033,88.74999999999994,0.0,152.25,0.010999999999999233,26.250000000000057,0.17300000000000004,-7.2999999999999545,1.8920000000000012,-38.9500000000001,-12.963611111111113,-13.796714285714286,-13.250166666666667,444.10833333333335,3423.033,3411.097,3284.867,3396.6292000000003,86.80500000000029,3509.838
1.27,-11.242,-11.598,-11.322,-11.418,-11.418,-13.821,-13.821,-13.854,-13.854,-13.755,-13.755,-13.734,-13.734,-13.596,-13.596,-13.583,-13.354,-11.518,114.05,99.6,92.35,89.55000000000001,116.05,94.8,86.94999999999999,84.75,84.85,88.1,104.4,141.25,285.25,364.35,482.3,515.6,511.95,488.85,-13.88,-14.086,157.1,140.2,-0.35599999999999987,-14.450000000000003,0.2760000000000016,-7.25,-0.09600000000000009,-2.799999999999983,0.0,26.499999999999986,-2.4030000000000005,-21.25,0.0,-7.8500000000000085,-0.032999999999999474,-2.1999999999999886,0.0,0.09999999999999432,0.09899999999999842,3.25,0.0,16.30000000000001,0.021000000000000796,36.849999999999994,0.0,144.0,0.1379999999999999,79.10000000000002,0.0,117.94999999999999,0.0129999999999999,33.30000000000001,0.22900000000000098,-3.650000000000034,1.8359999999999985,-23.099999999999966,-12.942944444444446,-13.799142857142854,-13.230166666666667,441.38333333333327,3509.838,3423.033,3312.355,3433.811,-11.57400000000007,3498.264
1.27,-11.239,-11.59,-11.315,-11.379,-11.379,-13.808,-13.808,-13.838,-13.838,-13.737,-13.737,-13.716,-13.716,-13.575,-13.575,-13.751,-13.509,-11.345,114.4,99.8,92.1,89.30000000000001,117.85,95.3,86.8,84.35,84.35,86.95,100.8,130.45,283.0,383.8,461.0,497.7000000000001,507.4,483.9,-13.897,-14.073,156.2,139.7,-0.3509999999999991,-14.600000000000009,0.27500000000000036,-7.700000000000003,-0.06400000000000006,-2.799999999999983,0.0,28.549999999999983,-2.4290000000000003,-22.549999999999997,0.0,-8.5,-0.02999999999999936,-2.450000000000003,0.0,0.0,0.10099999999999909,2.6000000000000085,0.0,13.849999999999994,0.021000000000000796,29.64999999999999,0.0,152.55,0.14100000000000001,100.80000000000001,0.0,77.19999999999999,-0.17600000000000016,36.7000000000001,0.2419999999999991,9.699999999999875,2.1639999999999997,-23.5,-12.936388888888889,-13.783142857142854,-13.245166666666668,436.1333333333334,3498.264,3509.838,3326.823,3460.6484000000005,-37.253999999999905,3461.01
1.27,-11.172,-11.524,-11.274,-11.339,-11.339,-13.809,-13.809,-13.831,-13.831,-13.723,-13.723,-13.71,-13.71,-13.563,-13.563,-13.785,-13.59,-11.409,114.05,99.95,92.05,89.0,118.7,95.85,86.65,84.2,83.8,86.15,98.9,120.45,259.35,403.55,452.25,489.25,502.95,483.15,-13.883,-14.048,155.7,138.9,-0.35199999999999854,-14.099999999999994,0.25,-7.900000000000006,-0.06500000000000128,-3.049999999999997,0.0,29.700000000000003,-2.469999999999999,-22.85000000000001,0.0,-9.199999999999989,-0.02200000000000024,-2.450000000000003,0.0,-0.4000000000000057,0.10799999999999876,2.3500000000000085,0.0,12.75,0.0129999999999999,21.549999999999997,0.0,138.90000000000003,0.14700000000000024,144.2,0.0,48.69999999999999,-0.22199999999999953,37.0,0.19500000000000028,13.699999999999989,2.180999999999999,-19.80000000000001,-12.927999999999999,-13.77657142857143,-13.270000000000003,431.75,3461.01,3498.264,3411.097,3480.2519999999995,48.10499999999956,3509.115
1.27,-11.172,-11.516,-11.358,-11.437,-11.437,-13.798,-13.798,-13.821,-13.821,-13.733,-13.733,-13.714,-13.714,-13.573,-13.573,-13.188,-12.75,-11.15,113.85,100.1,92.3,88.8,117.6,95.3,86.6,84.1,83.4,85.5,96.8,115.25,236.8,417.75,457.0,487.8,494.65,485.75,-13.869,-14.057,155.0,137.5,-0.3439999999999994,-13.75,0.15799999999999947,-7.799999999999997,-0.07899999999999885,-3.5,0.0,28.799999999999997,-2.3610000000000007,-22.299999999999997,0.0,-8.700000000000003,-0.022999999999999687,-2.5,0.0,-0.6999999999999886,0.08799999999999919,2.0999999999999943,0.0,11.299999999999997,0.019000000000000128,18.450000000000003,0.0,121.55000000000001,0.14100000000000001,180.95,0.0,39.25,0.3849999999999998,30.80000000000001,0.4380000000000006,6.849999999999966,1.5999999999999996,-8.899999999999977,-12.849222222222222,-13.774000000000001,-12.991333333333335,429.9583333333333,3509.115,3461.01,3423.033,3496.0216,-7.233999999999924,3501.881
1.27,-11.328,-11.555,-11.345,-11.456,-11.456,-13.794,-13.794,-13.82,-13.82,-13.729,-13.729,-13.714,-13.714,-13.578,-13.578,-8.999,-7.351,-6.154,113.95,100.3,92.6,88.55,115.5,94.4,86.5,84.0,83.05000000000001,85.0,94.5,116.75,211.15,402.1,464.55,499.75,499.85,479.05,-13.874,-14.041,154.4,136.3,-0.2270000000000003,-13.650000000000006,0.20999999999999908,-7.700000000000003,-0.11099999999999888,-4.049999999999997,0.0,26.950000000000003,-2.338000000000001,-21.099999999999994,0.0,-7.900000000000006,-0.0259999999999998,-2.5,0.0,-0.9499999999999886,0.09100000000000108,1.9499999999999886,0.0,9.5,0.014999999999998792,22.25,0.0,94.4,0.136000000000001,190.95000000000002,0.0,62.44999999999999,4.578999999999999,35.19999999999999,1.6480000000000006,0.10000000000002274,1.197,-20.80000000000001,-12.050777777777776,-13.77142857142857,-10.562333333333335,426.07500000000005,3501.881,3509.115,3509.838,3500.579,30.744000000000142,3532.625
1.27,-11.559,-11.687,-11.314,-11.403,-11.403,-13.798,-13.798,-13.821,-13.821,-13.76,-13.76,-13.742,-13.742,-13.619,-13.619,-9.011,-7.697,-6.278,113.3,100.8,92.85,88.5,117.0,94.5,86.19999999999999,84.0,82.85,84.6,93.65,120.6,195.85,375.9,473.75,505.4500000000001,513.2,470.9,-13.883,-14.08,153.5,136.1,-0.1280000000000001,-12.5,0.37299999999999933,-7.950000000000003,-0.08900000000000041,-4.349999999999994,0.0,28.5,-2.3949999999999996,-22.5,0.0,-8.300000000000011,-0.022999999999999687,-2.1999999999999886,0.0,-1.1500000000000057,0.06099999999999994,1.75,0.0,9.050000000000011,0.017999999999998906,26.94999999999999,0.0,75.25,0.12300000000000111,180.04999999999998,0.0,97.85000000000002,4.6080000000000005,31.700000000000102,1.3139999999999992,7.749999999999943,1.4190000000000005,-42.30000000000007,-12.101777777777777,-13.785714285714288,-10.661,422.5083333333334,3532.625,3501.881,3498.264,3520.5442000000003,65.46500000000015,3598.09
1.27,-11.723,-11.825,-11.337,-11.442,-11.442,-13.825,-13.825,-13.843,-13.843,-13.792,-13.792,-13.778,-13.778,-13.66,-13.66,-9.006,-7.76,-6.635,111.75,101.15,93.15,88.5,118.25,94.8,86.65,83.95,82.75,84.1,92.65,127.2,199.0,357.4,478.15,507.1,517.6500000000001,473.75,-13.89,-14.074,152.9,136.6,-0.10199999999999854,-10.599999999999994,0.48799999999999955,-8.0,-0.10500000000000043,-4.650000000000006,0.0,29.75,-2.382999999999999,-23.450000000000003,0.0,-8.149999999999991,-0.018000000000000682,-2.700000000000003,0.0,-1.2000000000000028,0.051000000000000156,1.3499999999999943,0.0,8.550000000000011,0.013999999999999346,34.55,0.0,71.8,0.11800000000000033,158.39999999999998,0.0,120.75,4.654,28.950000000000045,1.2460000000000004,10.550000000000068,1.125,-43.90000000000009,-12.164777777777777,-13.814000000000002,-10.749833333333333,422.175,3598.09,3532.625,3461.01,3541.8115999999995,-30.742999999999938,3567.347
1.27,-11.756,-11.938,-11.342,-11.457,-11.457,-13.861,-13.861,-13.875,-13.875,-13.795,-13.795,-13.776,-13.776,-13.66,-13.66,-9.07,-7.641,-6.512,110.3,101.4,93.4,88.9,118.8,94.8,86.95,84.15,83.15,84.35,92.55,129.5,216.9,340.5,472.6,510.9,508.5,480.35,-13.921,-14.101,152.3,137.6,-0.18200000000000038,-8.899999999999991,0.5960000000000001,-8.0,-0.11500000000000021,-4.5,0.0,29.89999999999999,-2.404,-24.0,0.0,-7.849999999999994,-0.013999999999999346,-2.799999999999997,0.0,-1.0,0.08000000000000007,1.1999999999999886,0.0,8.200000000000003,0.019000000000000128,36.95,0.0,87.4,0.11599999999999966,123.6,0.0,132.10000000000002,4.59,38.299999999999955,1.4290000000000003,-2.3999999999999773,1.1290000000000004,-28.149999999999977,-12.172611111111111,-13.834,-10.719833333333334,421.625,3567.347,3598.09,3509.115,3551.938800000001,-7.596000000000004,3559.751
1.27,-11.704,-11.938,-11.34,-11.413,-11.413,-13.851,-13.851,-13.875,-13.875,-13.802,-13.802,-13.784,-13.784,-13.659,-13.659,-13.594,-13.209,-11.393,109.55,100.65,93.8,89.05,120.05,94.5,86.94999999999999,85.9,83.55,85.05,94.95,125.25,232.75,341.25,462.9,501.9,508.45,483.45,-13.929,-14.119,151.9,137.9,-0.23399999999999999,-8.899999999999991,0.5980000000000008,-6.8500000000000085,-0.0730000000000004,-4.75,0.0,31.0,-2.4380000000000006,-25.549999999999997,0.0,-7.550000000000011,-0.023999999999999133,-1.049999999999983,0.0,-2.3500000000000085,0.0730000000000004,1.5,0.0,9.900000000000006,0.017999999999998906,30.299999999999997,0.0,107.5,0.125,108.5,0.0,121.64999999999998,0.06500000000000128,39.0,0.3849999999999998,6.550000000000011,1.815999999999999,-25.0,-12.996999999999996,-13.834285714285713,-13.216333333333333,421.78333333333336,3559.751,3567.347,3501.881,3561.9938,-7.595000000000255,3552.156
1.27,-11.693,-11.917,-11.314,-11.391,-11.391,-13.864,-13.864,-13.881,-13.881,-13.813,-13.813,-13.779,-13.779,-13.668,-13.668,-12.039,-11.835,-10.891,109.6,99.4,93.85,89.35,121.3,94.35,86.65,85.55,83.95,85.6,98.7,134.45,249.7,351.75,452.75,496.7000000000001,500.8,480.25,-13.94,-14.145,151.6,137.5,-0.2240000000000002,-10.199999999999989,0.6029999999999998,-5.550000000000011,-0.07699999999999996,-4.5,0.0,31.950000000000003,-2.4730000000000008,-26.950000000000003,0.0,-7.699999999999989,-0.01699999999999946,-1.1000000000000085,0.0,-1.5999999999999943,0.06799999999999962,1.6499999999999915,0.0,13.100000000000009,0.034000000000000696,35.749999999999986,0.0,115.25,0.11100000000000065,102.05000000000001,0.0,101.0,1.6289999999999996,43.9500000000001,0.20399999999999885,4.099999999999909,0.9440000000000008,-20.55000000000001,-12.804499999999999,-13.842142857142857,-12.646666666666668,421.99166666666673,3552.156,3559.751,3532.625,3552.8068,-65.4659999999999,3486.69
1.27,-11.697,-11.867,-11.266,-11.327,-11.327,-13.883,-13.883,-13.89,-13.89,-13.845,-13.845,-13.817,-13.817,-13.69,-13.69,-13.276,-12.782,-9.795,111.15,98.3,94.15,89.7,121.5,94.6,86.3,85.35,84.1,86.35,101.3,130.9,236.8,369.5,445.55,489.35,497.4500000000001,480.2,-13.948,-14.146,151.2,137.1,-0.1700000000000017,-12.850000000000009,0.6010000000000009,-4.1499999999999915,-0.06099999999999994,-4.450000000000003,0.0,31.799999999999997,-2.555999999999999,-26.900000000000006,0.0,-8.299999999999997,-0.0070000000000014495,-0.9500000000000028,0.0,-1.25,0.04499999999999993,2.25,0.0,14.950000000000003,0.02800000000000047,29.60000000000001,0.0,105.9,0.12700000000000067,132.7,0.0,76.05000000000001,0.4139999999999997,43.80000000000001,0.4939999999999998,8.10000000000008,2.987,-17.250000000000114,-12.865944444444445,-13.864714285714285,-12.841666666666667,419.80833333333334,3486.69,3552.156,3598.09,3536.6754,30.742999999999938,3517.433
1.27,-11.762,-11.941,-11.266,-11.317,-11.317,-13.904,-13.904,-13.927,-13.927,-13.819,-13.819,-13.798,-13.798,-13.665,-13.665,-13.695,-13.527,-11.284,112.7,97.6,93.9,89.9,119.2,94.95,86.2,85.05,84.4,87.0,106.05,121.6,230.6,382.25,442.35,487.35,495.4,472.6,-13.963,-14.155,150.9,137.2,-0.17900000000000027,-15.100000000000009,0.6750000000000007,-3.6999999999999886,-0.051000000000000156,-4.0,0.0,29.299999999999997,-2.5869999999999997,-24.25,0.0,-8.75,-0.022999999999999687,-1.1500000000000057,0.0,-0.6499999999999915,0.10799999999999876,2.5999999999999943,0.0,19.049999999999997,0.021000000000000796,15.549999999999997,0.0,109.0,0.1330000000000009,151.65,0.0,60.10000000000002,-0.030000000000001137,45.0,0.16800000000000104,8.049999999999955,2.2429999999999986,-22.799999999999955,-13.018611111111108,-13.871142857142857,-13.272333333333334,418.425,3517.433,3486.69,3567.347,3532.0458,26.766000000000076,3544.199
1.27,-11.842,-11.989,-11.321,-11.391,-11.391,-13.879,-13.879,-13.892,-13.892,-13.487,-13.487,-13.566,-13.566,-13.665,-13.665,-13.648,-13.483,-11.248,113.8,97.25,93.2,90.15,119.25,95.5,86.05,84.44999999999999,84.5,86.95,106.15,114.25,230.1,382.95,448.35,486.7000000000001,495.4,471.15,-13.94,-14.145,151.6,137.5,-0.14700000000000024,-16.549999999999997,0.668000000000001,-4.049999999999997,-0.07000000000000028,-3.049999999999997,0.0,29.099999999999994,-2.4879999999999995,-23.75,0.0,-9.450000000000003,-0.0129999999999999,-1.6000000000000085,0.0,0.05000000000001137,0.40499999999999936,2.450000000000003,0.0,19.200000000000003,-0.07900000000000063,8.099999999999994,0.0,115.85,-0.09899999999999842,152.85,0.0,65.40000000000003,0.01699999999999946,38.35000000000008,0.16499999999999915,8.699999999999875,2.235000000000001,-24.25,-12.96061111111111,-13.725999999999999,-13.2125,419.10833333333335,3544.199,3517.433,3559.751,3530.4544,7.5949999999998,3551.794
1.27,-12.023,-12.155,-11.359,-11.438,-11.438,-13.521,-13.521,-13.534,-13.534,-14.044,-14.044,-14.021,-14.021,-13.894,-13.894,-13.572,-13.413,-11.275,114.1,97.7,92.3,90.4,118.5,96.05,85.75,84.05000000000001,84.55000000000001,86.5,105.55,112.6,209.5,367.55,456.9500000000001,494.05,497.75,467.0,-13.902,-14.255,152.5,138.1,-0.13199999999999967,-16.39999999999999,0.7959999999999994,-5.400000000000006,-0.07900000000000063,-1.8999999999999915,0.0,28.099999999999994,-2.083,-22.450000000000003,0.0,-10.299999999999997,-0.0129999999999999,-1.6999999999999886,0.0,0.5,-0.5099999999999998,1.9499999999999886,0.0,19.049999999999997,0.022999999999999687,7.049999999999997,0.0,96.9,0.12700000000000067,158.05,0.0,89.40000000000009,0.32200000000000095,37.09999999999991,0.15899999999999892,3.6999999999999886,2.138,-30.75,-13.038944444444446,-13.745571428571427,-13.344833333333334,415.4666666666667,3551.794,3544.199,3552.156,3525.029,-26.764999999999873,3525.029
1.27,-12.014,-12.173,-11.392,-11.454,-11.454,-14.087,-14.087,-14.125,-14.125,-14.038,-14.038,-14.018,-14.018,-13.884,-13.884,-13.524,-13.345,-11.263,113.45,99.05,91.75,90.35,117.25,96.5,85.75,83.80000000000001,84.4,85.9,103.5,119.25,190.3,369.4,464.2000000000001,502.1,506.1,464.0,-14.24,-14.327,152.3,139.1,-0.1590000000000007,-14.400000000000006,0.7810000000000006,-7.299999999999997,-0.062000000000001165,-1.4000000000000057,0.0,26.900000000000006,-2.632999999999999,-20.75,0.0,-10.75,-0.038000000000000256,-1.9499999999999886,0.0,0.5999999999999943,0.08699999999999974,1.5,0.0,17.599999999999994,0.019999999999999574,15.75,0.0,71.05000000000001,0.13400000000000034,179.09999999999997,0.0,94.80000000000013,0.3600000000000012,37.89999999999992,0.1789999999999985,4.0,2.0820000000000007,-42.10000000000002,-13.162388888888891,-14.074,-13.319666666666668,416.01666666666665,3525.029,3551.794,3486.69,3558.5214,129.12300000000005,3654.152
1.29,-11.893,-12.082,-11.419,-11.499,-11.499,-14.092,-14.092,-14.113,-14.113,-14.011,-14.011,-13.991,-13.991,-13.87,-13.87,-13.497,-13.272,-11.214,112.85,99.9,91.0,89.85,118.45,96.6,86.19999999999999,83.5,84.30000000000001,85.5,103.1,128.89999999999998,184.45,348.85,464.2,505.45,514.6,463.55,-14.228,-14.305,151.8,140.6,-0.18900000000000006,-12.949999999999989,0.6630000000000003,-8.900000000000006,-0.08000000000000007,-1.1500000000000057,0.0,28.60000000000001,-2.593,-21.85000000000001,0.0,-10.400000000000006,-0.02099999999999902,-2.6999999999999886,0.0,0.8000000000000114,0.10200000000000031,1.1999999999999886,0.0,17.599999999999994,0.019999999999999574,25.799999999999983,0.0,55.55000000000001,0.12100000000000044,164.40000000000003,0.0,115.34999999999997,0.37299999999999933,41.25,0.22499999999999964,9.150000000000034,2.058,-51.05000000000001,-13.1405,-14.06042857142857,-13.285666666666666,413.5166666666667,3654.152,3525.029,3517.433,3647.7142,309.2449999999999,3963.397
1.29,-11.953,-12.203,-11.425,-11.492,-11.492,-14.073,-14.073,-14.091,-14.091,-14.293,-14.293,-14.261,-14.261,-14.155,-14.155,-13.451,-13.26,-11.183,111.7,100.25,91.05,89.15,119.2,96.4,86.7,83.19999999999999,84.6,86.0,105.45,139.9,196.0,322.45000000000005,460.3,505.85,516.3,469.4,-14.213,-14.291,151.4,141.8,-0.25,-11.450000000000003,0.7779999999999987,-9.200000000000003,-0.06700000000000017,-1.8999999999999915,0.0,30.049999999999997,-2.5809999999999995,-22.799999999999997,0.0,-9.700000000000003,-0.017999999999998906,-3.500000000000014,0.0,1.4000000000000057,-0.20199999999999996,1.4000000000000057,0.0,19.450000000000003,0.03200000000000003,34.45,0.0,56.099999999999994,0.10599999999999987,126.45000000000005,0.0,137.84999999999997,0.7039999999999988,45.55000000000001,0.19100000000000072,10.449999999999932,2.077,-46.89999999999998,-13.23361111111111,-14.167857142857144,-13.410833333333334,411.71666666666664,3963.397,3654.152,3544.199,3722.3669999999997,-45.93399999999974,3917.463
1.29,-12.077,-12.269,-11.414,-11.506,-11.506,-14.355,-14.355,-14.368,-14.368,-14.325,-14.325,-14.265,-14.265,-14.192,-14.192,-13.481,-13.223,-11.213,110.05,99.9,91.8,88.44999999999999,120.7,95.8,86.95,83.19999999999999,84.65,88.6,108.3,168.75,221.6,309.45000000000005,456.2000000000001,502.9,516.3,474.7000000000001,-14.503,-14.616,151.9,144.2,-0.19200000000000017,-10.149999999999991,0.8550000000000004,-8.100000000000009,-0.09200000000000053,-3.3500000000000085,0.0,32.250000000000014,-2.849,-24.900000000000006,0.0,-8.849999999999994,-0.0129999999999999,-3.750000000000014,0.0,1.450000000000017,0.04300000000000104,3.9499999999999886,0.0,19.700000000000003,0.05999999999999872,60.45,0.0,52.849999999999994,0.0730000000000004,87.85000000000005,0.0,146.75000000000006,0.7110000000000003,46.699999999999875,0.2579999999999991,13.399999999999977,2.0100000000000016,-41.59999999999985,-13.31661111111111,-14.337285714285715,-13.427666666666667,413.52500000000003,3917.463,3963.397,3551.794,3789.3520000000003,-30.744000000000142,3886.719
1.29,-12.315,-12.425,-11.4,-11.492,-11.492,-14.617,-14.617,-14.453,-14.453,-14.719,-14.719,-14.68,-14.68,-14.557,-14.557,-8.489,-6.976,-5.526,109.5,99.4,92.6,87.85,121.5,94.55,87.35,83.55000000000001,84.2,90.5,107.3,208.6,252.2,318.25,443.85,495.25,510.95,475.75,-14.479,-14.72,153.2,146.3,-0.11000000000000121,-10.099999999999994,1.0250000000000004,-6.800000000000011,-0.09200000000000053,-4.75,0.0,33.650000000000006,-3.125,-26.950000000000003,0.0,-7.200000000000003,0.16400000000000148,-3.799999999999983,0.0,0.6499999999999915,-0.266,6.299999999999997,0.0,16.799999999999997,0.0389999999999997,101.3,0.0,43.599999999999994,0.12299999999999933,66.05000000000001,0.0,125.60000000000002,6.068,51.39999999999998,1.5130000000000008,15.699999999999989,1.4500000000000002,-35.19999999999999,-12.564833333333334,-14.608285714285712,-10.7975,416.0416666666667,3886.719,3917.463,3525.029,3858.5794,-15.552999999999884,3871.166
1.29,-12.486,-12.557,-11.422,-11.495,-11.495,-14.79,-14.79,-14.834,-14.834,-14.681,-14.681,-14.44,-14.44,-14.231,-14.231,-8.852,-7.593,-6.467,109.45,98.7,93.05,87.65,122.15,93.6,87.65,83.95,83.65,89.55,103.35,212.75,280.95,346.0,433.9,486.85,500.25,477.5,-14.891,-15.078,156.0,148.2,-0.07099999999999973,-10.75,1.1349999999999998,-5.650000000000006,-0.07299999999999862,-5.3999999999999915,0.0,34.5,-3.295,-28.55000000000001,0.0,-5.949999999999989,-0.04400000000000048,-3.700000000000003,0.0,-0.29999999999999716,0.15300000000000047,5.8999999999999915,0.0,13.799999999999997,0.24099999999999966,109.4,0.0,68.19999999999999,0.20899999999999963,65.05000000000001,0.0,87.89999999999998,5.379,52.950000000000045,1.2590000000000003,13.399999999999977,1.1260000000000003,-22.75,-12.68438888888889,-14.721428571428572,-10.969000000000001,420.9083333333333,3871.166,3886.719,3654.152,3912.7606,53.891999999999825,3925.058
1.29,-12.119,-12.304,-11.494,-11.574,-11.574,-14.764,-14.764,-14.816,-14.816,-14.147,-14.147,-14.091,-14.091,-13.978,-13.978,-13.482,-13.325,-11.221,109.4,97.8,93.0,88.15,123.0,92.7,87.94999999999999,84.25,83.19999999999999,88.1,101.35,240.2,328.25,376.8,430.8,478.85,494.9,473.65,-14.591,-14.575,159.2,149.3,-0.1850000000000005,-11.600000000000009,0.8100000000000005,-4.799999999999997,-0.08000000000000007,-4.849999999999994,0.0,34.849999999999994,-3.1899999999999995,-30.299999999999997,0.0,-4.750000000000014,-0.05200000000000138,-3.6999999999999886,0.0,-1.0500000000000114,0.6690000000000005,4.900000000000006,0.0,13.25,0.05600000000000094,138.85,0.0,88.05000000000001,0.11299999999999955,48.55000000000001,0.0,54.0,0.49600000000000044,48.05000000000001,0.15700000000000003,16.049999999999955,2.103999999999999,-21.25,-13.37138888888889,-14.506428571428572,-13.345833333333333,430.5416666666667,3925.058,3871.166,3963.397,3886.1402000000003,-94.76299999999992,3830.295
1.29,-11.883,-12.203,-11.494,-11.575,-11.575,-14.206,-14.206,-14.237,-14.237,-14.106,-14.106,-14.055,-14.055,-13.89,-13.89,-13.494,-13.312,-11.228,110.15,97.25,92.7,88.95,123.55,92.75,88.05,84.7,83.25,87.0,103.3,227.8,347.35,395.85,437.25,481.4,490.7000000000001,468.35,-14.304,-14.463,162.7,149.4,-0.3200000000000003,-12.900000000000006,0.7089999999999996,-4.549999999999997,-0.08099999999999952,-3.75,0.0,34.599999999999994,-2.6310000000000002,-30.799999999999997,0.0,-4.700000000000003,-0.031000000000000583,-3.3499999999999943,0.0,-1.4500000000000028,0.13100000000000023,3.75,0.0,16.299999999999997,0.051000000000000156,124.50000000000001,0.0,119.55000000000001,0.16499999999999915,48.5,0.0,41.39999999999998,0.3960000000000008,44.14999999999998,0.18200000000000038,9.300000000000125,2.0839999999999996,-22.35000000000008,-13.208444444444446,-14.164714285714284,-13.3115,436.81666666666666,3830.295,3925.058,3917.463,3857.9282,-53.89200000000028,3776.403
1.29,-11.583,-12.028,-11.546,-11.629,-11.629,-14.165,-14.165,-14.207,-14.207,-14.072,-14.072,-14.035,-14.035,-13.877,-13.877,-13.482,-13.291,-11.245,111.3,96.95,92.4,89.5,123.6,93.55,87.9,84.95,83.6,86.6,116.75,197.7,367.65,418.2,450.05,490.55,495.7000000000001,461.4,-14.268,-14.437,165.3,146.4,-0.4450000000000003,-14.349999999999994,0.4820000000000011,-4.549999999999997,-0.08300000000000018,-2.9000000000000057,0.0,34.099999999999994,-2.5359999999999996,-30.049999999999997,0.0,-5.6499999999999915,-0.04200000000000159,-2.950000000000003,0.0,-1.3500000000000085,0.13500000000000156,3.0,0.0,30.150000000000006,0.036999999999999034,80.94999999999999,0.0,169.95,0.15799999999999947,50.55000000000001,0.0,31.850000000000023,0.39500000000000135,40.5,0.19099999999999895,5.150000000000091,2.046000000000001,-34.300000000000125,-13.174722222222222,-14.131857142857143,-13.301166666666667,447.2583333333334,3776.403,3830.295,3886.719,3799.4790000000003,-181.92999999999984,3594.473
1.29,-11.48,-11.834,-11.581,-11.655,-11.655,-14.145,-14.145,-14.188,-14.188,-14.049,-14.049,-14.018,-14.018,-13.804,-13.804,-13.44,-13.231,-11.202,111.85,96.6,91.65,89.55000000000001,122.35,94.3,87.5,85.05,83.75,86.2,132.55,170.95,370.2,447.55,463.55,501.7,507.8,457.5,-14.26,-14.41,166.7,143.4,-0.3539999999999992,-15.25,0.2530000000000001,-4.949999999999989,-0.07399999999999984,-2.0999999999999943,0.0,32.79999999999998,-2.49,-28.049999999999997,0.0,-6.799999999999997,-0.04300000000000104,-2.450000000000003,0.0,-1.2999999999999972,0.13900000000000112,2.450000000000003,0.0,46.35000000000001,0.030999999999998806,38.39999999999998,0.0,199.25,0.2140000000000004,77.35000000000002,0.0,16.0,0.36400000000000077,38.14999999999998,0.20899999999999963,6.100000000000023,2.029,-50.30000000000001,-13.13811111111111,-14.111714285714287,-13.249833333333333,458.05,3594.473,3776.403,3871.166,3743.7064,-2.1700000000000728,3592.303
1.29,-11.598,-11.836,-11.55,-11.565,-11.565,-14.133,-14.133,-14.166,-14.166,-14.091,-14.091,-14.061,-14.061,-13.762,-13.762,-13.411,-13.23,-11.179,112.0,96.65,91.05,89.25,122.55,95.0,86.85,84.85,83.55,85.8,134.25,161.3,330.15,454.75,474.5,509.2,517.55,459.9,-14.252,-14.42,166.8,143.2,-0.23799999999999955,-15.349999999999994,0.2859999999999996,-5.6000000000000085,-0.014999999999998792,-1.7999999999999972,0.0,33.3,-2.5679999999999996,-27.549999999999997,0.0,-8.150000000000006,-0.03300000000000125,-2.0,0.0,-1.2999999999999972,0.07500000000000107,2.25,0.0,48.45,0.02999999999999936,27.05000000000001,0.0,168.84999999999997,0.2989999999999995,124.60000000000002,0.0,19.75,0.35100000000000087,34.69999999999999,0.18099999999999916,8.349999999999966,2.051,-57.64999999999998,-13.131111111111112,-14.120142857142854,-13.234166666666667,457.675,3592.303,3594.473,3925.058,3670.6449999999995,-32.55199999999968,3559.751
1.29,-11.711,-11.912,-11.553,-11.645,-11.645,-14.158,-14.158,-14.199,-14.199,-14.037,-14.037,-14.016,-14.016,-13.849,-13.849,-13.435,-13.23,-11.183,111.55,97.1,90.8,89.0,121.25,95.35,86.35,84.80000000000001,83.25,85.6,129.3,165.35000000000002,291.3,446.3,485.75,518.1,521.8,466.75,-14.263,-14.409,166.3,141.9,-0.2010000000000005,-14.450000000000003,0.359,-6.299999999999997,-0.09199999999999875,-1.7999999999999972,0.0,32.25,-2.513,-25.900000000000006,0.0,-9.0,-0.04100000000000037,-1.549999999999983,0.0,-1.5500000000000114,0.16199999999999903,2.3499999999999943,0.0,43.70000000000002,0.021000000000000796,36.05000000000001,0.0,125.94999999999999,0.16699999999999982,155.0,0.0,39.44999999999999,0.4139999999999997,32.35000000000002,0.20500000000000007,3.699999999999932,2.0470000000000006,-55.049999999999955,-13.15733333333333,-14.114857142857145,-13.260333333333335,455.0,3559.751,3592.303,3830.295,3627.821,56.42399999999998,3616.175
1.29,-11.74,-11.948,-11.586,-11.667,-11.667,-14.175,-14.175,-14.166,-14.166,-14.061,-14.061,-14.055,-14.055,-13.898,-13.898,-13.389,-13.202,-11.254,110.9,97.45,90.7,88.5,119.8,95.5,86.0,84.5,83.0,85.85,126.05,166.8,260.0,426.9,480.4,509.35,507.7,472.05,-14.239,-14.354,165.2,142.9,-0.20800000000000018,-13.450000000000003,0.3620000000000001,-6.75,-0.08099999999999952,-2.200000000000003,0.0,31.299999999999997,-2.508000000000001,-24.299999999999997,0.0,-9.5,0.009000000000000341,-1.5,0.0,-1.5,0.10500000000000043,2.8499999999999943,0.0,40.2,0.006000000000000227,40.750000000000014,0.0,93.19999999999999,0.15700000000000003,166.89999999999998,0.0,53.5,0.5090000000000003,28.950000000000045,0.1869999999999994,-1.650000000000034,1.9480000000000004,-35.64999999999998,-13.175722222222223,-14.122714285714286,-13.282666666666666,442.73333333333335,3616.175,3559.751,3776.403,3603.2986000000005,37.615999999999985,3653.791
1.29,-11.825,-12.03,-11.576,-11.628,-11.628,-14.139,-14.139,-14.169,-14.169,-14.129,-14.129,-14.1,-14.1,-13.867,-13.867,-13.351,-13.125,-11.249,109.8,97.6,90.4,87.65,119.25,95.25,85.65,84.35,82.85,86.0,120.1,163.95,270.1,408.6,471.2,508.6,505.9,469.45,-14.275,-14.427,164.5,143.5,-0.20500000000000007,-12.200000000000003,0.45399999999999885,-7.199999999999989,-0.0519999999999996,-2.75,0.0,31.599999999999994,-2.5109999999999992,-24.0,0.0,-9.599999999999994,-0.030000000000001137,-1.3000000000000114,0.0,-1.5,0.040000000000000924,3.1500000000000057,0.0,34.099999999999994,0.028999999999999915,43.849999999999994,0.0,106.15000000000003,0.23299999999999876,138.5,0.0,62.599999999999966,0.516,37.400000000000034,0.22600000000000087,-2.7000000000000455,1.8759999999999994,-36.44999999999999,-13.178888888888885,-14.139142857142858,-13.259833333333333,438.97499999999997,3653.791,3616.175,3594.473,3631.1488000000004,79.93299999999999,3733.724
1.29,-11.894,-12.028,-11.532,-11.595,-11.595,-14.187,-14.187,-14.222,-14.222,-14.102,-14.102,-14.081,-14.081,-13.924,-13.924,-13.381,-13.129,-11.125,108.85,97.5,90.9,87.3,119.7,94.55,85.75,83.9,82.7,89.85,115.05,154.25,279.7,365.7000000000001,473.9500000000001,520.45,516.25,470.9,-14.26,-14.392,163.5,143.5,-0.13400000000000034,-11.349999999999994,0.49600000000000044,-6.599999999999994,-0.06300000000000061,-3.6000000000000085,0.0,32.400000000000006,-2.5919999999999987,-25.150000000000006,0.0,-8.799999999999997,-0.03500000000000014,-1.8499999999999943,0.0,-1.2000000000000028,0.11999999999999922,7.1499999999999915,0.0,25.200000000000003,0.021000000000000796,39.2,0.0,125.44999999999999,0.15700000000000003,86.00000000000011,0.0,108.25,0.5429999999999993,46.49999999999994,0.25200000000000067,-4.2000000000000455,2.0039999999999996,-45.35000000000002,-13.183944444444442,-14.15757142857143,-13.260666666666667,437.82500000000005,3733.724,3653.791,3592.303,3683.8832,122.25099999999975,3855.975
1.29,-11.933,-12.079,-11.476,-11.641,-11.641,-14.18,-14.18,-14.199,-14.199,-14.1,-14.1,-14.092,-14.092,-13.949,-13.949,-13.451,-13.222,-11.011,108.75,97.45,91.65,87.25,121.8,94.15,86.30000000000001,83.55,82.4,92.55,109.7,146.65,286.2,366.4,467.0,484.75,483.1,476.7,-14.274,-14.428,162.7,143.8,-0.1460000000000008,-11.299999999999997,0.6029999999999998,-5.799999999999997,-0.16499999999999915,-4.400000000000006,0.0,34.55,-2.5389999999999997,-27.64999999999999,0.0,-7.849999999999994,-0.019000000000000128,-2.750000000000014,0.0,-1.1499999999999915,0.0990000000000002,10.149999999999991,0.0,17.150000000000006,0.007999999999999119,36.95,0.0,139.54999999999998,0.14300000000000068,80.19999999999999,0.0,100.60000000000002,0.49799999999999933,17.75,0.22900000000000098,-1.6499999999999773,2.2110000000000003,-6.400000000000034,-13.194111111111113,-14.149999999999997,-13.278999999999998,427.3583333333333,3855.975,3733.724,3559.751,3701.3168000000005,-209.05600000000004,3646.919
1.29,-11.889,-12.106,-11.511,-11.664,-11.664,-14.17,-14.17,-14.206,-14.206,-14.097,-14.097,-14.074,-14.074,-13.93,-13.93,-13.473,-13.316,-11.077,109.05,97.1,91.8,87.0,123.65,93.2,86.85,83.25,82.45,92.7,109.4,140.85,270.15,387.1,463.25,505.0,501.05,475.2,-14.273,-14.42,161.4,144.2,-0.21700000000000053,-11.950000000000003,0.5950000000000006,-5.299999999999997,-0.15300000000000047,-4.799999999999997,0.0,36.650000000000006,-2.5060000000000002,-30.450000000000003,0.0,-6.3500000000000085,-0.03599999999999959,-3.5999999999999943,0.0,-0.7999999999999972,0.10899999999999999,10.25,0.0,16.700000000000003,0.022999999999999687,31.44999999999999,0.0,129.29999999999998,0.14400000000000013,116.95000000000005,0.0,76.14999999999998,0.45699999999999896,41.75,0.15700000000000003,-3.9499999999999886,2.2390000000000008,-25.850000000000023,-13.203000000000005,-14.145714285714282,-13.299999999999999,433.625,3646.919,3855.975,3616.175,3730.3244,114.29400000000032,3761.213
1.29,-11.738,-12.011,-11.412,-11.515,-11.515,-14.171,-14.171,-14.193,-14.193,-14.073,-14.073,-14.072,-14.072,-13.924,-13.924,-13.062,-13.256,-11.155,109.15,96.9,91.8,87.15,124.15,92.85,87.05,83.3,82.5,92.4,105.55,134.5,245.55,401.6,455.9,500.95,512.45,464.7,-14.258,-14.399,160.1,144.4,-0.2729999999999997,-12.25,0.5989999999999984,-5.1000000000000085,-0.10299999999999976,-4.6499999999999915,0.0,37.0,-2.655999999999999,-31.30000000000001,0.0,-5.799999999999997,-0.02200000000000024,-3.75,0.0,-0.7999999999999972,0.11999999999999922,9.900000000000006,0.0,13.149999999999991,0.0010000000000012221,28.950000000000003,0.0,111.05000000000001,0.1479999999999997,156.05,0.0,54.299999999999955,0.8620000000000001,45.05000000000001,-0.19400000000000084,11.500000000000057,2.101000000000001,-47.75000000000006,-13.140555555555558,-14.135142857142856,-13.232166666666666,430.19166666666666,3761.213,3646.919,3653.791,3750.2896,-7.596000000000004,3753.617
1.29,-11.557,-11.89,-11.507,-11.621,-11.621,-14.158,-14.158,-14.176,-14.176,-14.08,-14.08,-14.048,-14.048,-13.907,-13.907,-12.934,-13.194,-11.244,108.3,96.9,91.8,87.6,125.1,92.9,86.65,83.8,82.7,92.4,103.5,137.4,228.55,394.9,456.4500000000001,497.15,507.05,472.85,-14.259,-14.428,158.4,144.4,-0.3330000000000002,-11.399999999999991,0.3830000000000009,-5.1000000000000085,-0.11400000000000077,-4.200000000000003,0.0,37.5,-2.536999999999999,-32.19999999999999,0.0,-6.25,-0.018000000000000682,-2.8500000000000085,0.0,-1.0999999999999943,0.09600000000000009,9.700000000000003,0.0,11.099999999999994,0.03200000000000003,33.900000000000006,0.0,91.15,0.14100000000000001,166.34999999999997,0.0,61.550000000000125,0.9730000000000008,40.699999999999875,-0.26000000000000156,9.900000000000034,1.950000000000001,-34.19999999999999,-13.128111111111114,-14.125142857142858,-13.205666666666666,426.15833333333336,3753.617,3761.213,3733.724,3754.9192000000003,3.2549999999996544,3756.872
1.29,-11.323,-11.758,-11.384,-11.428,-11.428,-14.154,-14.154,-14.18,-14.18,-14.082,-14.082,-14.062,-14.062,-13.921,-13.921,-12.774,-13.126,-11.196,106.7,96.8,91.6,87.85,122.85,93.0,86.3,84.15,83.05000000000001,91.8,109.3,149.35,209.55,378.7000000000001,465.9,495.9,502.85,477.6,-14.249,-14.427,156.7,144.6,-0.4349999999999987,-9.900000000000006,0.3739999999999988,-5.200000000000003,-0.04400000000000048,-3.75,0.0,35.0,-2.725999999999999,-29.849999999999994,0.0,-6.700000000000003,-0.0259999999999998,-2.1499999999999915,0.0,-1.0999999999999943,0.09799999999999898,8.749999999999986,0.0,17.5,0.02000000000000135,40.05,0.0,60.20000000000002,0.14100000000000001,169.1500000000001,0.0,87.19999999999987,1.1470000000000002,30.0,-0.3520000000000003,6.9500000000000455,1.9299999999999997,-25.25,-13.0675,-14.127714285714285,-13.166666666666666,421.75,3756.872,3753.617,3855.975,3744.4302000000002,46.65800000000036,3803.53
1.29,-11.249,-11.676,-11.441,-11.488,-11.488,-14.154,-14.154,-14.167,-14.167,-14.075,-14.075,-14.063,-14.063,-13.93,-13.93,-12.742,-13.083,-11.15,105.35,96.6,91.0,88.15,124.1,93.25,85.9,84.2,83.35,91.1,125.6,137.4,206.95,348.2,473.35,502.4500000000001,505.85,475.7000000000001,-14.251,-14.395,154.9,143.9,-0.4269999999999996,-8.75,0.23499999999999943,-5.599999999999994,-0.04699999999999882,-2.8499999999999943,0.0,35.94999999999999,-2.6660000000000004,-30.849999999999994,0.0,-7.349999999999994,-0.0129999999999999,-1.7000000000000028,0.0,-0.8500000000000085,0.09200000000000053,7.75,0.0,34.5,0.011999999999998678,11.800000000000011,0.0,69.54999999999998,0.1330000000000009,141.25,0.0,125.15000000000003,1.1879999999999988,29.10000000000008,-0.3409999999999993,3.3999999999999204,1.9329999999999998,-30.14999999999992,-13.060833333333331,-14.122142857142858,-13.149666666666668,418.75000000000006,3803.53,3756.872,3646.919,3803.9642,141.05899999999974,3944.589
1.29,-11.29,-11.645,-11.458,-11.512,-11.512,-14.156,-14.156,-14.17,-14.17,-14.079,-14.079,-14.055,-14.055,-13.919,-13.919,-10.32,-7.997,-6.591,105.4,96.0,90.7,88.0,124.5,94.3,85.1,83.9,83.45,90.75,138.1,129.95,227.9,328.9,470.3,510.4500000000001,513.0,471.85,-14.251,-14.408,153.2,142.9,-0.3550000000000004,-9.400000000000006,0.1869999999999994,-5.299999999999997,-0.05400000000000027,-2.700000000000003,0.0,36.5,-2.644,-30.200000000000003,0.0,-9.200000000000003,-0.013999999999999346,-1.1999999999999886,0.0,-0.45000000000000284,0.0909999999999993,7.299999999999997,0.0,47.349999999999994,0.02400000000000091,-8.150000000000006,0.0,97.95000000000002,0.13599999999999923,100.99999999999997,0.0,141.40000000000003,3.599,40.15000000000009,2.3230000000000004,2.5499999999998977,1.4059999999999997,-41.14999999999998,-12.393500000000005,-14.123571428571429,-11.1335,420.40000000000003,3944.589,3803.53,3761.213,3847.1498,32.552000000000135,3977.141
1.29,-11.249,-11.637,-11.516,-11.563,-11.563,-14.145,-14.145,-14.176,-14.176,-14.1,-14.1,-14.081,-14.081,-13.924,-13.924,-10.456,-8.111,-6.346,105.9,94.85,90.7,87.9,123.15,95.55,84.55,83.55,83.35,90.25,135.4,121.05,229.55,310.25,456.65,507.9,516.8,472.9500000000001,-14.256,-14.41,151.9,142.3,-0.3879999999999999,-11.050000000000011,0.12100000000000044,-4.1499999999999915,-0.0470000000000006,-2.799999999999997,0.0,35.25,-2.581999999999999,-27.60000000000001,0.0,-11.0,-0.031000000000000583,-1.0,0.0,-0.20000000000000284,0.07600000000000051,6.900000000000006,0.0,45.150000000000006,0.019000000000000128,-14.350000000000009,0.0,108.50000000000001,0.15700000000000003,80.69999999999999,0.0,146.39999999999998,3.468,51.25,2.344999999999999,8.899999999999977,1.7650000000000006,-43.84999999999985,-12.405166666666666,-14.131857142857143,-11.140333333333336,415.68333333333334,3977.141,3944.589,3753.617,3885.2718,-32.914000000000215,3944.227
1.29,-11.45,-11.891,-11.466,-11.562,-11.562,-14.163,-14.163,-14.189,-14.189,-14.668,-14.668,-14.658,-14.658,-14.508,-14.508,-10.617,-8.568,-7.024,106.15,93.7,90.6,87.5,123.1,95.35,84.55,83.05,83.1,89.3,126.95,115.1,216.7,324.4,435.95,492.65,512.75,481.15,-14.268,-14.382,150.6,142.4,-0.4410000000000007,-12.450000000000003,0.4250000000000007,-3.1000000000000085,-0.09600000000000009,-3.0999999999999943,0.0,35.599999999999994,-2.601000000000001,-27.75,0.0,-10.799999999999997,-0.0259999999999998,-1.5,0.0,0.04999999999999716,-0.4789999999999992,6.200000000000003,0.0,37.650000000000006,0.009999999999999787,-11.850000000000009,0.0,101.6,0.15000000000000036,107.69999999999999,0.0,111.55000000000001,3.8909999999999982,56.69999999999999,2.0490000000000013,20.100000000000023,1.5439999999999996,-31.600000000000023,-12.69511111111111,-14.385428571428571,-11.647166666666665,410.59999999999997,3944.227,3977.141,3756.872,3926.2874,17.722999999999956,3961.95
1.29,-11.684,-12.02,-11.422,-11.509,-11.509,-14.732,-14.732,-14.752,-14.752,-14.915,-14.915,-14.898,-14.898,-14.76,-14.76,-10.314,-8.441,-6.886,106.5,93.65,90.5,87.15,124.05,94.4,84.55000000000001,82.45,82.69999999999999,87.75,115.3,127.25,194.7,348.9,416.0,471.15,495.75,480.9,-14.861,-14.964,149.6,143.7,-0.3360000000000003,-12.849999999999994,0.597999999999999,-3.1500000000000057,-0.08699999999999974,-3.3499999999999943,0.0,36.89999999999999,-3.222999999999999,-29.64999999999999,0.0,-9.849999999999994,-0.02000000000000135,-2.1000000000000085,0.0,0.2499999999999858,-0.16299999999999848,5.050000000000011,0.0,27.549999999999997,0.01699999999999946,11.950000000000003,0.0,67.44999999999999,0.1379999999999999,154.2,0.0,67.10000000000002,4.446,55.14999999999998,1.8729999999999993,24.600000000000023,1.5550000000000006,-14.850000000000023,-12.883277777777774,-14.813714285714285,-11.676499999999999,401.23333333333335,3961.95,3944.227,3803.53,3952.112,-29.297000000000025,3932.653
1.29,-11.689,-12.017,-11.416,-11.495,-11.495,-15.031,-15.031,-15.035,-15.035,-14.921,-14.921,-14.898,-14.898,-14.77,-14.77,-10.557,-8.186,-6.497,107.25,94.05,90.0,87.05,124.95,93.65,84.4,82.05000000000001,82.35,86.55,107.2,167.60000000000002,178.7,346.7,405.0,450.2,480.05,479.3,-15.115,-15.221,149.5,145.5,-0.3279999999999994,-13.200000000000003,0.6009999999999991,-4.049999999999997,-0.07899999999999885,-2.950000000000003,0.0,37.900000000000006,-3.5360000000000014,-31.299999999999997,0.0,-9.25,-0.0039999999999995595,-2.3499999999999943,0.0,0.29999999999998295,0.11400000000000077,4.200000000000003,0.0,20.650000000000006,0.022999999999999687,60.40000000000002,0.0,11.099999999999966,0.1280000000000001,168.0,0.0,58.30000000000001,4.212999999999999,45.19999999999999,2.3710000000000004,29.850000000000023,1.689,-0.75,-12.925666666666665,-14.981714285714284,-11.613,389.9916666666666,3932.653,3961.95,3944.589,3953.5588000000002,19.170000000000073,3951.823
1.29,-11.91,-12.209,-11.419,-11.53,-11.53,-14.997,-14.997,-15.007,-15.007,-15.211,-15.211,-15.172,-15.172,-15.047,-15.047,-10.474,-8.297,-6.783,107.75,94.3,89.1,86.95,123.35,92.9,84.85,81.85,82.2,85.75,102.3,209.85,179.8,328.25,418.5,444.45,461.4,470.2000000000001,-15.124,-15.243,150.0,146.9,-0.2989999999999995,-13.450000000000003,0.7899999999999991,-5.200000000000003,-0.11099999999999888,-2.1499999999999915,0.0,36.39999999999999,-3.4670000000000005,-30.44999999999999,0.0,-8.050000000000011,-0.009999999999999787,-3.0,0.0,0.3500000000000085,-0.20400000000000063,3.549999999999997,0.0,16.549999999999997,0.0389999999999997,107.55,0.0,-30.049999999999983,0.125,148.45,0.0,90.25,4.573,25.94999999999999,2.1769999999999996,16.94999999999999,1.5140000000000002,8.800000000000125,-13.056666666666665,-15.085999999999999,-11.803333333333335,383.7666666666667,3951.823,3932.653,3977.141,3961.299,64.01900000000023,4015.842
1.29,-11.975,-12.213,-11.381,-11.5,-11.5,-15.263,-15.263,-15.292,-15.292,-15.181,-15.181,-15.164,-15.164,-15.038,-15.038,-10.359,-8.304,-6.892,107.75,94.6,88.5,86.94999999999999,118.25,92.45,85.25,81.85,82.15,85.25,99.4,192.6,217.95,299.6,429.7000000000001,464.3,468.8,460.4,-15.416,-15.509,151.0,147.3,-0.23799999999999955,-13.150000000000006,0.831999999999999,-6.099999999999994,-0.11899999999999977,-1.5500000000000114,0.0,31.30000000000001,-3.763,-25.799999999999997,0.0,-7.200000000000003,-0.028999999999999915,-3.4000000000000057,0.0,0.30000000000001137,0.11100000000000065,3.0999999999999943,0.0,14.150000000000006,0.01699999999999946,93.19999999999999,0.0,25.349999999999994,0.12599999999999945,81.65000000000003,0.0,130.10000000000008,4.679,34.59999999999991,2.0549999999999997,4.5,1.412,-8.400000000000034,-13.111111111111112,-15.233714285714285,-11.799166666666666,390.125,4015.842,3951.823,3944.227,4006.3656,153.7180000000003,4169.56
1.29,-12.139,-12.339,-11.419,-11.589,-11.589,-15.252,-15.252,-15.27,-15.27,-15.195,-15.195,-15.156,-15.156,-15.009,-15.009,-10.565,-8.402,-6.765,107.6,95.0,88.75,86.55000000000001,116.6,92.25,85.5,81.94999999999999,82.15,85.0,100.75,175.64999999999998,294.0,288.85,428.8,469.75,489.3,446.8,-15.403,-15.49,152.2,147.1,-0.20000000000000107,-12.599999999999994,0.9199999999999999,-6.25,-0.16999999999999993,-2.1999999999999886,0.0,30.049999999999983,-3.6630000000000003,-24.349999999999994,0.0,-6.75,-0.017999999999998906,-3.5500000000000114,0.0,0.20000000000001705,0.07499999999999929,2.8499999999999943,0.0,15.75,0.0389999999999997,74.89999999999998,0.0,118.35000000000002,0.14700000000000024,-5.149999999999977,0.0,139.95,4.444000000000001,40.94999999999999,2.1630000000000003,19.55000000000001,1.6369999999999996,-42.5,-13.142833333333332,-15.227142857142857,-11.817666666666666,402.9166666666667,4169.56,4015.842,3961.95,4054.5425999999998,33.274999999999636,4202.835
1.29,-12.597,-12.685,-11.505,-11.656,-11.656,-15.252,-15.252,-15.289,-15.289,-15.443,-15.443,-15.413,-15.413,-15.246,-15.246,-11.027,-8.806,-7.469,106.85,95.45,88.75,85.80000000000001,117.75,91.9,85.55,82.4,82.2,85.94999999999999,103.4,169.7,324.85,310.4,418.2000000000001,474.0,493.15,449.2000000000001,-15.46,-15.608,153.5,147.4,-0.08800000000000097,-11.399999999999991,1.1799999999999997,-6.700000000000003,-0.1509999999999998,-2.9499999999999886,0.0,31.94999999999999,-3.596,-25.849999999999994,0.0,-6.3500000000000085,-0.036999999999999034,-3.1499999999999915,0.0,-0.20000000000000284,-0.15399999999999991,3.749999999999986,0.0,17.450000000000017,0.02999999999999936,66.29999999999998,0.0,155.15000000000003,0.16699999999999982,-14.450000000000045,0.0,107.80000000000013,4.219000000000001,55.7999999999999,2.221,19.149999999999977,1.3369999999999989,-43.949999999999875,-13.371500000000003,-15.340142857142856,-12.201166666666666,411.6333333333334,4202.835,4169.56,3932.653,4099.3922,-45.9340000000002,4156.901
1.29,-12.786,-12.861,-11.52,-11.663,-11.663,-15.503,-15.503,-15.536,-15.536,-15.458,-15.458,-15.419,-15.419,-15.261,-15.261,-11.033,-9.319,-7.897,105.8,95.55,88.8,85.15,118.75,91.55,85.5,82.7,82.0,87.05,101.1,163.65,298.45000000000005,367.75,407.45,460.9,493.85,453.15,-15.687,-15.754,154.4,148.1,-0.07500000000000107,-10.25,1.341000000000001,-6.75,-0.14300000000000068,-3.6499999999999915,0.0,33.599999999999994,-3.84,-27.200000000000003,0.0,-6.049999999999997,-0.032999999999999474,-2.799999999999997,0.0,-0.7000000000000028,0.0779999999999994,5.049999999999997,0.0,14.049999999999997,0.0389999999999997,62.55000000000001,0.0,134.80000000000004,0.15800000000000125,69.29999999999995,0.0,39.69999999999999,4.228,53.44999999999999,1.7139999999999986,32.950000000000045,1.4220000000000006,-40.700000000000045,-13.505333333333333,-15.487571428571428,-12.365000000000002,413.5916666666667,4156.901,4202.835,3951.823,4139.7568,-3.255000000000109,4153.646
1.29,-12.849,-12.984,-11.544,-11.685,-11.685,-15.49,-15.49,-15.538,-15.538,-15.437,-15.437,-15.401,-15.401,-15.236,-15.236,-11.115,-9.405,-7.903,105.15,95.4,88.9,85.25,120.3,90.85,85.3,83.15,81.75,88.3,96.65,153.05,296.85,421.55,405.6,458.65,484.05,451.2000000000001,-15.695,-15.758,155.1,149.1,-0.1349999999999998,-9.75,1.4399999999999995,-6.5,-0.14100000000000001,-3.6500000000000057,0.0,35.05,-3.8049999999999997,-29.450000000000003,0.0,-5.549999999999997,-0.04800000000000004,-2.1499999999999915,0.0,-1.4000000000000057,0.10100000000000087,6.549999999999997,0.0,8.350000000000009,0.03599999999999959,56.400000000000006,0.0,143.8,0.16499999999999915,124.69999999999999,0.0,-15.949999999999989,4.121,53.049999999999955,1.7100000000000009,25.400000000000034,1.5019999999999998,-32.84999999999991,-13.520777777777777,-15.47585714285714,-12.382666666666667,419.6500000000001,4153.646,4156.901,4015.842,4174.768399999999,37.253999999999905,4190.9
1.29,-12.741,-12.955,-11.605,-11.724,-11.724,-15.48,-15.48,-15.523,-15.523,-15.427,-15.427,-15.394,-15.394,-15.222,-15.222,-11.137,-9.185,-7.631,105.4,94.85,89.2,85.5,120.55,90.35,84.9,83.1,81.65,94.6,93.25,142.25,280.25,427.85,423.5,465.3,480.75,445.35,-15.677,-15.733,155.7,150.1,-0.2140000000000004,-10.550000000000011,1.3499999999999996,-5.6499999999999915,-0.11899999999999977,-3.700000000000003,0.0,35.05,-3.7560000000000002,-30.200000000000003,0.0,-5.449999999999989,-0.04299999999999926,-1.8000000000000114,0.0,-1.4499999999999886,0.09600000000000009,12.949999999999989,0.0,-1.3499999999999943,0.032999999999999474,49.0,0.0,138.0,0.1720000000000006,147.60000000000002,0.0,-4.350000000000023,4.084999999999999,41.80000000000001,1.952,15.449999999999989,1.5540000000000003,-35.39999999999998,-13.488555555555557,-15.464857142857142,-12.298499999999999,420.49999999999994,4190.9,4153.646,4169.56,4178.385400000001,-3.2549999999991996,4187.645
1.29,-12.439,-12.768,-11.579,-11.74,-11.74,-15.484,-15.484,-15.523,-15.523,-15.413,-15.413,-15.382,-15.382,-15.238,-15.238,-13.392,-13.231,-11.251,106.2,94.05,89.4,85.6,120.15,90.3,84.75,83.2,85.44999999999999,112.8,90.75,150.9,265.7,428.4,450.7,479.2000000000001,486.4,441.85,-15.675,-15.736,156.0,150.9,-0.3290000000000006,-12.150000000000006,1.189,-4.6499999999999915,-0.1609999999999996,-3.8000000000000114,0.0,34.55000000000001,-3.7439999999999998,-29.85000000000001,0.0,-5.549999999999997,-0.0389999999999997,-1.5499999999999972,0.0,2.249999999999986,0.10999999999999943,27.35000000000001,0.0,-22.049999999999997,0.031000000000000583,60.150000000000006,0.0,114.79999999999998,0.14400000000000013,162.7,0.0,22.30000000000001,1.846,28.500000000000114,0.1609999999999996,7.199999999999875,1.9800000000000004,-44.549999999999955,-14.012222222222222,-15.460285714285714,-13.955333333333334,425.375,4187.645,4190.9,4202.835,4177.5898,11.211999999999534,4198.857
1.29,-12.158,-12.506,-11.646,-11.79,-11.79,-15.453,-15.453,-15.519,-15.519,-14.832,-14.832,-14.813,-14.813,-14.591,-14.591,-13.537,-13.348,-11.245,108.05,93.25,89.44999999999999,85.80000000000001,117.35,90.7,84.65,82.75,100.8,112.35,89.0,157.2,238.1,420.85,472.4,495.7,501.25,433.6,-15.668,-15.722,155.9,151.9,-0.34800000000000075,-14.799999999999997,0.8599999999999994,-3.8000000000000114,-0.14399999999999835,-3.6499999999999773,0.0,31.549999999999983,-3.6630000000000003,-26.64999999999999,0.0,-6.049999999999997,-0.06600000000000072,-1.9000000000000057,0.0,18.049999999999997,0.6869999999999994,11.549999999999997,0.0,-23.349999999999994,0.019000000000000128,68.19999999999999,0.0,80.9,0.2220000000000013,182.75000000000003,0.0,51.549999999999955,1.0539999999999985,23.30000000000001,0.18900000000000006,5.550000000000011,2.1030000000000015,-67.64999999999998,-13.802000000000001,-15.203000000000001,-13.6875,426.98333333333335,4198.857,4187.645,4156.901,4182.2194,-18.807999999999993,4180.049
1.29,-11.403,-11.817,-11.701,-11.77,-11.77,-14.982,-14.982,-14.915,-14.915,-14.323,-14.323,-14.147,-14.147,-13.952,-13.952,-13.508,-13.327,-11.261,109.6,92.9,89.4,86.0,117.1,91.15,84.45,82.45,99.7,106.65,88.25,179.5,238.5,399.4,482.55,507.0,510.4,439.7,-14.965,-14.81,155.5,154.0,-0.4139999999999997,-16.69999999999999,0.11599999999999966,-3.5,-0.06899999999999906,-3.4000000000000057,0.0,31.099999999999994,-3.2119999999999997,-25.94999999999999,0.0,-6.700000000000003,0.06700000000000017,-2.0,0.0,17.25,0.5919999999999987,6.950000000000003,0.0,-18.400000000000006,0.17600000000000016,91.25,0.0,59.0,0.19500000000000028,160.89999999999998,0.0,83.15000000000003,0.44400000000000084,24.44999999999999,0.18099999999999916,3.3999999999999773,2.0660000000000007,-70.69999999999999,-13.399722222222222,-14.655285714285714,-13.357833333333332,429.59166666666664,4180.049,4198.857,4153.646,4189.8872,11.935999999999694,4191.985
1.29,-11.213,-11.673,-11.683,-11.763,-11.763,-14.402,-14.402,-14.449,-14.449,-14.081,-14.081,-14.053,-14.053,-13.938,-13.938,-13.368,-13.122,-11.28,109.8,94.0,89.0,86.1,115.7,91.45,84.3,82.35,95.95,101.3,88.1,248.8,254.15,373.4500000000001,487.7,512.5,514.45,448.4500000000001,-14.355,-14.327,155.8,157.0,-0.46000000000000085,-15.799999999999997,-0.009999999999999787,-5.0,-0.08000000000000007,-2.9000000000000057,0.0,29.60000000000001,-2.6389999999999993,-24.25,0.0,-7.150000000000006,-0.0470000000000006,-1.9500000000000028,0.0,13.600000000000009,0.3680000000000003,5.349999999999994,0.0,-13.200000000000003,0.027999999999998693,160.70000000000002,0.0,5.349999999999994,0.11500000000000021,119.3000000000001,0.0,114.24999999999989,0.5700000000000003,24.80000000000001,0.24600000000000044,1.9500000000000455,1.8420000000000005,-65.99999999999994,-13.206166666666663,-14.273857142857143,-13.283166666666668,431.78333333333336,4191.985,4180.049,4190.9,4180.844999999999,-46.29599999999937,4145.689
1.29,-11.39,-11.707,-11.719,-11.834,-11.834,-14.144,-14.144,-14.182,-14.182,-14.047,-14.047,-13.996,-13.996,-13.9,-13.9,-13.219,-13.102,-11.281,110.1,96.45,88.4,86.1,114.15,91.45,83.75,82.25,93.7,101.75,88.0,280.65,283.85,362.65,483.0,511.25,517.85,456.4,-14.291,-14.356,157.1,159.6,-0.31700000000000017,-13.649999999999991,-0.011999999999998678,-8.049999999999997,-0.11500000000000021,-2.3000000000000114,0.0,28.05000000000001,-2.3100000000000005,-22.700000000000003,0.0,-7.700000000000003,-0.038000000000000256,-1.5,0.0,11.450000000000003,0.1349999999999998,8.049999999999997,0.0,-13.75,0.051000000000000156,192.64999999999998,0.0,3.2000000000000455,0.09600000000000009,78.79999999999995,0.0,120.35000000000002,0.6810000000000009,28.25,0.1169999999999991,6.600000000000023,1.8209999999999997,-61.450000000000045,-13.14577777777778,-14.105999999999998,-13.233000000000002,435.8333333333333,4145.689,4191.985,4187.645,4119.864,-262.9490000000005,3882.74
1.29,-11.74,-11.844,-11.72,-11.846,-11.846,-14.118,-14.118,-14.147,-14.147,-14.063,-14.063,-14.024,-14.024,-13.9,-13.9,-13.214,-13.07,-11.293,110.25,97.9,88.1,86.0,113.65,91.4,83.15,82.25,91.8,102.65,89.35,288.95000000000005,338.04999999999995,377.35,469.4,512.5,517.25,467.1,-14.27,-14.341,158.7,160.8,-0.1039999999999992,-12.349999999999994,0.12399999999999878,-9.800000000000011,-0.12599999999999945,-2.0999999999999943,0.0,27.650000000000006,-2.2720000000000002,-22.25,0.0,-8.25,-0.028999999999999915,-0.9000000000000057,0.0,9.549999999999997,0.08399999999999963,10.850000000000009,0.0,-13.300000000000011,0.03900000000000148,199.60000000000005,0.0,49.09999999999991,0.12399999999999878,39.30000000000007,0.0,92.04999999999995,0.6859999999999999,43.10000000000002,0.14400000000000013,4.75,1.777000000000001,-50.14999999999998,-13.170944444444444,-14.097142857142858,-13.233500000000001,446.94166666666666,3882.74,4145.689,4198.857,4013.3102,-216.6519999999996,3666.088
1.29,-11.827,-12.009,-11.722,-11.786,-11.786,-14.129,-14.129,-14.157,-14.157,-14.049,-14.049,-14.021,-14.021,-13.882,-13.882,-13.789,-13.601,-11.341,110.4,97.75,88.45,85.7,114.9,91.55,82.9,82.05000000000001,89.85,102.35,88.4,285.85,392.5,396.5,452.0,495.9,513.75,474.0,-14.286,-14.337,159.9,161.0,-0.18200000000000038,-12.650000000000006,0.2870000000000008,-9.299999999999997,-0.06400000000000006,-2.75,0.0,29.200000000000003,-2.343,-23.35000000000001,0.0,-8.649999999999991,-0.02800000000000047,-0.8499999999999943,0.0,7.799999999999983,0.10800000000000054,12.5,0.0,-13.949999999999989,0.027999999999998693,197.45000000000002,0.0,106.64999999999998,0.13900000000000112,4.0,0.0,55.5,0.09299999999999997,43.89999999999998,0.18799999999999883,17.850000000000023,2.2600000000000016,-39.75,-13.240944444444446,-14.098714285714289,-13.419333333333332,454.10833333333335,3666.088,3882.74,4180.049,3874.6384,-179.39800000000014,3486.69
1.29,-11.837,-12.082,-11.582,-11.685,-11.685,-14.138,-14.138,-14.163,-14.163,-14.048,-14.048,-14.013,-14.013,-13.858,-13.858,-13.779,-13.578,-11.35,110.3,97.1,89.15,85.35,116.25,91.7,82.95,81.75,88.25,99.95,92.65,285.85,409.2,420.6,450.8,483.05,496.5,475.4,-14.288,-14.331,160.9,160.7,-0.245000000000001,-13.200000000000003,0.5,-7.949999999999989,-0.10299999999999976,-3.8000000000000114,0.0,30.900000000000006,-2.4529999999999994,-24.549999999999997,0.0,-8.75,-0.025000000000000355,-1.2000000000000028,0.0,6.5,0.11500000000000021,11.700000000000003,0.0,-7.299999999999997,0.03500000000000014,193.20000000000002,0.0,123.34999999999997,0.15499999999999936,11.400000000000034,0.0,30.19999999999999,0.07900000000000063,32.25,0.2010000000000005,13.449999999999989,2.2279999999999998,-21.100000000000023,-13.223222222222224,-14.10157142857143,-13.405999999999999,455.92499999999995,3486.69,3666.088,4191.985,3710.7205999999996,-114.29399999999987,3372.396
1.29,-11.824,-12.015,-11.532,-11.684,-11.684,-14.128,-14.128,-14.151,-14.151,-14.044,-14.044,-14.006,-14.006,-13.852,-13.852,-13.776,-13.59,-11.301,109.2,96.85,90.4,85.0,117.7,92.6,83.1,81.3,86.7,98.85,94.4,274.8,413.55,457.7,459.4500000000001,491.05,491.55,475.25,-14.279,-14.317,161.7,160.5,-0.19100000000000072,-12.350000000000009,0.48300000000000054,-6.449999999999989,-0.15199999999999925,-5.400000000000006,0.0,32.7,-2.444000000000001,-25.10000000000001,0.0,-9.5,-0.022999999999999687,-1.7999999999999972,0.0,5.400000000000006,0.10699999999999932,12.149999999999991,0.0,-4.449999999999989,0.038000000000000256,180.4,0.0,138.75,0.15399999999999991,44.14999999999998,0.0,1.7500000000001137,0.07600000000000051,31.59999999999991,0.18599999999999994,0.5,2.2889999999999997,-16.30000000000001,-13.209333333333333,-14.093142857142855,-13.396166666666668,464.7583333333334,3372.396,3486.69,4145.689,3530.0926,-129.8470000000002,3242.549
1.29,-11.706,-11.982,-11.52,-11.663,-11.663,-14.101,-14.101,-14.133,-14.133,-14.018,-14.018,-13.996,-13.996,-13.847,-13.847,-13.751,-13.591,-11.333,108.25,96.8,90.55,85.0,118.4,92.7,83.45,81.3,85.94999999999999,98.5,91.55,269.4,411.2,480.9,469.05,497.85,502.0,466.3,-14.271,-14.291,161.9,160.2,-0.2759999999999998,-11.450000000000003,0.46199999999999974,-6.25,-0.14300000000000068,-5.549999999999997,0.0,33.400000000000006,-2.4380000000000006,-25.700000000000003,0.0,-9.25,-0.03199999999999825,-2.1500000000000057,0.0,4.6499999999999915,0.11499999999999844,12.550000000000011,0.0,-6.950000000000003,0.02200000000000024,177.84999999999997,0.0,141.8,0.1490000000000009,69.69999999999999,0.0,-11.849999999999966,0.09600000000000009,28.80000000000001,0.16000000000000014,4.149999999999977,2.257999999999999,-35.69999999999999,-13.188833333333335,-14.071428571428571,-13.394166666666665,471.2166666666667,3242.549,3372.396,3882.74,3393.0122,-45.210999999999785,3197.338
1.29,-11.55,-11.896,-11.534,-11.659,-11.659,-14.1,-14.1,-14.119,-14.119,-14.012,-14.012,-13.979,-13.979,-13.826,-13.826,-13.737,-13.52,-11.364,107.2,96.85,90.25,85.44999999999999,117.55,91.55,83.75,81.3,85.65,102.55,89.44999999999999,270.15,409.9500000000001,485.85,482.9,504.3,508.8,464.85,-14.263,-14.27,162.1,159.7,-0.3460000000000001,-10.350000000000009,0.3620000000000001,-6.599999999999994,-0.125,-4.800000000000011,0.0,32.10000000000001,-2.440999999999999,-26.0,0.0,-7.799999999999997,-0.019000000000000128,-2.450000000000003,0.0,4.3500000000000085,0.10699999999999932,16.89999999999999,0.0,-13.100000000000009,0.03300000000000125,180.7,0.0,139.80000000000013,0.1529999999999987,75.89999999999992,0.0,-2.9500000000000455,0.08900000000000041,21.400000000000034,0.21700000000000053,4.5,2.155999999999999,-43.94999999999999,-13.166166666666664,-14.063,-13.375333333333336,476.10833333333335,3197.338,3242.549,3666.088,3303.7472000000002,22.424999999999727,3219.763
1.29,-11.6,-11.87,-11.546,-11.666,-11.666,-14.096,-14.096,-14.106,-14.106,-14.131,-14.131,-14.119,-14.119,-13.971,-13.971,-13.691,-13.512,-11.326,106.6,96.7,90.4,86.55,116.6,90.9,85.5,81.4,85.4,102.75,87.9,262.65,398.95,487.3,496.5,514.6,514.0,470.65,-14.258,-14.277,161.9,158.6,-0.2699999999999996,-9.899999999999991,0.32399999999999984,-6.299999999999997,-0.120000000000001,-3.8500000000000085,0.0,30.049999999999997,-2.4299999999999997,-25.69999999999999,0.0,-5.400000000000006,-0.009999999999999787,-4.099999999999994,0.0,4.0,-0.025000000000000355,17.349999999999994,0.0,-14.849999999999994,0.012000000000000455,174.74999999999997,0.0,136.3,0.1479999999999997,88.35000000000002,0.0,9.199999999999989,0.27999999999999936,18.100000000000023,0.17900000000000027,-0.6000000000000227,2.186,-43.35000000000002,-13.206833333333332,-14.112142857142857,-13.431666666666667,480.3333333333333,3219.763,3197.338,3486.69,3251.0852,3.617000000000189,3223.38
1.29,-11.503,-11.804,-11.559,-11.629,-11.629,-14.215,-14.215,-14.232,-14.232,-14.147,-14.147,-14.123,-14.123,-13.979,-13.979,-13.724,-13.499,-11.326,107.0,96.2,90.35,87.0,116.45,91.55,92.7,85.05,85.45,100.3,87.55,242.45,396.65,485.2,506.75,520.9000000000001,522.3499999999999,473.75,-14.435,-14.36,161.2,155.9,-0.30100000000000016,-10.799999999999997,0.245000000000001,-5.8500000000000085,-0.07000000000000028,-3.3499999999999943,0.0,29.450000000000003,-2.5860000000000003,-24.900000000000006,0.0,1.1500000000000057,-0.01699999999999946,-7.650000000000006,0.0,0.4000000000000057,0.08499999999999908,14.849999999999994,0.0,-12.75,0.02400000000000091,154.89999999999998,0.0,154.2,0.14400000000000013,88.55000000000001,0.0,21.55000000000001,0.254999999999999,14.150000000000091,0.22499999999999964,1.449999999999818,2.173,-48.59999999999991,-13.22583333333333,-14.187285714285716,-13.438333333333333,484.26666666666665,3223.38,3219.763,3372.396,3230.4687999999996,45.93399999999974,3269.314
1.29,-11.438,-11.814,-11.572,-11.635,-11.635,-14.204,-14.204,-14.227,-14.227,-14.146,-14.146,-14.115,-14.115,-13.965,-13.965,-13.71,-13.474,-11.311,107.45,95.4,90.5,86.75,116.7,91.9,92.9,94.75,85.25,97.05,88.2,207.35,399.05,479.3,513.7,523.65,517.05,476.3,-14.436,-14.368,159.6,152.9,-0.37599999999999945,-12.049999999999997,0.24200000000000088,-4.900000000000006,-0.06300000000000061,-3.75,0.0,29.950000000000003,-2.569000000000001,-24.799999999999997,0.0,1.0,-0.022999999999999687,1.8499999999999943,0.0,-9.5,0.08099999999999952,11.799999999999997,0.0,-8.849999999999994,0.031000000000000583,119.14999999999999,0.0,191.70000000000002,0.15000000000000036,80.25,0.0,34.400000000000034,0.254999999999999,9.949999999999932,0.23600000000000065,-6.600000000000023,2.1630000000000003,-40.74999999999994,-13.216833333333337,-14.181285714285716,-13.423333333333332,484.8416666666667,3269.314,3223.38,3242.549,3240.4516000000003,23.149000000000342,3292.463
1.29,-11.31,-11.712,-11.579,-11.628,-11.628,-14.193,-14.193,-14.211,-14.211,-14.152,-14.152,-14.152,-14.152,-13.773,-13.773,-13.736,-13.511,-11.343,107.2,94.65,90.6,86.75,117.2,92.9,90.4,95.1,84.8,94.7,89.45,182.65,390.75,478.2,516.8,526.9000000000001,518.85,479.1,-14.425,-14.357,157.6,148.2,-0.40199999999999925,-12.549999999999997,0.13299999999999912,-4.050000000000011,-0.04899999999999949,-3.8499999999999943,0.0,30.450000000000003,-2.5649999999999995,-24.299999999999997,0.0,-2.5,-0.018000000000000682,4.699999999999989,0.0,-10.299999999999997,0.05900000000000105,9.900000000000006,0.0,-5.25,0.0,93.2,0.0,208.1,0.37899999999999956,87.44999999999999,0.0,38.599999999999966,0.036999999999999034,10.100000000000136,0.22500000000000142,-8.050000000000068,2.1679999999999993,-39.75,-13.189388888888883,-14.180571428571428,-13.381333333333332,485.09999999999997,3292.463,3269.314,3197.338,3269.5314000000003,50.27399999999989,3342.737
1.29,-11.154,-11.641,-11.568,-11.619,-11.619,-14.191,-14.191,-14.218,-14.218,-14.04,-14.04,-14.064,-14.064,-13.866,-13.866,-13.683,-13.469,-11.352,106.05,94.45,90.25,86.85,118.05,93.3,88.4,91.85,84.65,93.65,92.15,167.6,349.35,479.85,515.65,530.25,525.05,474.95,-14.386,-14.07,155.7,145.9,-0.4870000000000001,-11.599999999999994,0.0730000000000004,-4.200000000000003,-0.051000000000000156,-3.4000000000000057,0.0,31.200000000000003,-2.572000000000001,-24.75,0.0,-4.8999999999999915,-0.026999999999999247,3.4499999999999886,0.0,-7.199999999999989,0.17800000000000082,9.0,0.0,-1.5,-0.02400000000000091,75.44999999999999,0.0,181.75000000000003,0.1980000000000004,130.5,0.0,35.799999999999955,0.18299999999999983,14.600000000000023,0.2140000000000004,-5.2000000000000455,2.116999999999999,-50.099999999999966,-13.159055555555554,-14.13742857142857,-13.383333333333333,479.1833333333332,3342.737,3292.463,3219.763,3300.7814,33.27599999999984,3376.013
1.29,-11.407,-11.727,-11.507,-11.548,-11.548,-14.025,-14.025,-14.041,-14.041,-14.129,-14.129,-14.111,-14.111,-13.92,-13.92,-13.63,-13.457,-11.314,105.0,94.55,89.94999999999999,87.0,119.15,93.1,86.85,89.35,84.3,92.8,108.45,160.05,310.25,470.25,510.65,525.3499999999999,520.35,477.2000000000001,-14.282,-14.411,153.2,146.2,-0.3200000000000003,-10.450000000000003,0.22000000000000064,-4.6000000000000085,-0.04100000000000037,-2.9499999999999886,0.0,32.150000000000006,-2.4770000000000003,-26.05000000000001,0.0,-6.25,-0.016000000000000014,2.5,0.0,-5.049999999999997,-0.08799999999999919,8.5,0.0,15.650000000000006,0.017999999999998906,51.60000000000001,0.0,150.2,0.19100000000000072,160.0,0.0,40.39999999999998,0.28999999999999915,14.699999999999932,0.17300000000000004,-4.999999999999886,2.1430000000000007,-43.14999999999992,-13.143888888888887,-14.071571428571431,-13.392000000000001,469.0083333333334,3376.013,3342.737,3223.38,3339.8437999999996,42.67900000000009,3418.692
1.29,-11.677,-11.847,-11.466,-11.519,-11.519,-14.2,-14.2,-14.219,-14.219,-14.153,-14.153,-14.137,-14.137,-13.94,-13.94,-13.608,-13.355,-11.27,104.0,94.65,89.45,87.05000000000001,120.7,93.2,86.0,87.5,84.0,92.05,115.3,177.6,281.45000000000005,443.2,495.85,512.3,502.65,480.6,-14.336,-14.414,151.8,149.3,-0.16999999999999993,-9.349999999999994,0.3810000000000002,-5.200000000000003,-0.053000000000000824,-2.3999999999999915,0.0,33.64999999999999,-2.680999999999999,-27.5,0.0,-7.200000000000003,-0.019000000000000128,1.5,0.0,-3.5,0.06599999999999895,8.049999999999997,0.0,23.25,0.016000000000000014,62.3,0.0,103.85000000000005,0.19700000000000095,161.74999999999994,0.0,52.650000000000034,0.33199999999999896,16.449999999999932,0.2530000000000001,-9.649999999999977,2.085000000000001,-22.049999999999955,-13.19772222222222,-14.183000000000002,-13.375,452.67499999999995,3418.692,3376.013,3269.314,3361.1836000000003,-42.67900000000009,3376.013
1.29,-11.87,-12.027,-11.472,-11.552,-11.552,-14.225,-14.225,-14.237,-14.237,-14.204,-14.204,-14.177,-14.177,-14.04,-14.04,-13.608,-13.385,-11.194,104.3,94.55,89.2,86.85,118.6,93.15,85.80000000000001,86.05,83.6,90.65,131.6,225.35,264.65,411.7000000000001,486.05,508.4,497.8,476.65,-14.359,-14.435,150.9,152.8,-0.15700000000000003,-9.75,0.5549999999999997,-5.349999999999994,-0.08000000000000007,-2.3500000000000085,0.0,31.75,-2.673,-25.44999999999999,0.0,-7.349999999999994,-0.012000000000000455,0.2499999999999858,0.0,-2.450000000000003,0.032999999999999474,7.050000000000011,0.0,40.94999999999999,0.027000000000001023,93.75,0.0,39.29999999999998,0.13700000000000045,147.05000000000013,0.0,74.34999999999991,0.4319999999999986,22.349999999999966,0.22300000000000075,-10.599999999999966,2.190999999999999,-21.150000000000034,-13.245888888888885,-14.215571428571426,-13.407333333333334,440.87500000000006,3376.013,3418.692,3292.463,3395.6888,88.97600000000011,3464.989
1.29,-10.76,-11.237,-11.462,-11.554,-11.554,-14.267,-14.267,-14.289,-14.289,-12.538,-12.538,-12.497,-12.497,-12.39,-12.39,-13.638,-13.443,-11.191,106.0,93.9,89.25,86.55,118.05,93.0,86.05,84.94999999999999,83.4,89.45,134.85000000000002,252.4,282.35,399.95,479.7,507.0,498.8,469.65,-14.388,-14.468,151.6,153.1,-0.4770000000000003,-12.099999999999994,-0.22499999999999964,-4.650000000000006,-0.09200000000000053,-2.700000000000003,0.0,31.5,-2.712999999999999,-25.049999999999997,0.0,-6.950000000000003,-0.02200000000000024,-1.1000000000000085,0.0,-1.549999999999983,1.7509999999999994,6.049999999999997,0.0,45.40000000000002,0.04100000000000037,117.54999999999998,0.0,29.950000000000017,0.10699999999999932,117.59999999999997,0.0,79.75,-1.2479999999999993,27.30000000000001,0.19500000000000028,-8.199999999999989,2.251999999999999,-29.150000000000034,-12.600055555555556,-13.526428571428571,-12.591500000000002,439.57500000000005,3464.989,3376.013,3342.737,3425.2752,25.679999999999836,3490.669
1.29,-10.323,-10.852,-11.482,-11.607,-11.607,-12.655,-12.655,-12.68,-12.68,-13.893,-13.893,-13.83,-13.83,-13.705,-13.705,-13.636,-13.388,-11.243,107.3,93.45,89.35,86.05,116.95,92.65,86.4,84.4,83.25,88.7,120.85,285.04999999999995,312.95000000000005,383.4,476.2000000000001,517.65,515.05,469.8,-12.425,-13.417,153.7,153.6,-0.5289999999999999,-13.849999999999994,-0.629999999999999,-4.1000000000000085,-0.125,-3.299999999999997,0.0,30.900000000000006,-1.048,-24.299999999999997,0.0,-6.25,-0.025000000000000355,-2.0,0.0,-1.1500000000000057,-1.213000000000001,5.450000000000003,0.0,32.14999999999999,0.06300000000000061,164.19999999999996,0.0,27.90000000000009,0.125,70.44999999999993,0.0,92.80000000000013,0.06900000000000084,41.449999999999875,0.24799999999999933,-2.6000000000000227,2.1449999999999996,-45.24999999999994,-12.648000000000003,-13.183714285714284,-13.251166666666668,445.8416666666667,3490.669,3464.989,3376.013,3439.8874000000005,-41.5949999999998,3449.074
1.29,-11.286,-11.576,-11.485,-11.601,-11.601,-12.848,-12.848,-13.887,-13.887,-14.015,-14.015,-13.977,-13.977,-13.837,-13.837,-13.605,-11.547,-10.985,107.45,93.55,89.19999999999999,85.69999999999999,116.8,92.55,86.30000000000001,84.0,82.85,88.1,108.3,286.9,354.0,386.0,472.85,514.3499999999999,518.95,479.15,-13.978,-14.251,153.9,153.7,-0.2900000000000009,-13.900000000000006,0.09100000000000108,-4.3500000000000085,-0.11600000000000144,-3.5,0.0,31.10000000000001,-1.2469999999999999,-24.25,0.0,-6.249999999999986,-1.0389999999999997,-2.3000000000000114,0.0,-1.1500000000000057,-0.1280000000000001,5.25,0.0,20.200000000000003,0.038000000000000256,178.59999999999997,0.0,67.10000000000002,0.14000000000000057,32.0,0.0,86.85000000000002,0.23199999999999932,41.499999999999886,2.058,4.600000000000136,0.5620000000000012,-39.80000000000007,-12.822999999999999,-13.63957142857143,-12.964666666666666,454.21666666666664,3449.074,3490.669,3418.692,3395.6166,-251.73599999999988,3197.338
1.29,-11.277,-11.528,-11.527,-11.635,-11.635,-14.089,-14.089,-14.102,-14.102,-13.968,-13.968,-13.943,-13.943,-13.807,-13.807,-13.386,-11.54,-11.024,106.35,94.4,88.65,85.80000000000001,116.55,92.05,86.15,84.2,82.6,87.5,102.1,237.55,388.9,411.45,465.8,509.55,509.8,488.4,-14.172,-14.324,157.5,153.6,-0.2510000000000012,-11.949999999999989,0.0010000000000012221,-5.75,-0.10800000000000054,-2.8499999999999943,0.0,30.749999999999986,-2.4540000000000006,-24.5,0.0,-5.8999999999999915,-0.0129999999999999,-1.9500000000000028,0.0,-1.6000000000000085,0.13400000000000034,4.900000000000006,0.0,14.599999999999994,0.025000000000000355,135.45000000000002,0.0,151.34999999999997,0.13599999999999923,22.55000000000001,0.0,54.35000000000002,0.42100000000000115,43.75,1.846,0.25,0.516,-21.400000000000034,-12.965,-14.037285714285716,-12.917833333333334,462.31666666666666,3197.338,3449.074,3376.013,3329.3550000000005,-152.63300000000027,3044.705
1.29,-11.25,-11.518,-11.518,-11.625,-11.625,-14.041,-14.041,-14.063,-14.063,-13.937,-13.937,-13.898,-13.898,-13.746,-13.746,-11.988,-10.946,-10.835,105.65,95.2,88.05,85.95,117.25,91.8,86.1,84.45,82.44999999999999,87.15,102.4,228.2,421.5,444.7000000000001,460.1,499.7000000000001,509.0,477.15,-14.145,-14.284,161.5,153.7,-0.2680000000000007,-10.450000000000003,0.0,-7.150000000000006,-0.10699999999999932,-2.0999999999999943,0.0,31.299999999999997,-2.4160000000000004,-25.450000000000003,0.0,-5.700000000000003,-0.02200000000000024,-1.6499999999999915,0.0,-2.000000000000014,0.12600000000000122,4.700000000000017,0.0,15.25,0.0389999999999997,125.79999999999998,0.0,193.3,0.15199999999999925,23.200000000000102,0.0,15.39999999999992,1.758000000000001,39.60000000000008,1.0419999999999998,9.299999999999898,0.11099999999999888,-31.850000000000023,-12.815277777777778,-13.997142857142858,-12.526499999999999,468.69166666666666,3044.705,3197.338,3464.989,3312.3556,335.28700000000026,3379.992
1.29,-11.22,-11.524,-11.175,-11.277,-11.277,-14.002,-14.002,-14.025,-14.025,-13.916,-13.916,-13.872,-13.872,-13.709,-13.709,-11.982,-10.953,-10.777,106.2,95.35,87.65,85.85,115.9,91.9,85.9,84.1,82.4,87.05,100.55,216.2,375.1,467.25,463.9500000000001,495.35,503.15,476.1,-14.112,-14.255,164.5,154.7,-0.3039999999999985,-10.850000000000009,0.3489999999999984,-7.699999999999989,-0.10199999999999854,-1.8000000000000114,0.0,30.05000000000001,-2.7250000000000014,-24.0,0.0,-6.0,-0.022999999999999687,-1.8000000000000114,0.0,-1.6999999999999886,0.10899999999999999,4.6499999999999915,0.0,13.5,0.04400000000000048,115.64999999999999,0.0,158.90000000000003,0.16300000000000026,92.14999999999998,0.0,-3.2999999999998977,1.7270000000000003,31.39999999999992,1.029,7.7999999999999545,0.17600000000000016,-27.049999999999955,-12.735166666666666,-13.965428571428571,-12.500333333333332,463.48333333333335,3379.992,3044.705,3490.669,3316.1894,129.846,3509.838
1.29,-11.198,-11.52,-9.396,-8.886,-8.886,-13.978,-13.978,-14.011,-14.011,-13.894,-13.894,-13.858,-13.858,-13.703,-13.703,-11.831,-10.928,-10.76,107.8,94.95,87.85,85.3,116.95,92.25,85.9,84.05,82.25,86.6,100.2,207.3,328.2,488.0,476.55,501.2000000000001,500.5,475.4500000000001,-14.089,-14.249,166.5,155.6,-0.3219999999999992,-12.849999999999994,2.1239999999999988,-7.1000000000000085,0.5100000000000016,-2.549999999999997,0.0,31.650000000000006,-5.0920000000000005,-24.700000000000003,0.0,-6.349999999999994,-0.032999999999999474,-1.8500000000000085,0.0,-1.7999999999999972,0.1169999999999991,4.349999999999994,0.0,13.600000000000009,0.03599999999999959,107.10000000000001,0.0,120.89999999999998,0.15500000000000114,159.8,0.0,-11.449999999999989,1.8719999999999999,24.65000000000009,0.9029999999999987,-0.7000000000001023,0.16800000000000104,-25.049999999999898,-12.349611111111109,-13.946285714285716,-12.463833333333334,461.65000000000003,3509.838,3379.992,3449.074,3310.113,-91.14600000000019,3418.692
1.29,-11.174,-11.46,-11.254,-11.392,-11.392,-13.953,-13.953,-13.996,-13.996,-13.876,-13.876,-13.841,-13.841,-13.694,-13.694,-11.901,-10.802,-10.701,109.65,94.4,88.45,84.75,118.4,92.4,85.6,84.0,81.85,85.8,98.2,209.45,320.1,497.3,491.0,508.4500000000001,509.85,471.3,-14.073,-14.211,167.7,155.5,-0.28600000000000136,-15.25,0.2060000000000013,-5.950000000000003,-0.1379999999999999,-3.700000000000003,0.0,33.650000000000006,-2.561,-26.0,0.0,-6.800000000000011,-0.04300000000000104,-1.5999999999999943,0.0,-2.1500000000000057,0.120000000000001,3.950000000000003,0.0,12.400000000000006,0.03500000000000014,111.24999999999999,0.0,110.65000000000003,0.14699999999999847,177.2,0.0,-6.300000000000011,1.793000000000001,17.450000000000102,1.0990000000000002,1.3999999999999204,0.10099999999999909,-38.55000000000001,-12.710888888888888,-13.927285714285714,-12.438833333333333,466.3333333333334,3418.692,3509.838,3197.338,3354.3838000000005,0.0,3418.692
1.29,-11.098,-11.402,-11.224,-11.333,-11.333,-13.953,-13.953,-13.949,-13.949,-13.89,-13.89,-13.821,-13.821,-13.675,-13.675,-11.852,-10.806,-10.645,110.85,94.55,88.8,84.4,118.65,92.1,85.25,83.80000000000001,81.80000000000001,84.9,96.2,218.45,304.4,458.8,503.5,516.95,517.9000000000001,470.25,-14.052,-14.214,168.7,154.7,-0.3039999999999985,-16.299999999999997,0.17799999999999905,-5.75,-0.10899999999999999,-4.3999999999999915,0.0,34.25,-2.619999999999999,-26.55000000000001,0.0,-6.849999999999994,0.0039999999999995595,-1.4499999999999886,0.0,-2.0,0.058999999999999275,3.0999999999999943,0.0,11.299999999999997,0.06900000000000084,122.24999999999999,0.0,85.94999999999999,0.14599999999999902,154.40000000000003,0.0,44.69999999999999,1.8230000000000004,13.450000000000045,1.0460000000000012,0.9500000000000455,0.1609999999999996,-47.65000000000009,-12.681611111111113,-13.914999999999997,-12.412333333333335,461.9666666666667,3418.692,3418.692,3044.705,3445.0232000000005,79.21000000000004,3497.902
1.29,-11.07,-11.434,-11.206,-11.345,-11.345,-13.902,-13.902,-13.976,-13.976,-13.926,-13.926,-13.911,-13.911,-13.718,-13.718,-13.933,-13.786,-11.101,110.65,95.5,88.8,84.35,120.1,91.8,84.95,83.55,82.05000000000001,84.85,95.1,216.4,307.85,447.25,516.15,526.85,520.95,475.25,-14.051,-14.216,169.2,155.7,-0.363999999999999,-15.150000000000006,0.22799999999999976,-6.700000000000003,-0.13900000000000112,-4.450000000000003,0.0,35.75,-2.5569999999999986,-28.299999999999997,0.0,-6.849999999999994,-0.07400000000000162,-1.4000000000000057,0.0,-1.4999999999999858,0.05000000000000071,2.799999999999983,0.0,10.25,0.015000000000000568,121.30000000000001,0.0,91.45000000000002,0.19299999999999962,139.39999999999998,0.0,68.89999999999998,-0.21499999999999986,10.700000000000045,0.14700000000000024,-5.899999999999977,2.6849999999999987,-45.700000000000045,-13.004777777777775,-13.931285714285716,-13.361166666666664,465.7166666666667,3497.902,3418.692,3379.992,3481.7708,65.82799999999997,3563.73
1.29,-11.16,-11.498,-11.203,-11.319,-11.319,-14.014,-14.014,-14.044,-14.044,-13.958,-13.958,-13.926,-13.926,-13.71,-13.71,-13.939,-13.79,-11.221,110.0,96.95,88.35,85.0,121.4,92.15,84.55,83.30000000000001,82.35,84.75,96.05,218.7,329.25,427.1,518.3,532.0,526.6,477.65,-14.091,-14.239,169.3,159.5,-0.3379999999999992,-13.049999999999997,0.29499999999999993,-8.600000000000009,-0.11600000000000144,-3.3499999999999943,0.0,36.400000000000006,-2.6949999999999985,-29.25,0.0,-7.6000000000000085,-0.030000000000001137,-1.2499999999999858,0.0,-0.950000000000017,0.0860000000000003,2.4000000000000057,0.0,11.299999999999997,0.03200000000000003,122.64999999999999,0.0,110.55000000000001,0.2159999999999993,97.85000000000002,0.0,91.19999999999993,-0.2289999999999992,13.700000000000045,0.1490000000000009,-5.399999999999977,2.568999999999999,-48.950000000000045,-13.041833333333333,-13.994,-13.382666666666667,468.48333333333335,3563.73,3497.902,3509.838,3499.9276,36.891999999999825,3600.622
1.29,-11.263,-11.509,-11.183,-11.302,-11.302,-14.005,-14.005,-14.051,-14.051,-13.867,-13.867,-13.849,-13.849,-13.708,-13.708,-13.911,-13.7,-11.269,109.95,97.7,88.05,85.4,120.35,93.35,84.35,83.05,82.4,84.4,98.6,261.55,345.25,420.8,500.95,522.0,516.95,481.85,-14.098,-14.275,168.9,163.1,-0.24600000000000044,-12.25,0.3260000000000005,-9.650000000000006,-0.11899999999999977,-2.6499999999999915,0.0,34.94999999999999,-2.703000000000001,-27.0,0.0,-9.0,-0.045999999999999375,-1.2999999999999972,0.0,-0.6499999999999915,0.18399999999999928,2.0,0.0,14.199999999999989,0.018000000000000682,162.95000000000002,0.0,83.69999999999999,0.14100000000000001,75.55000000000001,0.0,80.14999999999998,-0.2029999999999994,21.05000000000001,0.2110000000000003,-5.0499999999999545,2.430999999999999,-35.10000000000002,-13.022166666666665,-13.956428571428573,-13.357500000000002,464.63333333333327,3600.622,3563.73,3418.692,3537.9774000000007,8.31899999999996,3608.941
1.29,-11.38,-11.604,-11.17,-11.299,-11.299,-13.98,-13.98,-13.962,-13.962,-13.853,-13.853,-13.856,-13.856,-13.712,-13.712,-13.863,-13.658,-11.273,109.15,97.55,88.4,85.35,118.4,93.45,84.55,82.65,82.30000000000001,84.1,101.4,294.4,342.05,428.35,482.9,500.45,501.25,482.0,-14.045,-14.191,168.9,165.1,-0.22399999999999842,-11.600000000000009,0.4339999999999993,-9.149999999999991,-0.12899999999999956,-3.0500000000000114,0.0,33.05000000000001,-2.681000000000001,-24.950000000000003,0.0,-8.900000000000006,0.018000000000000682,-1.8999999999999915,0.0,-0.3499999999999943,0.10899999999999999,1.799999999999983,0.0,17.30000000000001,-0.0030000000000001137,192.99999999999997,0.0,47.650000000000034,0.14400000000000013,86.30000000000001,0.0,54.549999999999955,-0.1509999999999998,17.55000000000001,0.20500000000000007,0.8000000000000114,2.385,-19.25,-13.015111111111109,-13.920857142857141,-13.345666666666666,456.1666666666667,3608.941,3600.622,3418.692,3563.8743999999997,-60.76399999999967,3548.177
1.29,-11.488,-11.696,-11.151,-11.271,-11.271,-13.977,-13.977,-13.97,-13.97,-13.888,-13.888,-13.829,-13.829,-13.675,-13.675,-13.978,-13.661,-10.992,108.85,97.0,89.45,85.1,117.2,93.35,84.4,82.4,82.1,83.8,100.75,329.9,371.45,442.15,474.0,502.2,502.05,476.05,-14.075,-14.2,168.9,165.3,-0.20800000000000018,-11.849999999999994,0.5449999999999999,-7.549999999999997,-0.120000000000001,-4.3500000000000085,0.0,32.10000000000001,-2.7059999999999995,-23.85000000000001,0.0,-8.949999999999989,0.006999999999999673,-2.0,0.0,-0.30000000000001137,0.08200000000000074,1.7000000000000028,0.0,16.950000000000003,0.058999999999999275,229.14999999999998,0.0,41.55000000000001,0.15399999999999991,70.69999999999999,0.0,31.850000000000023,-0.30299999999999905,28.19999999999999,0.31700000000000017,-0.14999999999997726,2.6689999999999987,-26.0,-13.010333333333335,-13.92842857142857,-13.301666666666668,461.31666666666666,3548.177,3608.941,3497.902,3570.7466,-15.914000000000215,3532.263
1.29,-11.53,-11.722,-11.119,-11.336,-11.336,-13.946,-13.946,-13.985,-13.985,-13.868,-13.868,-13.811,-13.811,-13.649,-13.649,-14.044,-13.815,-10.852,109.7,96.9,90.3,84.85,115.9,93.3,84.2,82.45,81.9,83.3,97.9,324.4,411.95,452.3,477.4,504.3,508.0,473.2,-14.074,-14.2,169.1,163.5,-0.19200000000000017,-12.799999999999997,0.6029999999999998,-6.6000000000000085,-0.21700000000000053,-5.450000000000003,0.0,31.05000000000001,-2.6099999999999994,-22.60000000000001,0.0,-9.099999999999994,-0.0389999999999997,-1.75,0.0,-0.5499999999999972,0.1169999999999991,1.3999999999999915,0.0,14.600000000000009,0.057000000000000384,226.49999999999997,0.0,87.55000000000001,0.1620000000000008,40.35000000000002,0.0,25.099999999999966,-0.39500000000000135,26.900000000000034,0.22900000000000098,3.6999999999999886,2.962999999999999,-34.80000000000001,-13.015111111111112,-13.915571428571427,-13.303333333333335,471.1916666666666,3532.263,3548.177,3563.73,3559.8235999999997,-23.14800000000014,3509.115
1.29,-11.551,-11.733,-11.221,-11.345,-11.345,-13.95,-13.95,-13.96,-13.96,-13.847,-13.847,-13.8,-13.8,-13.633,-13.633,-14.05,-13.84,-10.979,110.0,96.85,90.6,85.05,114.25,92.65,83.75,82.6,81.7,82.85,94.55,267.75,441.8,457.5,484.0,509.5,510.65,475.8,-14.052,-14.184,169.6,160.9,-0.18200000000000038,-13.150000000000006,0.5120000000000005,-6.25,-0.12400000000000055,-5.549999999999997,0.0,29.200000000000003,-2.6049999999999986,-21.599999999999994,0.0,-8.900000000000006,-0.010000000000001563,-1.1500000000000057,0.0,-0.8999999999999915,0.11300000000000132,1.1499999999999915,0.0,11.700000000000003,0.04699999999999882,173.2,0.0,174.05,0.1670000000000016,15.699999999999989,0.0,26.5,-0.4170000000000016,25.5,0.21000000000000085,1.1499999999999773,2.8610000000000007,-34.849999999999966,-13.02466666666667,-13.902,-13.3225,479.875,3509.115,3532.263,3600.622,3520.2548,-106.33699999999999,3402.778
1.29,-11.627,-11.792,-11.221,-11.293,-11.293,-13.921,-13.921,-13.947,-13.947,-13.838,-13.838,-13.796,-13.796,-13.619,-13.619,-14.031,-13.82,-10.944,110.5,96.8,90.35,85.65,114.25,91.95,83.65,82.44999999999999,81.8,82.75,91.9,223.8,456.15,482.55,493.5,511.35,513.45,476.35,-14.044,-14.165,169.9,159.0,-0.16499999999999915,-13.700000000000003,0.5709999999999997,-6.450000000000003,-0.07199999999999918,-4.699999999999989,0.0,28.599999999999994,-2.628,-22.299999999999997,0.0,-8.299999999999997,-0.0259999999999998,-1.200000000000017,0.0,-0.6499999999999915,0.10899999999999999,0.9500000000000028,0.0,9.150000000000006,0.041999999999999815,131.9,0.0,232.34999999999997,0.1769999999999996,26.400000000000034,0.0,10.949999999999989,-0.4120000000000008,17.850000000000023,0.2110000000000003,2.1000000000000227,2.8759999999999994,-37.10000000000002,-13.014611111111108,-13.886857142857142,-13.304833333333333,488.89166666666665,3402.778,3509.115,3608.941,3466.2184,-64.01899999999978,3338.759
1.29,-11.607,-11.805,-11.214,-11.294,-11.294,-13.897,-13.897,-13.931,-13.931,-13.828,-13.828,-13.779,-13.779,-13.613,-13.613,-14.051,-13.808,-10.903,111.6,97.2,90.25,86.65,113.7,92.0,83.75,82.15,82.25,82.9,92.5,225.55,407.8,508.05,499.1,515.9000000000001,514.45,476.15,-14.036,-14.16,169.5,159.0,-0.1980000000000004,-14.399999999999991,0.5909999999999993,-6.950000000000003,-0.08000000000000007,-3.5999999999999943,0.0,27.049999999999997,-2.6029999999999998,-21.700000000000003,0.0,-8.25,-0.03399999999999892,-1.5999999999999943,0.0,0.09999999999999432,0.10299999999999976,0.6500000000000057,0.0,9.599999999999994,0.04899999999999949,133.05,0.0,182.25,0.16600000000000037,100.25,0.0,-8.949999999999989,-0.4380000000000006,16.800000000000068,0.24300000000000033,-1.4500000000000455,2.9049999999999994,-38.30000000000007,-13.003999999999998,-13.870142857142856,-13.294500000000001,486.90833333333336,3338.759,3402.778,3548.177,3426.5771999999997,11.211999999999989,3349.971
1.29,-11.547,-11.8,-11.244,-11.342,-11.342,-13.895,-13.895,-13.931,-13.931,-13.818,-13.818,-13.784,-13.784,-13.627,-13.627,-13.474,-13.704,-10.84,112.5,97.1,90.35,87.2,114.45,92.45,84.05000000000001,81.6,82.9,83.3,105.1,248.05,331.0,518.5,506.85,519.35,517.9,478.0,-14.025,-14.165,168.8,159.8,-0.2530000000000001,-15.400000000000006,0.5560000000000009,-6.75,-0.09800000000000075,-3.1499999999999915,0.0,27.25,-2.552999999999999,-22.0,0.0,-8.399999999999991,-0.03599999999999959,-2.450000000000017,0.0,1.3000000000000114,0.11299999999999955,0.3999999999999915,0.0,21.799999999999997,0.03399999999999892,142.95000000000002,0.0,82.94999999999999,0.15700000000000003,187.5,0.0,-11.649999999999977,0.15300000000000047,12.5,-0.23000000000000043,-1.4500000000000455,2.8640000000000008,-39.89999999999998,-12.966833333333334,-13.867428571428572,-13.176000000000002,478.59999999999997,3349.971,3338.759,3532.263,3406.1056,79.9340000000002,3429.905
1.29,-11.551,-11.758,-11.209,-11.294,-11.294,-13.895,-13.895,-13.927,-13.927,-13.815,-13.815,-13.791,-13.791,-13.641,-13.641,-14.02,-11.563,-10.625,113.85,97.0,90.1,87.0,118.05,93.35,84.25,81.8,83.2,83.75,120.5,264.45,313.2,517.05,519.8,527.8,519.25,477.55,-14.023,-14.141,167.8,159.7,-0.20699999999999896,-16.849999999999994,0.5489999999999995,-6.900000000000006,-0.08500000000000085,-3.0999999999999943,0.0,31.049999999999997,-2.600999999999999,-24.700000000000003,0.0,-9.099999999999994,-0.03200000000000003,-2.450000000000003,0.0,1.4000000000000057,0.1120000000000001,0.5499999999999972,0.0,36.75,0.023999999999999133,143.95,0.0,48.75,0.15000000000000036,203.84999999999997,0.0,2.75,-0.37899999999999956,8.0,2.456999999999999,-8.549999999999955,0.9380000000000006,-41.69999999999999,-12.85844444444444,-13.866428571428571,-12.880166666666668,479.10833333333335,3429.905,3349.971,3509.115,3409.2884,95.1239999999998,3525.029
1.29,-11.54,-11.707,-11.199,-11.283,-11.283,-13.902,-13.902,-13.931,-13.931,-13.834,-13.834,-13.797,-13.797,-13.653,-13.653,-14.045,-11.855,-10.652,114.65,97.55,90.15,86.85,120.1,94.05,84.2,82.1,83.05,83.8,123.4,266.45000000000005,350.75,456.15,529.5,541.0,530.75,480.55,-14.023,-14.146,167.1,158.7,-0.1670000000000016,-17.10000000000001,0.5080000000000009,-7.3999999999999915,-0.08399999999999963,-3.3000000000000114,0.0,33.25,-2.6189999999999998,-26.049999999999997,0.0,-9.849999999999994,-0.028999999999999915,-2.1000000000000085,0.0,0.9500000000000028,0.09699999999999953,0.75,0.0,39.60000000000001,0.036999999999999034,143.05000000000004,0.0,84.29999999999995,0.14400000000000013,105.39999999999998,0.0,73.35000000000002,-0.39199999999999946,11.5,2.1899999999999995,-10.25,1.2030000000000012,-50.19999999999999,-12.877666666666663,-13.875857142857143,-12.9425,481.45000000000005,3525.029,3429.905,3402.778,3447.5552000000002,69.08300000000008,3594.112
1.29,-11.554,-11.748,-11.211,-11.316,-11.316,-13.921,-13.921,-13.932,-13.932,-13.871,-13.871,-13.839,-13.839,-13.672,-13.672,-14.129,-13.916,-11.09,115.05,98.55,90.55,86.8,119.25,94.1,84.0,82.3,82.9,83.7,113.6,253.65,377.25,397.7000000000001,533.5,540.45,538.25,483.9500000000001,-14.034,-14.169,166.6,157.8,-0.19399999999999906,-16.5,0.536999999999999,-8.0,-0.10500000000000043,-3.75,0.0,32.45,-2.6049999999999986,-25.150000000000006,0.0,-10.099999999999994,-0.011000000000001009,-1.7000000000000028,0.0,0.6000000000000085,0.06099999999999994,0.7999999999999972,0.0,29.89999999999999,0.03200000000000003,140.05,0.0,123.6,0.16699999999999982,20.450000000000102,0.0,135.7999999999999,-0.45699999999999896,6.9500000000000455,0.2129999999999992,-2.2000000000000455,2.8260000000000005,-54.2999999999999,-13.041666666666664,-13.898142857142856,-13.386333333333335,478.5166666666667,3594.112,3525.029,3338.759,3493.2728,-26.764999999999873,3567.347
1.29,-11.565,-11.741,-11.199,-11.303,-11.303,-13.934,-13.934,-13.965,-13.965,-13.879,-13.879,-13.849,-13.849,-13.688,-13.688,-14.064,-13.893,-11.138,115.5,99.5,90.35,86.6,117.95,93.85,83.9,82.6,83.0,83.7,108.45,248.85,404.2000000000001,419.15,526.75,537.95,528.4,490.05,-14.047,-14.214,165.8,158.4,-0.17600000000000016,-16.0,0.5419999999999998,-9.150000000000006,-0.10400000000000098,-3.75,0.0,31.35000000000001,-2.6309999999999985,-24.10000000000001,0.0,-9.949999999999989,-0.031000000000000583,-1.3000000000000114,0.0,0.4000000000000057,0.0860000000000003,0.7000000000000028,0.0,24.75,0.02999999999999936,140.39999999999998,0.0,155.3500000000001,0.1609999999999996,14.949999999999875,0.0,107.60000000000002,-0.37599999999999945,11.200000000000045,0.17099999999999937,-9.550000000000068,2.755000000000001,-38.349999999999966,-13.046444444444441,-13.915000000000003,-13.386666666666668,484.41666666666674,3567.347,3594.112,3349.971,3533.6373999999996,-15.553000000000338,3551.794
1.29,-11.663,-11.829,-11.268,-11.333,-11.333,-13.954,-13.954,-13.972,-13.972,-13.879,-13.879,-13.839,-13.839,-13.668,-13.668,-14.075,-13.885,-11.11,115.5,100.3,90.55,86.80000000000001,118.15,93.45,84.0,82.35,83.1,83.9,104.2,261.5,400.45,456.65,490.45,532.85,525.95,491.4,-14.057,-14.203,165.3,159.0,-0.16600000000000037,-15.200000000000003,0.5609999999999999,-9.75,-0.0649999999999995,-3.749999999999986,0.0,31.349999999999994,-2.6210000000000004,-24.700000000000003,0.0,-9.450000000000003,-0.017999999999998906,-1.6500000000000057,0.0,0.75,0.09299999999999997,0.8000000000000114,0.0,20.299999999999997,0.03999999999999915,157.3,0.0,138.95,0.17100000000000115,56.19999999999999,0.0,33.80000000000001,-0.40700000000000003,42.400000000000034,0.1899999999999995,-6.899999999999977,2.7750000000000004,-34.55000000000007,-13.062222222222223,-13.921285714285716,-13.374166666666667,482.9583333333334,3551.794,3567.347,3429.905,3548.8282,-45.934999999999945,3505.859
1.29,-11.674,-11.834,-11.23,-11.28,-11.28,-13.946,-13.946,-13.967,-13.967,-13.894,-13.894,-13.844,-13.844,-13.68,-13.68,-14.069,-13.876,-11.116,115.6,100.75,91.05,87.15,116.7,93.1,84.5,82.1,83.15,83.7,101.3,261.54999999999995,394.8,485.5,474.2000000000001,508.65,514.85,485.5,-14.059,-14.217,165.1,158.9,-0.16000000000000014,-14.849999999999994,0.6039999999999992,-9.700000000000003,-0.049999999999998934,-3.8999999999999915,0.0,29.549999999999997,-2.6660000000000004,-23.60000000000001,0.0,-8.599999999999994,-0.021000000000000796,-2.4000000000000057,0.0,1.0500000000000114,0.0730000000000004,0.5499999999999972,0.0,17.599999999999994,0.05000000000000071,160.24999999999994,0.0,133.25000000000006,0.1639999999999997,90.69999999999999,0.0,-11.299999999999898,-0.3890000000000011,34.449999999999875,0.1930000000000014,6.2000000000000455,2.76,-29.350000000000023,-13.056722222222223,-13.922571428571429,-13.3775,477.25,3505.859,3551.794,3525.029,3532.0458,-64.74199999999973,3441.117
1.29,-11.621,-11.844,-11.185,-11.211,-11.211,-13.958,-13.958,-13.981,-13.981,-13.887,-13.887,-13.833,-13.833,-13.69,-13.69,-14.08,-13.822,-11.165,115.8,101.35,91.7,87.1,114.55,93.0,85.3,81.75,83.55,84.15,98.0,262.2,404.9,500.75,492.15,503.25,492.3,485.15,-14.064,-14.19,165.3,157.3,-0.22299999999999898,-14.450000000000003,0.6589999999999989,-9.649999999999991,-0.0259999999999998,-4.6000000000000085,0.0,27.450000000000003,-2.747,-21.549999999999997,0.0,-7.700000000000003,-0.022999999999999687,-3.549999999999997,0.0,1.7999999999999972,0.09399999999999942,0.6000000000000085,0.0,13.849999999999994,0.05400000000000027,164.2,0.0,142.7,0.14300000000000068,95.85000000000002,0.0,-8.600000000000023,-0.39000000000000057,11.100000000000023,0.2580000000000009,-10.949999999999989,2.657,-7.150000000000034,-13.0465,-13.926428571428572,-13.38,479.75,3441.117,3505.859,3594.112,3492.3322,-45.57300000000032,3395.544
1.29,-11.485,-11.736,-11.098,-11.178,-11.178,-13.942,-13.942,-13.98,-13.98,-13.917,-13.917,-13.867,-13.867,-13.729,-13.729,-13.823,-13.567,-11.026,115.35,101.45,92.4,87.19999999999999,113.1,93.1,85.9,81.9,84.0,90.35,98.9,268.85,410.1,495.9,514.0,503.85,513.3,480.5,-14.055,-14.195,165.7,155.8,-0.2510000000000012,-13.899999999999991,0.6379999999999999,-9.049999999999997,-0.08000000000000007,-5.200000000000017,0.0,25.900000000000006,-2.7639999999999993,-20.0,0.0,-7.199999999999989,-0.038000000000000256,-4.0,0.0,2.0999999999999943,0.06300000000000061,6.349999999999994,0.0,8.550000000000011,0.049999999999998934,169.95000000000002,0.0,141.25,0.13800000000000168,85.79999999999995,0.0,18.100000000000023,-0.0940000000000012,-10.149999999999977,0.2560000000000002,9.449999999999932,2.5410000000000004,-32.799999999999955,-12.997833333333332,-13.935000000000002,-13.290166666666666,486.2749999999999,3395.544,3441.117,3567.347,3450.3038,-38.33899999999994,3357.205
1.29,-11.268,-11.537,-11.127,-11.224,-11.224,-13.939,-13.939,-14.006,-14.006,-13.631,-13.631,-13.597,-13.597,-13.477,-13.477,-13.609,-13.413,-11.051,114.55,101.6,92.75,87.65,111.05,93.7,86.05,82.30000000000001,83.9,94.75,100.9,262.1,405.1,495.8,532.85,506.7,537.25,464.25,-14.074,-14.194,165.9,154.2,-0.26900000000000013,-12.950000000000003,0.41000000000000014,-8.849999999999994,-0.09699999999999953,-5.099999999999994,0.0,23.39999999999999,-2.715,-17.349999999999994,0.0,-7.650000000000006,-0.06700000000000017,-3.749999999999986,0.0,1.5999999999999943,0.375,10.849999999999994,0.0,6.150000000000006,0.034000000000000696,161.20000000000002,0.0,143.0,0.11999999999999922,90.69999999999999,0.0,37.05000000000001,-0.13199999999999967,-26.150000000000034,0.19599999999999973,30.55000000000001,2.362,-73.0,-12.875166666666669,-13.821285714285713,-13.104000000000001,490.325,3357.205,3395.544,3551.794,3392.1440000000002,-96.21000000000004,3260.995
1.29,-11.338,-11.558,-11.23,-11.317,-11.317,-13.691,-13.691,-13.734,-13.734,-13.629,-13.629,-13.608,-13.608,-13.488,-13.488,-13.121,-13.282,-11.125,113.35,101.7,93.2,88.1,108.6,94.2,85.65,83.0,84.0,92.95,107.1,242.0,406.8,503.45,534.6500000000001,514.3,542.3,473.5,-13.8,-13.927,165.3,152.1,-0.22000000000000064,-11.649999999999991,0.3279999999999994,-8.5,-0.08699999999999974,-5.1000000000000085,0.0,20.5,-2.3740000000000006,-14.399999999999991,0.0,-8.549999999999997,-0.04299999999999926,-2.6500000000000057,0.0,1.0,0.10500000000000043,8.950000000000003,0.0,14.149999999999991,0.02099999999999902,134.9,0.0,164.8,0.120000000000001,96.64999999999998,0.0,31.200000000000102,0.3669999999999991,-20.350000000000136,-0.1609999999999996,28.0,2.157,-68.79999999999995,-12.810444444444446,-13.673714285714286,-13.018666666666668,495.8333333333333,3260.995,3357.205,3505.859,3338.0352,-25.679999999999836,3235.315
1.29,-11.487,-11.618,-11.211,-11.282,-11.282,-13.701,-13.701,-13.726,-13.726,-13.643,-13.643,-13.619,-13.619,-13.486,-13.486,-12.048,-11.143,-10.788,111.8,101.45,93.7,88.65,108.6,94.55,85.6,83.6,84.2,90.75,125.95,219.3,408.45,501.75,523.2,513.35,529.05,484.75,-13.803,-13.923,164.3,149.8,-0.13100000000000023,-10.349999999999994,0.40700000000000003,-7.75,-0.07099999999999973,-5.049999999999997,0.0,19.94999999999999,-2.4190000000000005,-14.049999999999997,0.0,-8.950000000000003,-0.025000000000000355,-2.0,0.0,0.6000000000000085,0.08300000000000018,6.549999999999997,0.0,35.2,0.02400000000000091,93.35000000000001,0.0,189.14999999999998,0.13299999999999912,93.30000000000001,0.0,21.450000000000045,1.4380000000000006,-9.850000000000023,0.9049999999999994,15.699999999999932,0.3550000000000004,-44.299999999999955,-12.62272222222222,-13.679857142857143,-12.428333333333335,493.425,3235.315,3260.995,3441.117,3279.8754,-84.99699999999984,3150.318
1.29,-11.628,-11.727,-11.183,-11.26,-11.26,-13.711,-13.711,-13.727,-13.727,-13.647,-13.647,-13.627,-13.627,-13.496,-13.496,-11.728,-10.911,-10.701,110.85,100.95,93.65,89.25,110.1,95.2,85.6,83.7,84.4,89.45,161.15,199.25,392.1,496.5,524.3499999999999,511.15,521.05,483.9,-13.813,-13.946,163.1,148.0,-0.0990000000000002,-9.899999999999991,0.5440000000000005,-7.299999999999997,-0.07699999999999996,-4.400000000000006,0.0,20.849999999999994,-2.4510000000000005,-14.899999999999991,0.0,-9.600000000000009,-0.016000000000000014,-1.8999999999999915,0.0,0.7000000000000028,0.08000000000000007,5.049999999999997,0.0,71.7,0.019999999999999574,38.099999999999994,0.0,192.85000000000002,0.13100000000000023,104.39999999999998,0.0,27.84999999999991,1.7680000000000007,-13.199999999999932,0.8170000000000002,9.899999999999977,0.20999999999999908,-37.14999999999998,-12.60077777777778,-13.685285714285715,-12.326500000000001,488.17499999999995,3150.318,3235.315,3395.544,3241.6086,53.891999999999825,3204.21
1.29,-11.524,-11.741,-11.146,-11.24,-11.24,-13.705,-13.705,-13.724,-13.724,-13.647,-13.647,-13.609,-13.609,-13.491,-13.491,-11.791,-10.956,-10.657,111.25,100.45,93.75,89.65,112.9,95.45,85.65,83.35,84.6,88.55,163.75,181.1,373.5,496.55,526.3,517.45,519.7,483.2000000000001,-13.804,-13.944,161.9,146.4,-0.21700000000000053,-10.799999999999997,0.5949999999999989,-6.700000000000003,-0.09399999999999942,-4.099999999999994,0.0,23.25,-2.465,-17.450000000000003,0.0,-9.799999999999997,-0.019000000000000128,-2.3000000000000114,0.0,1.25,0.07699999999999996,3.950000000000003,0.0,75.2,0.038000000000000256,17.349999999999994,0.0,192.4,0.11800000000000033,123.05000000000001,0.0,29.749999999999943,1.6999999999999993,-8.849999999999909,0.8350000000000009,2.25,0.2989999999999995,-36.49999999999994,-12.5915,-13.680142857142858,-12.332500000000001,486.11666666666673,3204.21,3150.318,3357.205,3201.027,-49.91300000000001,3154.297
1.29,-11.358,-11.691,-11.199,-11.296,-11.296,-13.713,-13.713,-13.734,-13.734,-13.662,-13.662,-13.636,-13.636,-13.506,-13.506,-11.522,-10.871,-10.766,112.2,99.7,93.9,90.05000000000001,114.15,95.95,85.8,83.35,84.75,87.9,161.0,163.6,346.5,496.8,520.25,519.05,522.75,484.75,-13.804,-13.942,160.7,144.3,-0.3330000000000002,-12.5,0.4920000000000009,-5.799999999999997,-0.09699999999999953,-3.8499999999999943,0.0,24.099999999999994,-2.417,-18.200000000000003,0.0,-10.150000000000006,-0.021000000000000796,-2.450000000000003,0.0,1.4000000000000057,0.07199999999999918,3.1500000000000057,0.0,73.1,0.026000000000001577,2.5999999999999943,0.0,182.9,0.129999999999999,150.3,0.0,23.44999999999999,1.984,-1.2000000000000455,0.6509999999999998,3.7000000000000455,0.10500000000000043,-38.0,-12.583388888888887,-13.693428571428571,-12.301166666666667,481.68333333333334,3154.297,3204.21,3260.995,3186.3424000000005,33.27500000000009,3187.572
1.29,-11.263,-11.57,-11.21,-11.299,-11.299,-13.719,-13.719,-13.732,-13.732,-13.661,-13.661,-13.629,-13.629,-13.522,-13.522,-9.895,-9.855,-10.346,113.2,98.55,93.7,90.05,115.35,96.65,85.9,83.4,84.9,87.35,157.4,150.05,328.95,481.45,516.95,515.35,520.6,484.6,-13.817,-13.966,159.4,142.6,-0.3070000000000004,-14.650000000000006,0.35999999999999943,-4.849999999999994,-0.08899999999999864,-3.6500000000000057,0.0,25.299999999999997,-2.42,-18.69999999999999,0.0,-10.75,-0.0129999999999999,-2.5,0.0,1.5,0.07099999999999973,2.4499999999999886,0.0,70.05000000000001,0.03200000000000003,-7.349999999999994,0.0,178.89999999999998,0.10699999999999932,152.5,0.0,35.50000000000006,3.6270000000000007,-1.6000000000000227,0.03999999999999915,5.25,-0.49099999999999966,-36.0,-12.403499999999998,-13.693285714285716,-11.794833333333335,474.6499999999999,3187.572,3154.297,3235.315,3180.3384,17.722999999999956,3205.295
1.29,-11.249,-11.532,-11.217,-11.306,-11.306,-13.697,-13.697,-13.742,-13.742,-13.671,-13.671,-13.65,-13.65,-13.536,-13.536,-9.856,-9.732,-10.08,113.4,98.3,93.35,90.15,113.65,96.8,85.94999999999999,83.4,84.85,87.0,150.8,145.95,293.4,466.1,515.7,513.4,516.0,485.5,-13.819,-13.946,157.9,141.8,-0.2829999999999995,-15.100000000000009,0.3149999999999995,-4.950000000000003,-0.08899999999999864,-3.1999999999999886,0.0,23.5,-2.391,-16.85000000000001,0.0,-10.850000000000009,-0.045000000000001705,-2.549999999999983,0.0,1.4499999999999886,0.0710000000000015,2.1500000000000057,0.0,63.80000000000001,0.02099999999999902,-4.850000000000023,0.0,147.45,0.11400000000000077,172.70000000000005,0.0,49.60000000000002,3.6799999999999997,-2.300000000000068,0.12400000000000055,2.6000000000000227,-0.34800000000000075,-30.5,-12.381666666666668,-13.695714285714287,-11.731666666666667,465.01666666666665,3205.295,3187.572,3150.318,3204.1375999999996,64.01899999999978,3269.314
1.29,-11.228,-11.518,-11.222,-11.306,-11.306,-13.723,-13.723,-13.758,-13.758,-13.675,-13.675,-13.649,-13.649,-13.549,-13.549,-9.377,-9.469,-9.941,113.25,98.9,93.1,90.25,113.0,96.9,86.35,83.8,84.95,87.0,144.25,139.85,265.1,452.2000000000001,511.15,512.9000000000001,513.55,487.4500000000001,-13.835,-13.967,156.4,141.3,-0.2900000000000009,-14.349999999999994,0.29600000000000115,-5.800000000000011,-0.08399999999999963,-2.8499999999999943,0.0,22.75,-2.4170000000000016,-16.099999999999994,0.0,-10.550000000000011,-0.034999999999998366,-2.549999999999997,0.0,1.1500000000000057,0.08299999999999841,2.049999999999997,0.0,57.25,0.026000000000001577,-4.400000000000006,0.0,125.25000000000003,0.09999999999999964,187.10000000000008,0.0,58.949999999999875,4.171999999999999,1.7500000000001137,-0.09199999999999875,0.6499999999998636,-0.4720000000000013,-26.099999999999852,-12.3375,-13.708714285714285,-11.589,457.05833333333345,3269.314,3205.295,3204.21,3230.3239999999996,65.82799999999997,3335.142
1.29,-11.256,-11.518,-11.254,-11.332,-11.332,-13.727,-13.727,-13.767,-13.767,-13.689,-13.689,-13.668,-13.668,-13.553,-13.553,-12.443,-12.42,-10.792,112.3,99.2,92.35,90.15,113.25,96.85,86.7,84.05000000000001,85.05,87.1,142.7,135.55,253.75,432.85,501.35,511.25,513.7,485.2,-13.834,-13.956,154.8,141.3,-0.26200000000000045,-13.099999999999994,0.2640000000000011,-6.8500000000000085,-0.07800000000000118,-2.1999999999999886,0.0,23.099999999999994,-2.3949999999999996,-16.400000000000006,0.0,-10.149999999999991,-0.03999999999999915,-2.6499999999999915,0.0,0.9999999999999858,0.0779999999999994,2.049999999999997,0.0,55.599999999999994,0.021000000000000796,-7.149999999999977,0.0,118.19999999999999,0.11499999999999844,179.10000000000002,0.0,68.5,1.1100000000000012,9.899999999999977,0.022999999999999687,2.4500000000000455,1.6280000000000001,-28.500000000000057,-12.730833333333333,-13.719142857142856,-12.738166666666666,449.68333333333334,3335.142,3269.314,3154.297,3276.1862,48.46600000000035,3383.608
1.29,-11.368,-11.583,-11.269,-11.332,-11.332,-13.733,-13.733,-13.775,-13.775,-13.715,-13.715,-13.688,-13.688,-13.586,-13.586,-12.949,-12.503,-10.839,112.1,99.2,91.95,89.85,111.8,96.8,87.3,83.9,84.9,87.05,142.14999999999998,130.1,252.0,405.65,490.35,504.7,510.4,484.05,-13.843,-13.98,153.4,141.3,-0.21499999999999986,-12.899999999999991,0.31400000000000006,-7.25,-0.06300000000000061,-2.1000000000000085,0.0,21.950000000000003,-2.401,-15.0,0.0,-9.5,-0.041999999999999815,-3.3999999999999915,0.0,1.0,0.0600000000000005,2.1499999999999915,0.0,55.09999999999998,0.026999999999999247,-12.049999999999983,0.0,121.9,0.10200000000000031,153.64999999999998,0.0,84.70000000000005,0.6370000000000005,14.349999999999966,0.44599999999999973,5.699999999999989,1.6639999999999997,-26.349999999999966,-12.78716666666667,-13.733428571428572,-12.8585,441.19166666666666,3383.608,3335.142,3187.572,3320.0953999999997,23.509999999999764,3407.118
1.31,-11.511,-11.682,-11.27,-11.372,-11.372,-13.757,-13.757,-13.8,-13.8,-13.708,-13.708,-13.692,-13.692,-13.564,-13.564,-8.153,-6.562,-4.602,112.1,99.3,92.35,89.55000000000001,107.25,96.9,87.75,84.0,84.55000000000001,86.6,134.7,127.05,243.65,388.45,481.25,497.35,505.6,486.3,-13.864,-14.029,152.3,140.8,-0.17100000000000115,-12.799999999999997,0.4120000000000008,-6.950000000000003,-0.10200000000000031,-2.799999999999983,0.0,17.69999999999999,-2.385,-10.349999999999994,0.0,-9.150000000000006,-0.04300000000000104,-3.75,0.0,0.5500000000000114,0.09200000000000053,2.049999999999983,0.0,48.099999999999994,0.016000000000000014,-7.6499999999999915,0.0,116.60000000000001,0.1280000000000001,144.79999999999998,0.0,92.80000000000001,5.411,16.100000000000023,1.5910000000000002,8.25,1.96,-19.30000000000001,-11.864777777777778,-13.746,-10.022833333333333,433.76666666666665,3407.118,3383.608,3205.295,3367.3322,34.360999999999876,3441.479
1.31,-11.528,-11.711,-11.259,-11.372,-11.372,-13.772,-13.772,-13.79,-13.79,-13.783,-13.783,-13.754,-13.754,-13.629,-13.629,-8.908,-7.698,-6.707,112.0,99.1,92.8,89.15,108.25,96.9,88.05000000000001,84.2,84.35,85.94999999999999,122.15,123.15,237.8,389.0,469.4,494.9500000000001,499.9,482.25,-13.856,-14.01,151.4,140.2,-0.18299999999999983,-12.900000000000006,0.45199999999999996,-6.299999999999997,-0.11299999999999955,-3.6499999999999915,0.0,19.099999999999994,-2.4000000000000004,-11.349999999999994,0.0,-8.849999999999994,-0.017999999999998906,-3.8500000000000085,0.0,0.14999999999999147,0.006999999999999673,1.5999999999999943,0.0,36.20000000000002,0.028999999999999915,1.0,0.0,114.65,0.125,151.2,0.0,80.39999999999998,4.721,25.550000000000125,1.209999999999999,4.949999999999875,0.9910000000000005,-17.649999999999977,-12.11172222222222,-13.777714285714286,-10.720833333333333,428.88333333333327,3441.479,3407.118,3269.314,3405.0928,16.638000000000375,3458.117
1.31,-11.457,-11.717,-11.247,-11.362,-11.362,-13.826,-13.826,-13.851,-13.851,-13.768,-13.768,-13.751,-13.751,-13.641,-13.641,-8.625,-7.525,-6.453,112.4,99.05,92.95,88.65,109.45,96.4,88.25,84.6,98.8,90.65,112.05,118.85,238.15,381.05,465.3,495.45,511.65,479.35,-13.905,-14.072,150.9,139.5,-0.2599999999999998,-13.350000000000009,0.47000000000000064,-6.099999999999994,-0.11500000000000021,-4.299999999999997,0.0,20.799999999999997,-2.4640000000000004,-13.049999999999997,0.0,-8.150000000000006,-0.025000000000000355,-3.6500000000000057,0.0,14.200000000000003,0.08300000000000018,-8.149999999999991,0.0,21.39999999999999,0.017000000000001236,6.799999999999997,0.0,119.30000000000001,0.10999999999999943,142.9,0.0,84.25,5.016,30.149999999999977,1.0999999999999996,16.19999999999999,1.072,-32.299999999999955,-12.079,-13.805857142857144,-10.606,428.4916666666666,3458.117,3441.479,3335.142,3436.8491999999997,35.80699999999979,3493.924
1.31,-11.457,-11.711,-11.262,-11.354,-11.354,-13.821,-13.821,-13.836,-13.836,-13.76,-13.76,-13.735,-13.735,-13.594,-13.594,-13.017,-12.864,-10.919,112.7,99.3,92.9,88.75,109.85,95.55,88.35,85.1,113.2,131.5,105.9,122.35,220.7,376.1,463.55,493.65,503.2,481.1,-13.904,-14.075,151.2,139.5,-0.25399999999999956,-13.400000000000006,0.44899999999999984,-6.3999999999999915,-0.09199999999999875,-4.150000000000006,0.0,21.099999999999994,-2.4670000000000005,-14.299999999999997,0.0,-7.200000000000003,-0.015000000000000568,-3.25,0.0,28.10000000000001,0.07600000000000051,18.299999999999997,0.0,-25.599999999999994,0.025000000000000355,16.44999999999999,0.0,98.35,0.14100000000000001,155.40000000000003,0.0,87.44999999999999,0.577,30.099999999999966,0.1529999999999987,9.550000000000011,1.9450000000000003,-22.099999999999966,-12.857222222222223,-13.79557142857143,-12.953833333333334,423.04999999999995,3493.924,3458.117,3383.608,3453.1254,-28.934999999999945,3464.989
1.31,-11.227,-11.476,-11.287,-11.384,-11.384,-13.808,-13.808,-13.843,-13.843,-13.5,-13.5,-13.476,-13.476,-13.371,-13.371,-12.957,-12.718,-10.963,112.15,99.5,92.95,89.3,108.35,94.95,88.4,85.2,107.35,134.39999999999998,101.8,128.05,208.05,374.8,464.95,492.75,501.05,483.05,-13.83,-13.888,151.8,140.1,-0.24900000000000055,-12.650000000000006,0.18900000000000006,-6.549999999999997,-0.09699999999999953,-3.6500000000000057,0.0,19.049999999999997,-2.4239999999999995,-13.399999999999991,0.0,-6.549999999999997,-0.03500000000000014,-3.200000000000003,0.0,22.14999999999999,0.34299999999999997,27.049999999999983,0.0,-32.59999999999998,0.023999999999999133,26.250000000000014,0.0,80.0,0.10500000000000043,166.75,0.0,90.14999999999998,0.4139999999999997,27.80000000000001,0.23900000000000077,8.300000000000011,1.7550000000000008,-18.0,-12.744,-13.68257142857143,-12.809333333333333,420.77500000000003,3464.989,3493.924,3407.118,3454.6444,-50.27599999999984,3414.713
1.31,-11.294,-11.539,-11.228,-11.32,-11.32,-13.552,-13.552,-13.575,-13.575,-13.497,-13.497,-13.474,-13.474,-13.381,-13.381,-9.739,-9.807,-10.116,112.25,100.15,92.7,89.35,106.8,95.25,88.6,85.4,102.05,124.35,100.35,144.55,199.0,370.9,462.1,497.25,502.55,473.95,-13.63,-13.792,152.4,140.8,-0.24499999999999922,-12.099999999999994,0.31099999999999994,-7.450000000000003,-0.09200000000000053,-3.3500000000000085,0.0,17.450000000000003,-2.2319999999999993,-11.549999999999997,0.0,-6.650000000000006,-0.022999999999999687,-3.1999999999999886,0.0,16.64999999999999,0.0779999999999994,22.299999999999997,0.0,-24.0,0.022999999999999687,44.20000000000002,0.0,54.44999999999999,0.09299999999999997,171.89999999999998,0.0,91.20000000000005,3.6419999999999995,35.14999999999998,-0.06799999999999962,5.300000000000011,-0.3089999999999993,-28.600000000000023,-12.295611111111109,-13.531714285714287,-11.649666666666668,417.625,3414.713,3464.989,3441.479,3475.1884000000005,129.48599999999988,3544.199
1.31,-11.853,-11.963,-11.222,-11.32,-11.32,-13.548,-13.548,-13.589,-13.589,-14.091,-14.091,-14.08,-14.08,-13.968,-13.968,-9.938,-9.691,-10.114,113.4,100.2,92.75,89.3,108.4,95.7,88.6,85.55,97.95,115.65,110.75,151.89999999999998,205.5,351.6,460.4,495.35,504.8,471.95,-13.635,-13.8,153.2,141.3,-0.10999999999999943,-13.200000000000003,0.7409999999999997,-7.450000000000003,-0.09800000000000075,-3.450000000000003,0.0,19.10000000000001,-2.2279999999999998,-12.700000000000003,0.0,-7.1000000000000085,-0.04100000000000037,-3.049999999999997,0.0,12.400000000000006,-0.5019999999999989,17.700000000000003,0.0,-4.900000000000006,0.010999999999999233,41.14999999999998,0.0,53.60000000000002,0.1120000000000001,146.10000000000002,0.0,108.79999999999995,4.029999999999999,34.950000000000045,0.2469999999999999,9.449999999999989,-0.42300000000000004,-32.85000000000002,-12.554055555555555,-13.79085714285714,-11.959833333333336,414.93333333333334,3544.199,3414.713,3458.117,3509.7657999999997,86.80499999999984,3631.004
1.31,-12.039,-12.084,-11.236,-11.327,-11.327,-14.166,-14.166,-14.189,-14.189,-14.093,-14.093,-14.081,-14.081,-13.961,-13.961,-10.413,-9.984,-10.065,114.35,99.5,92.8,89.4,109.2,96.3,88.3,85.55,94.95,109.3,127.05,147.15,231.65,331.0,462.8,496.85,505.1,472.65,-14.244,-14.427,154.3,141.9,-0.04499999999999993,-14.849999999999994,0.847999999999999,-6.700000000000003,-0.0909999999999993,-3.3999999999999915,0.0,19.799999999999997,-2.8390000000000004,-12.900000000000006,0.0,-8.0,-0.022999999999999687,-2.75,0.0,9.400000000000006,0.09600000000000009,14.349999999999994,0.0,17.75,0.012000000000000455,20.10000000000001,0.0,84.5,0.11999999999999922,99.35,0.0,131.8,3.548,34.05000000000001,0.42900000000000027,8.25,-0.08099999999999952,-32.450000000000045,-12.747499999999999,-14.13957142857143,-12.0775,416.675,3631.004,3544.199,3493.924,3533.4201999999996,-18.807999999999993,3612.196
1.31,-11.898,-12.054,-11.255,-11.368,-11.368,-14.17,-14.17,-14.197,-14.197,-14.101,-14.101,-14.096,-14.096,-13.965,-13.965,-11.758,-10.776,-10.487,115.6,99.1,93.1,89.15,111.65,96.9,87.94999999999999,85.65,92.8,104.3,161.15,136.35,269.5,324.45000000000005,460.35,501.45,508.65,473.7000000000001,-14.239,-14.425,155.6,142.4,-0.15600000000000058,-16.5,0.7989999999999995,-6.0,-0.11299999999999955,-3.9499999999999886,0.0,22.5,-2.8019999999999996,-14.75,0.0,-8.950000000000017,-0.026999999999999247,-2.299999999999983,0.0,7.1499999999999915,0.09599999999999831,11.5,0.0,56.85000000000001,0.005000000000000782,-24.80000000000001,0.0,133.15,0.13100000000000023,54.950000000000045,0.0,135.89999999999998,2.2070000000000007,41.099999999999966,0.9819999999999993,7.199999999999989,0.2889999999999997,-34.949999999999875,-12.890111111111114,-14.147428571428572,-12.50783333333333,423.0166666666667,3612.196,3631.004,3464.989,3563.5126000000005,3.255000000000109,3615.451
1.31,-11.749,-12.001,-11.205,-11.313,-11.313,-14.162,-14.162,-14.188,-14.188,-14.076,-14.076,-14.078,-14.078,-13.941,-13.941,-13.501,-13.343,-10.853,115.65,99.45,93.5,89.25,113.35,97.2,87.65,85.55000000000001,91.1,100.3,182.3,137.05,271.65,346.7,454.2000000000001,502.65,512.8,472.25,-14.243,-14.432,157.2,143.4,-0.2519999999999989,-16.200000000000003,0.7959999999999994,-5.950000000000003,-0.10800000000000054,-4.25,0.0,24.099999999999994,-2.849,-16.14999999999999,0.0,-9.549999999999997,-0.0259999999999998,-2.0999999999999943,0.0,5.549999999999983,0.1120000000000001,9.200000000000003,0.0,82.00000000000001,-0.0019999999999988916,-45.25,0.0,134.59999999999997,0.13699999999999868,75.05000000000001,0.0,107.50000000000011,0.4400000000000013,48.449999999999875,0.15799999999999947,10.149999999999977,2.49,-40.549999999999955,-13.120444444444447,-14.132857142857144,-13.276166666666667,426.7083333333333,3615.451,3612.196,3414.713,3612.2686000000003,43.041999999999916,3658.493
1.31,-11.652,-11.87,-11.266,-11.382,-11.382,-14.161,-14.161,-14.18,-14.18,-14.071,-14.071,-14.032,-14.032,-13.905,-13.905,-13.706,-13.512,-10.948,113.25,100.1,93.25,89.45,113.95,98.35,88.05000000000001,85.25,89.8,97.4,155.45,176.10000000000002,247.3,383.2,442.65,496.9,513.15,474.95,-14.23,-14.406,158.9,144.6,-0.21799999999999997,-13.150000000000006,0.6039999999999992,-6.849999999999994,-0.11599999999999966,-3.799999999999997,0.0,24.5,-2.779,-15.600000000000009,0.0,-10.299999999999983,-0.019000000000000128,-2.8000000000000114,0.0,4.549999999999997,0.10899999999999999,7.6000000000000085,0.0,58.04999999999998,0.0389999999999997,20.650000000000034,0.0,71.19999999999999,0.12700000000000067,135.89999999999998,0.0,59.44999999999999,0.19899999999999984,54.25,0.19399999999999906,16.25,2.564,-38.19999999999999,-13.134222222222224,-14.122285714285713,-13.334666666666669,426.35833333333335,3658.493,3615.451,3544.199,3133.1742000000004,-2509.7659999999996,1148.727
1.31,-11.647,-11.831,-11.336,-11.377,-11.377,-14.151,-14.151,-14.169,-14.169,-14.067,-14.067,-14.02,-14.02,-13.889,-13.889,-13.723,-13.523,-10.918,111.65,100.8,92.85,89.65,112.4,99.4,88.8,84.95,89.0,95.6,145.60000000000002,213.0,217.9,402.2000000000001,441.7000000000001,488.95,503.85,473.55,-14.219,-14.408,160.5,146.6,-0.18399999999999928,-10.850000000000009,0.4949999999999992,-7.950000000000003,-0.04100000000000037,-3.1999999999999886,0.0,22.75,-2.773999999999999,-13.0,0.0,-10.600000000000009,-0.018000000000000682,-3.8499999999999943,0.0,4.049999999999997,0.10200000000000031,6.599999999999994,0.0,50.00000000000003,0.0470000000000006,67.39999999999998,0.0,4.900000000000006,0.13100000000000023,184.3000000000001,0.0,39.5,0.1659999999999986,47.249999999999886,0.20000000000000107,14.900000000000034,2.6050000000000004,-30.30000000000001,-13.129111111111115,-14.113428571428571,-13.326999999999998,421.3583333333334,1148.727,3658.493,3631.004,3037.8328,2005.57,3154.297
1.33,-11.584,-11.811,-11.343,-11.399,-11.399,-14.129,-14.129,-14.156,-14.156,-14.057,-14.057,-14.012,-14.012,-13.897,-13.897,-13.676,-13.519,-10.956,111.65,101.45,92.95,90.0,110.25,100.95,88.8,85.55000000000001,88.5,94.15,143.3,218.25,221.8,386.55,456.4,492.15,498.25,474.5,-14.204,-14.402,162.2,147.9,-0.2270000000000003,-10.200000000000003,0.46799999999999997,-8.5,-0.05599999999999916,-2.950000000000003,0.0,20.25,-2.7300000000000004,-9.299999999999997,0.0,-12.150000000000006,-0.027000000000001023,-3.249999999999986,0.0,2.9499999999999886,0.0990000000000002,5.650000000000006,0.0,49.150000000000006,0.04499999999999993,74.94999999999999,0.0,3.5500000000000114,0.11500000000000021,164.75,0.0,69.84999999999997,0.22100000000000009,35.75,0.15700000000000003,6.100000000000023,2.5630000000000006,-23.75,-13.12161111111111,-14.099428571428572,-13.326166666666667,421.60833333333335,3154.297,1148.727,3612.196,3062.8617999999997,583.0439999999999,3737.341
1.33,-11.588,-11.816,-11.358,-11.354,-11.354,-14.104,-14.104,-14.139,-14.139,-14.063,-14.063,-14.025,-14.025,-13.896,-13.896,-13.672,-13.5,-11.028,112.35,101.05,93.3,89.94999999999999,110.4,102.25,88.9,93.35,88.19999999999999,93.95,131.45,223.1,280.7,355.05,472.6,506.25,508.3,467.8,-14.2,-14.421,164.0,148.2,-0.22800000000000153,-11.299999999999997,0.4580000000000002,-7.75,0.004000000000001336,-3.3500000000000085,0.0,20.450000000000017,-2.75,-8.150000000000006,0.0,-13.349999999999994,-0.03500000000000014,4.449999999999989,0.0,-5.150000000000006,0.07599999999999874,5.750000000000014,0.0,37.499999999999986,0.038000000000000256,91.65,0.0,57.599999999999994,0.12899999999999956,74.35000000000002,0.0,117.55000000000001,0.2240000000000002,33.64999999999998,0.1720000000000006,2.0500000000000114,2.4719999999999995,-40.5,-13.117999999999999,-14.091,-13.336166666666669,431.78333333333336,3737.341,3154.297,3615.451,3106.554,96.57099999999991,3833.912
1.33,-11.688,-11.81,-11.349,-11.383,-11.383,-14.119,-14.119,-14.141,-14.141,-14.057,-14.057,-14.025,-14.025,-13.87,-13.87,-14.091,-13.938,-11.097,113.45,100.15,93.75,89.55,109.15,102.5,88.65,92.45,88.05,93.75,132.7,207.0,328.75,322.6,478.7,515.15,520.35,467.0,-14.198,-14.398,165.9,148.4,-0.12199999999999989,-13.299999999999997,0.4610000000000003,-6.400000000000006,-0.03399999999999892,-4.200000000000003,0.0,19.60000000000001,-2.7360000000000007,-6.650000000000006,0.0,-13.849999999999994,-0.02200000000000024,3.799999999999997,0.0,-4.400000000000006,0.08399999999999963,5.700000000000003,0.0,38.94999999999999,0.03200000000000003,74.30000000000001,0.0,121.75,0.15500000000000114,-6.149999999999977,0.0,156.09999999999997,-0.22100000000000009,36.44999999999999,0.1529999999999987,5.2000000000000455,2.841000000000001,-53.35000000000002,-13.175722222222223,-14.094142857142858,-13.481833333333332,438.75833333333327,3833.912,3737.341,3658.493,3140.0464,-7.95699999999988,3825.955
1.33,-11.829,-11.935,-11.333,-11.387,-11.387,-14.117,-14.117,-14.157,-14.157,-14.053,-14.053,-14.039,-14.039,-13.879,-13.879,-14.055,-13.792,-11.105,114.3,99.65,94.45,89.65,108.25,102.1,88.65,90.6,87.75,95.05,143.15,202.6,346.35,345.35,468.05,516.15,528.0,474.35,-14.202,-14.416,167.5,148.2,-0.10599999999999987,-14.649999999999991,0.6020000000000003,-5.200000000000003,-0.05400000000000027,-4.799999999999997,0.0,18.599999999999994,-2.7300000000000004,-6.150000000000006,0.0,-13.449999999999989,-0.03999999999999915,1.9499999999999886,0.0,-2.8499999999999943,0.1039999999999992,7.299999999999997,0.0,48.10000000000001,0.014000000000001123,59.44999999999999,0.0,143.75000000000003,0.16000000000000014,-1.0,0.0,122.69999999999999,-0.17600000000000016,48.099999999999966,0.2629999999999999,11.850000000000023,2.6869999999999994,-53.64999999999998,-13.184055555555553,-14.099,-13.458166666666665,446.375,3825.955,3833.912,1148.727,3667.8964,-37.978000000000065,3787.977
1.33,-11.974,-12.039,-11.259,-11.394,-11.394,-14.124,-14.124,-14.157,-14.157,-14.034,-14.034,-14.024,-14.024,-13.864,-13.864,-14.024,-13.819,-11.022,124.2,100.4,94.45,90.1,110.6,101.55,88.5,89.25,87.5,95.65,144.15,194.1,349.29999999999995,404.25,451.8,498.35,523.7,481.4,-14.198,-14.393,168.9,148.1,-0.0649999999999995,-23.799999999999997,0.7799999999999994,-5.950000000000003,-0.1349999999999998,-4.3500000000000085,0.0,20.5,-2.7300000000000004,-9.049999999999997,0.0,-13.049999999999997,-0.032999999999999474,0.75,0.0,-1.75,0.12299999999999933,8.150000000000006,0.0,48.5,0.010000000000001563,49.94999999999999,0.0,155.19999999999996,0.15999999999999837,54.950000000000045,0.0,47.55000000000001,-0.15999999999999837,46.55000000000001,0.2049999999999983,25.350000000000023,2.7970000000000006,-42.30000000000007,-13.185055555555554,-14.093428571428573,-13.436166666666667,451.46666666666664,3787.977,3825.955,3154.297,3798.5388,19.532000000000153,3807.509
1.33,-12.03,-12.121,-11.323,-11.396,-11.396,-14.119,-14.119,-14.136,-14.136,-14.041,-14.041,-14.028,-14.028,-13.842,-13.842,-14.058,-13.775,-11.131,132.35,104.0,93.65,90.35,112.6,100.95,88.5,88.0,87.3,94.55,137.95,174.8,344.15,438.75,435.6,488.6,504.55,485.25,-14.192,-14.409,170.2,147.6,-0.09100000000000108,-28.349999999999994,0.798,-10.349999999999994,-0.0730000000000004,-3.3000000000000114,0.0,22.25,-2.722999999999999,-11.649999999999991,0.0,-12.450000000000003,-0.01699999999999946,-0.5,0.0,-0.7000000000000028,0.09499999999999886,7.25,0.0,43.39999999999999,0.0129999999999999,36.85000000000002,0.0,169.34999999999997,0.18599999999999994,94.60000000000002,0.0,-3.1499999999999773,-0.2159999999999993,53.0,0.2829999999999995,15.949999999999989,2.644,-19.30000000000001,-13.19788888888889,-14.088571428571427,-13.446,449.48333333333335,3807.509,3787.977,3737.341,3799.1898,-66.91300000000001,3740.596
1.33,-12.016,-12.12,-11.28,-11.395,-11.395,-14.113,-14.113,-14.134,-14.134,-14.031,-14.031,-14.017,-14.017,-13.841,-13.841,-13.574,-13.824,-11.084,129.0,109.2,93.3,91.05,113.8,100.85,88.75,87.35,87.2,93.05,143.8,161.0,330.35,458.6,450.9500000000001,479.2,498.05,483.25,-14.181,-14.382,171.4,148.4,-0.1039999999999992,-19.799999999999997,0.8399999999999999,-15.900000000000006,-0.11500000000000021,-2.25,0.0,22.75,-2.718,-12.950000000000003,0.0,-12.099999999999994,-0.021000000000000796,-1.4000000000000057,0.0,-0.14999999999999147,0.10299999999999976,5.849999999999994,0.0,50.750000000000014,0.014000000000001123,17.19999999999999,0.0,169.35000000000002,0.17600000000000016,128.25,0.0,-7.64999999999992,0.26699999999999946,28.249999999999886,-0.25,18.850000000000023,2.74,-14.800000000000011,-13.164444444444447,-14.081857142857144,-13.3635,450.06666666666666,3740.596,3807.509,3833.912,3787.471,34.72200000000021,3775.318
1.33,-11.857,-12.03,-11.307,-11.41,-11.41,-14.092,-14.092,-14.129,-14.129,-14.029,-14.029,-14.006,-14.006,-13.841,-13.841,-13.638,-13.845,-11.163,126.05,119.4,95.2,91.1,114.85,100.9,88.95,86.7,87.35,92.1,157.7,163.0,308.1,456.85,475.4,494.65,493.9500000000001,474.6,-14.158,-14.39,172.3,149.4,-0.17300000000000004,-6.6499999999999915,0.722999999999999,-24.200000000000003,-0.10299999999999976,-4.1000000000000085,0.0,23.75,-2.6820000000000004,-13.949999999999989,0.0,-11.950000000000003,-0.036999999999999034,-2.25,0.0,0.6499999999999915,0.09999999999999964,4.75,0.0,65.6,0.022999999999999687,5.300000000000011,0.0,145.10000000000002,0.16500000000000092,148.75,0.0,18.549999999999955,0.2029999999999994,19.25,-0.20700000000000074,-0.6999999999998749,2.6820000000000004,-19.35000000000008,-13.158555555555559,-14.072285714285714,-13.389000000000001,450.5916666666667,3775.318,3740.596,3825.955,3783.5648,31.105999999999767,3806.424
1.33,-11.645,-11.957,-11.325,-11.368,-11.368,-14.087,-14.087,-14.11,-14.11,-14.015,-14.015,-13.987,-13.987,-13.84,-13.84,-13.685,-13.861,-11.232,123.95,117.9,99.05,90.45,115.8,100.8,89.15,86.35,87.2,91.2,184.2,166.85,281.85,455.15,493.95,513.75,508.6,471.15,-14.155,-14.383,172.4,150.0,-0.31200000000000117,-6.049999999999997,0.6320000000000014,-18.85000000000001,-0.04300000000000104,-8.599999999999994,0.0,25.349999999999994,-2.7189999999999994,-15.0,0.0,-11.649999999999991,-0.022999999999999687,-2.8000000000000114,0.0,0.8500000000000085,0.09499999999999886,4.0,0.0,92.99999999999999,0.02800000000000047,-17.349999999999994,0.0,115.00000000000003,0.14700000000000024,173.29999999999995,0.0,38.80000000000001,0.15499999999999936,19.80000000000001,-0.17600000000000016,-5.149999999999977,2.6290000000000013,-37.450000000000045,-13.139944444444444,-14.058714285714284,-13.4075,454.07500000000005,3806.424,3775.318,3787.977,3785.952,-6.510999999999967,3799.913
1.33,-11.462,-11.766,-11.315,-11.398,-11.398,-14.091,-14.091,-14.108,-14.108,-14.037,-14.037,-14.013,-14.013,-13.886,-13.886,-13.683,-13.871,-11.273,123.2,115.65,102.1,90.7,118.65,101.2,89.15,86.30000000000001,86.69999999999999,90.2,197.75,164.25,272.15,444.8,503.35,529.8,525.25,467.05,-14.147,-14.388,172.0,149.7,-0.30400000000000027,-7.549999999999997,0.4510000000000005,-13.550000000000011,-0.08300000000000018,-11.399999999999991,0.0,27.950000000000003,-2.6929999999999996,-17.450000000000003,0.0,-12.049999999999997,-0.017000000000001236,-2.8499999999999943,0.0,0.39999999999997726,0.07099999999999973,3.500000000000014,0.0,107.55,0.02400000000000091,-33.5,0.0,107.89999999999998,0.12700000000000067,172.65000000000003,0.0,58.55000000000001,0.2029999999999994,26.449999999999932,-0.1880000000000006,-4.5499999999999545,2.5980000000000008,-58.19999999999999,-13.135333333333334,-14.069285714285716,-13.435333333333332,457.0666666666668,3799.913,3806.424,3807.509,3788.1943999999994,18.807999999999993,3818.721
1.33,-11.458,-11.685,-11.311,-11.373,-11.373,-14.101,-14.101,-14.121,-14.121,-14.021,-14.021,-14.021,-14.021,-13.902,-13.902,-14.16,-13.955,-11.281,122.35,114.25,103.7,91.35,119.4,101.0,88.55,86.2,86.5,89.3,179.8,157.05,287.4,412.35,508.5,534.1500000000001,536.0,473.85,-14.16,-14.376,171.5,148.6,-0.2270000000000003,-8.099999999999994,0.37400000000000055,-10.549999999999997,-0.06199999999999939,-12.350000000000009,0.0,28.05000000000001,-2.7280000000000015,-18.400000000000006,0.0,-12.450000000000003,-0.019999999999999574,-2.3499999999999943,0.0,0.29999999999999716,0.09999999999999964,2.799999999999997,0.0,90.50000000000001,0.0,-22.75,0.0,130.34999999999997,0.11900000000000155,124.95000000000005,0.0,96.14999999999998,-0.2580000000000009,25.65000000000009,0.20500000000000007,1.849999999999909,2.6739999999999995,-62.14999999999998,-13.162666666666667,-14.072428571428572,-13.536833333333334,458.7083333333333,3818.721,3799.913,3740.596,3816.5508,63.65700000000015,3882.378
1.33,-11.535,-11.699,-11.299,-11.366,-11.366,-14.091,-14.091,-14.138,-14.138,-14.037,-14.037,-14.029,-14.029,-13.903,-13.903,-14.104,-13.898,-11.23,120.85,113.45,104.4,92.45,118.7,99.15,88.3,86.3,86.75,90.6,145.7,143.8,290.3,396.5,512.95,537.5,528.1,484.8,-14.165,-14.401,170.5,147.6,-0.1639999999999997,-7.3999999999999915,0.40000000000000036,-9.049999999999997,-0.06700000000000017,-11.950000000000003,0.0,26.25,-2.7249999999999996,-19.549999999999997,0.0,-10.850000000000009,-0.0470000000000006,-2.0,0.0,0.45000000000000284,0.10099999999999909,3.8499999999999943,0.0,55.099999999999994,0.008000000000000895,-1.8999999999999773,0.0,146.5,0.12599999999999945,106.19999999999999,0.0,116.45000000000005,-0.20099999999999874,24.549999999999955,0.20599999999999952,-9.399999999999977,2.6679999999999993,-43.30000000000001,-13.16072222222222,-14.080142857142858,-13.511166666666668,458.35833333333335,3882.378,3818.721,3775.318,3858.4346000000005,102.35899999999992,3984.737
1.33,-11.636,-11.75,-11.256,-11.324,-11.324,-14.118,-14.118,-14.155,-14.155,-14.021,-14.021,-14.01,-14.01,-13.889,-13.889,-14.053,-13.861,-11.251,118.95,112.85,103.8,93.75,118.3,98.15,88.44999999999999,86.2,86.85,94.7,132.65,147.0,285.6,405.6,504.75,540.4,523.05,493.4500000000001,-14.166,-14.392,170.2,146.9,-0.11400000000000077,-6.1000000000000085,0.4939999999999998,-9.049999999999997,-0.06799999999999962,-10.049999999999997,0.0,24.549999999999997,-2.7940000000000005,-20.14999999999999,0.0,-9.700000000000017,-0.036999999999999034,-2.249999999999986,0.0,0.6499999999999915,0.13399999999999856,7.8500000000000085,0.0,37.95,0.011000000000001009,14.349999999999994,0.0,138.60000000000002,0.12100000000000044,120.0,0.0,99.14999999999998,-0.16400000000000148,35.64999999999998,0.19200000000000017,-17.350000000000023,2.610000000000001,-29.599999999999852,-13.157833333333333,-14.085428571428574,-13.492166666666668,458.80833333333334,3984.737,3882.378,3806.424,3902.4883999999997,41.95600000000013,4026.693
1.33,-11.609,-11.745,-11.266,-11.336,-11.336,-14.117,-14.117,-14.129,-14.129,-14.033,-14.033,-13.984,-13.984,-13.905,-13.905,-14.029,-13.808,-11.345,117.85,111.8,103.15,95.55,119.45,98.35,88.80000000000001,85.75,86.69999999999999,96.65,139.25,200.3,263.9,421.7,490.9,524.0,520.4,497.3,-14.149,-14.398,170.4,146.8,-0.13599999999999923,-6.049999999999997,0.4789999999999992,-8.649999999999991,-0.07000000000000028,-7.6000000000000085,0.0,23.900000000000006,-2.7810000000000006,-21.10000000000001,0.0,-9.549999999999983,-0.011999999999998678,-3.0500000000000114,0.0,0.9499999999999886,0.09600000000000009,9.950000000000017,0.0,42.599999999999994,0.04899999999999949,61.05000000000001,0.0,63.599999999999966,0.07900000000000063,157.8,0.0,69.19999999999999,-0.12400000000000055,33.10000000000002,0.22100000000000009,-3.6000000000000227,2.462999999999999,-23.099999999999966,-13.15611111111111,-14.07742857142857,-13.496,453.03333333333336,4026.693,3984.737,3799.913,3940.2488,-37.978000000000065,3988.715
1.33,-11.632,-11.767,-11.183,-11.231,-11.231,-14.102,-14.102,-14.129,-14.129,-14.027,-14.027,-13.995,-13.995,-13.898,-13.898,-13.755,-13.543,-11.191,116.95,110.7,102.8,99.4,119.8,99.25,89.35,85.75,92.55,97.65,139.2,210.3,232.35,427.65,484.55,513.3,510.05,504.4,-14.153,-14.399,171.0,147.4,-0.1349999999999998,-6.25,0.5839999999999996,-7.900000000000006,-0.04800000000000004,-3.3999999999999915,0.0,20.39999999999999,-2.8710000000000004,-20.549999999999997,0.0,-9.900000000000006,-0.026999999999999247,-3.5999999999999943,0.0,6.799999999999997,0.10200000000000031,5.1000000000000085,0.0,41.54999999999998,0.03200000000000003,71.10000000000002,0.0,22.049999999999983,0.09699999999999953,195.29999999999998,0.0,56.900000000000034,0.1429999999999989,28.749999999999943,0.21200000000000152,-3.249999999999943,2.3519999999999985,-5.650000000000034,-13.101944444444445,-14.072999999999999,-13.38,445.3833333333334,3988.715,4026.693,3818.721,3956.7418,-87.529,3901.186
1.33,-11.539,-11.712,-11.155,-11.272,-11.272,-14.098,-14.098,-14.117,-14.117,-13.989,-13.989,-13.963,-13.963,-13.855,-13.855,-13.753,-13.531,-11.114,115.8,109.75,102.5,99.35,118.8,101.55,89.9,85.9,100.15,104.95,140.15,210.65,254.45,415.65,489.45,506.85,507.25,507.5,-14.147,-14.385,171.7,148.1,-0.17300000000000004,-6.049999999999997,0.5570000000000004,-7.25,-0.11700000000000088,-3.1500000000000057,0.0,19.450000000000003,-2.8260000000000005,-17.25,0.0,-11.649999999999991,-0.019000000000000128,-4.0,0.0,14.25,0.1280000000000001,4.799999999999997,0.0,35.2,0.026000000000001577,70.5,0.0,43.79999999999998,0.10799999999999876,161.2,0.0,73.80000000000001,0.10200000000000031,17.400000000000034,0.22199999999999953,0.39999999999997726,2.417,0.25,-13.077333333333332,-14.053,-13.34516666666667,446.85833333333335,3901.186,3988.715,3882.378,3969.7627999999995,46.297000000000025,3947.483
1.33,-11.36,-11.636,-11.047,-11.16,-11.16,-14.073,-14.073,-14.089,-14.089,-13.972,-13.972,-14.035,-14.035,-13.957,-13.957,-13.744,-11.438,-10.94,114.8,109.0,101.95,98.2,116.6,104.55,89.55,86.25,99.3,109.1,134.35,206.2,296.29999999999995,378.1,491.6,507.6,503.7,502.0,-14.125,-14.353,171.9,148.9,-0.2759999999999998,-5.799999999999997,0.5889999999999986,-7.049999999999997,-0.11299999999999955,-3.75,0.0,18.39999999999999,-2.9130000000000003,-12.049999999999997,0.0,-15.0,-0.016000000000000014,-3.299999999999997,0.0,13.049999999999997,0.11700000000000088,9.799999999999997,0.0,25.25,-0.06300000000000061,71.85,0.0,90.09999999999997,0.0779999999999994,81.80000000000007,0.0,113.5,0.21300000000000097,16.0,2.305999999999999,-3.900000000000034,0.4980000000000011,-1.6999999999999886,-12.929833333333331,-14.043285714285712,-13.011833333333334,446.54999999999995,3947.483,3901.186,3984.737,3963.1076000000003,3.9779999999996107,3951.461
1.33,-11.518,-11.806,-11.01,-11.093,-11.093,-14.039,-14.039,-14.069,-14.069,-14.337,-14.337,-14.299,-14.299,-14.123,-14.123,-8.816,-7.705,-6.583,114.75,108.2,101.15,96.85,117.05,109.3,89.1,86.65,95.8,105.5,125.7,226.5,298.95000000000005,344.6,488.3,511.0,503.15,501.3,-14.312,-14.735,171.5,149.6,-0.2879999999999985,-6.549999999999997,0.7959999999999994,-7.049999999999997,-0.08300000000000018,-4.300000000000011,0.0,20.200000000000003,-2.9459999999999997,-7.75,0.0,-20.200000000000003,-0.030000000000001137,-2.4499999999999886,0.0,9.149999999999991,-0.2679999999999989,9.700000000000003,0.0,20.200000000000003,0.038000000000000256,100.8,0.0,72.45000000000005,0.17600000000000016,45.64999999999998,0.0,143.7,5.306999999999999,22.69999999999999,1.1110000000000007,-7.850000000000023,1.1219999999999999,-1.849999999999966,-12.297666666666666,-14.169857142857142,-10.9415,441.2166666666667,3951.461,3947.483,4026.693,3962.3842000000004,71.61500000000024,4023.076
1.33,-11.414,-11.747,-11.032,-11.073,-11.073,-14.396,-14.396,-14.438,-14.438,-14.338,-14.338,-14.28,-14.28,-14.115,-14.115,-8.895,-7.666,-6.447,114.8,107.5,100.25,96.1,117.3,107.5,89.1,86.80000000000001,93.15,101.4,121.85,212.9,289.5,377.4,479.8,512.8499999999999,517.1,505.6,-14.486,-14.732,171.3,150.7,-0.3330000000000002,-7.299999999999997,0.7149999999999999,-7.25,-0.04100000000000037,-4.150000000000006,0.0,21.200000000000003,-3.3230000000000004,-9.799999999999997,0.0,-18.400000000000006,-0.041999999999999815,-2.299999999999983,0.0,6.349999999999994,0.10000000000000142,8.25,0.0,20.44999999999999,0.05799999999999983,91.05000000000001,0.0,76.6,0.16499999999999915,87.89999999999998,0.0,102.40000000000003,5.220000000000001,33.0499999999999,1.2289999999999992,4.250000000000114,1.2190000000000003,-11.5,-12.360055555555556,-14.374857142857142,-10.919666666666666,447.0416666666667,4023.076,3951.461,3988.715,3986.0388000000007,83.91200000000026,4106.988
1.33,-11.462,-11.722,-10.984,-11.038,-11.038,-14.403,-14.403,-14.428,-14.428,-14.325,-14.325,-14.346,-14.346,-14.175,-14.175,-13.281,-13.051,-9.704,114.5,107.0,99.55,95.5,116.9,103.55,89.3,86.4,91.35,98.65,123.55,202.5,315.85,398.4,460.5,512.0,521.0,505.1,-14.48,-14.694,170.7,151.2,-0.2599999999999998,-7.5,0.7379999999999995,-7.450000000000003,-0.05400000000000027,-4.049999999999997,0.0,21.400000000000006,-3.365,-13.350000000000009,0.0,-14.25,-0.025000000000000355,-2.8999999999999915,0.0,4.949999999999989,0.10300000000000153,7.300000000000011,0.0,24.89999999999999,-0.021000000000000796,78.95,0.0,113.35000000000002,0.17099999999999937,82.54999999999995,0.0,62.10000000000002,0.8940000000000001,51.5,0.23000000000000043,9.0,3.3469999999999995,-15.899999999999977,-13.09077777777778,-14.379714285714288,-13.122,452.14166666666665,4106.988,4023.076,3901.186,4048.4665999999997,106.33699999999953,4213.325
1.33,-7.088,-7.675,-10.897,-10.948,-10.948,-14.394,-14.394,-14.43,-14.43,-14.427,-14.427,-14.411,-14.411,-14.227,-14.227,-13.159,-12.985,-10.035,114.15,106.9,99.0,94.7,116.65,101.3,89.8,86.0,89.94999999999999,96.2,124.0,180.75,339.35,402.7000000000001,451.4,496.35,519.15,499.8,-14.508,-14.749,170.4,150.8,-0.5869999999999997,-7.25,-3.2220000000000004,-7.900000000000006,-0.051000000000000156,-4.299999999999997,0.0,21.950000000000003,-3.4459999999999997,-15.350000000000009,0.0,-11.5,-0.03599999999999959,-3.799999999999997,0.0,3.9499999999999886,0.0030000000000001137,6.250000000000014,0.0,27.799999999999997,0.016000000000000014,56.75,0.0,158.60000000000002,0.18399999999999928,63.35000000000008,0.0,48.699999999999875,1.0679999999999996,44.950000000000045,0.17400000000000126,22.799999999999955,2.9499999999999993,-19.349999999999966,-12.639611111111112,-14.416142857142859,-13.173999999999998,451.4583333333334,4213.325,4106.988,3947.483,4100.9838,-3.2559999999994034,4210.069
1.33,-6.109,-7.641,-11.013,-11.097,-11.097,-14.515,-14.515,-14.535,-14.535,-14.45,-14.45,-14.438,-14.438,-14.277,-14.277,-7.842,-6.892,-6.115,114.0,106.6,98.4,93.85,115.75,100.0,90.25,85.95,88.95,94.85,126.85,168.45,324.85,393.25,459.35,492.05,498.55,492.35,-14.553,-14.816,171.2,149.8,-1.532,-7.400000000000006,-3.372,-8.199999999999989,-0.08399999999999963,-4.550000000000011,0.0,21.900000000000006,-3.418000000000001,-15.75,0.0,-9.75,-0.019999999999999574,-4.299999999999997,0.0,3.0,0.08500000000000085,5.8999999999999915,0.0,32.0,0.011999999999998678,41.599999999999994,0.0,156.40000000000003,0.16100000000000136,68.39999999999998,0.0,66.10000000000002,6.435,32.69999999999999,0.9499999999999993,6.5,0.7770000000000001,-6.199999999999989,-11.790888888888887,-14.491142857142858,-10.640166666666667,443.40000000000003,4210.069,4213.325,3951.461,4160.301,37.977999999999156,4248.047
1.33,-6.558,-7.236,-11.108,-11.221,-11.221,-14.544,-14.544,-14.55,-14.55,-14.442,-14.442,-14.426,-14.426,-14.257,-14.257,-6.879,-5.73,-4.64,113.2,106.55,98.1,93.25,113.9,99.4,94.25,85.94999999999999,89.55000000000001,95.1,129.3,156.25,301.0,433.1,469.65,480.9500000000001,488.9500000000001,488.1,-14.59,-14.82,172.3,149.6,-0.6779999999999999,-6.650000000000006,-3.8720000000000008,-8.450000000000003,-0.11299999999999955,-4.849999999999994,0.0,20.650000000000006,-3.3230000000000004,-14.5,0.0,-5.150000000000006,-0.006000000000000227,-8.300000000000011,0.0,3.6000000000000227,0.10800000000000054,5.549999999999983,0.0,34.20000000000002,0.016000000000000014,26.94999999999999,0.0,144.75,0.16900000000000048,132.10000000000002,0.0,36.549999999999955,7.378,11.300000000000125,1.1489999999999991,8.0,1.0900000000000007,-0.8500000000000796,-11.612833333333331,-14.499714285714287,-10.0315,443.625,4248.047,4210.069,4023.076,4177.8068,-137.442,4110.605
1.33,-6.645,-7.218,-11.17,-11.296,-11.296,-14.528,-14.528,-14.535,-14.535,-14.431,-14.431,-14.414,-14.414,-14.261,-14.261,-7.048,-5.87,-4.638,111.35,106.5,98.4,92.85,114.65,98.55,98.75,86.0,91.9,102.4,124.3,151.2,265.55,435.5,468.55,493.4500000000001,485.5,473.75,-14.573,-14.824,172.5,149.9,-0.5730000000000004,-4.849999999999994,-3.952,-8.099999999999994,-0.12599999999999945,-5.550000000000011,0.0,21.80000000000001,-3.232000000000001,-16.10000000000001,0.0,0.20000000000000284,-0.006999999999999673,-12.75,0.0,5.900000000000006,0.10400000000000098,10.5,0.0,21.89999999999999,0.01699999999999946,26.89999999999999,0.0,114.35000000000002,0.15300000000000047,169.95,0.0,33.05000000000001,7.212999999999999,24.90000000000009,1.178,-7.950000000000102,1.2320000000000002,-11.75,-11.639944444444444,-14.486,-10.081999999999999,437.05,4110.605,4248.047,4106.988,4119.213000000001,-296.5859999999998,3814.019
1.33,-7.423,-8.062,-11.209,-11.305,-11.305,-14.498,-14.498,-14.525,-14.525,-14.439,-14.439,-14.415,-14.415,-14.26,-14.26,-7.223,-6.265,-5.292,110.35,105.05,98.85,92.3,115.0,97.8,97.05,88.9,91.1,104.9,117.35,153.1,241.3,434.3,477.55,487.6,496.1,454.6,-14.568,-14.822,171.8,150.9,-0.6389999999999993,-5.299999999999997,-3.1470000000000002,-6.200000000000003,-0.09600000000000009,-6.549999999999997,0.0,22.700000000000003,-3.1929999999999996,-17.200000000000003,0.0,-0.75,-0.027000000000001023,-8.149999999999991,0.0,2.1999999999999886,0.0860000000000003,13.800000000000011,0.0,12.449999999999989,0.02400000000000091,35.75,0.0,88.20000000000002,0.15499999999999936,193.0,0.0,43.25,7.037,10.050000000000011,0.9580000000000002,8.5,0.9729999999999999,-41.5,-11.797666666666665,-14.477,-10.285833333333333,431.9083333333333,3814.019,4110.605,4213.325,3997.5406000000003,-209.05599999999959,3604.963
1.33,-7.424,-8.012,-10.776,-11.138,-11.138,-14.516,-14.516,-14.536,-14.536,-14.439,-14.439,-14.391,-14.391,-14.268,-14.268,-7.369,-6.356,-5.384,110.65,102.95,99.05,91.7,114.8,97.45,95.0,96.55,89.65,101.55,108.9,200.8,218.75,406.4,495.55,504.95,490.3,454.6,-14.568,-14.798,170.8,151.1,-0.5880000000000001,-7.700000000000003,-2.7639999999999993,-3.9000000000000057,-0.3620000000000001,-7.349999999999994,0.0,23.099999999999994,-3.378,-17.349999999999994,0.0,-2.450000000000003,-0.019999999999999574,1.5499999999999972,0.0,-6.8999999999999915,0.09699999999999953,11.899999999999991,0.0,7.3500000000000085,0.04800000000000004,91.9,0.0,17.94999999999999,0.12299999999999933,187.64999999999998,0.0,89.15000000000003,6.899000000000001,9.399999999999977,1.013,-14.649999999999977,0.9719999999999995,-35.69999999999999,-11.772055555555555,-14.481857142857143,-10.339333333333334,428.425,3604.963,3814.019,4210.069,3887.2254000000003,53.529999999999745,3658.493
1.33,-7.457,-8.096,-10.589,-10.919,-10.919,-14.505,-14.505,-14.535,-14.535,-14.468,-14.468,-14.422,-14.422,-14.326,-14.326,-13.44,-13.257,-11.131,111.55,100.95,97.8,92.0,115.45,97.25,93.55,97.55,88.1,97.65,102.5,228.25,216.2,362.0,503.6,523.6,514.95,459.35,-14.57,-14.803,169.8,151.7,-0.6390000000000002,-10.599999999999994,-2.4930000000000003,-3.1500000000000057,-0.33000000000000007,-5.799999999999997,0.0,23.450000000000003,-3.5860000000000003,-18.200000000000003,0.0,-3.700000000000003,-0.02999999999999936,4.0,0.0,-9.450000000000003,0.06700000000000017,9.550000000000011,0.0,4.849999999999994,0.045999999999999375,125.75,0.0,-12.050000000000011,0.09600000000000009,145.8,0.0,141.60000000000002,0.886000000000001,20.0,0.18299999999999983,-8.649999999999977,2.1259999999999994,-55.60000000000002,-12.795555555555556,-14.491142857142858,-13.483666666666666,429.95000000000005,3658.493,3604.963,4248.047,3812.428,215.567,3874.06
1.33,-7.404,-8.092,-10.679,-11.033,-11.033,-14.511,-14.511,-14.551,-14.551,-14.478,-14.478,-14.44,-14.44,-14.317,-14.317,-7.133,-6.108,-5.056,112.55,99.75,96.7,92.4,116.0,96.95,92.45,94.25,87.15,94.6,99.1,217.95,249.75,325.4,504.9500000000001,520.55,531.5,455.7,-14.583,-14.82,169.2,151.6,-0.6880000000000006,-12.799999999999997,-2.5869999999999997,-3.049999999999997,-0.3539999999999992,-4.299999999999997,0.0,23.599999999999994,-3.4779999999999998,-19.049999999999997,0.0,-4.5,-0.040000000000000924,1.7999999999999972,0.0,-7.099999999999994,0.0730000000000004,7.449999999999989,0.0,4.5,0.038000000000000256,118.85,0.0,31.80000000000001,0.12299999999999933,75.64999999999998,0.0,179.55000000000013,7.184,15.599999999999852,1.0250000000000004,10.950000000000045,1.0519999999999996,-75.80000000000001,-11.729555555555557,-14.502857142857142,-10.228499999999999,431.30833333333334,3874.06,3658.493,4110.605,3773.6548000000003,42.67900000000009,3916.739
1.33,-7.329,-8.047,-10.704,-11.073,-11.073,-14.542,-14.542,-14.562,-14.562,-14.447,-14.447,-14.441,-14.441,-14.306,-14.306,-7.498,-6.246,-5.358,112.05,99.6,95.5,92.05,115.95,96.65,91.65,92.05,86.65,92.65,96.2,206.05,321.29999999999995,309.15,486.55,521.8,530.3,469.35,-14.593,-14.846,168.6,152.3,-0.7180000000000009,-12.450000000000003,-2.657,-4.099999999999994,-0.3689999999999998,-3.450000000000003,0.0,23.900000000000006,-3.4689999999999994,-19.299999999999997,0.0,-5.0,-0.019999999999999574,0.3999999999999915,0.0,-5.3999999999999915,0.11500000000000021,6.0,0.0,3.549999999999997,0.005999999999998451,109.85000000000001,0.0,115.24999999999994,0.13500000000000156,-12.149999999999977,0.0,177.40000000000003,6.807999999999999,35.24999999999994,1.2519999999999998,8.5,0.8880000000000008,-60.94999999999993,-11.773555555555557,-14.506142857142859,-10.359166666666665,439.7416666666666,3916.739,3874.06,3814.019,3805.5558000000005,56.784999999999854,3973.524
1.33,-7.66,-8.299,-10.533,-10.97,-10.97,-14.524,-14.524,-14.557,-14.557,-14.426,-14.426,-14.421,-14.421,-14.261,-14.261,-8.906,-7.609,-5.852,110.25,99.9,94.1,91.7,114.45,97.3,90.85,90.4,86.30000000000001,91.2,94.0,191.9,340.7,326.25,459.15,499.5,518.05,476.55,-14.6,-14.818,168.4,153.7,-0.6389999999999993,-10.349999999999994,-2.234,-5.800000000000011,-0.43700000000000117,-2.3999999999999915,0.0,22.75,-3.5539999999999985,-17.150000000000006,0.0,-6.450000000000003,-0.03300000000000125,-0.44999999999998863,0.0,-4.099999999999994,0.13100000000000023,4.8999999999999915,0.0,2.799999999999997,0.005000000000000782,97.9,0.0,148.79999999999998,0.16000000000000014,-14.449999999999989,0.0,132.89999999999998,5.354999999999999,40.35000000000002,1.2970000000000006,18.549999999999955,1.7569999999999997,-41.49999999999994,-11.954277777777778,-14.490714285714287,-10.885,436.7,3973.524,3916.739,3604.963,3870.9492,-41.59400000000005,3931.93
1.33,-7.784,-8.503,-10.542,-10.904,-10.904,-14.509,-14.509,-14.525,-14.525,-14.473,-14.473,-14.459,-14.459,-14.295,-14.295,-13.319,-11.965,-8.866,108.95,100.6,93.1,90.95,113.1,98.8,90.1,89.35,85.9,90.0,92.7,177.05,339.45,391.4,436.85,475.05,498.7,483.75,-14.559,-14.818,169.0,156.6,-0.7190000000000003,-8.350000000000009,-2.0389999999999997,-7.5,-0.3620000000000001,-2.1499999999999915,0.0,22.14999999999999,-3.6050000000000004,-14.299999999999997,0.0,-8.700000000000003,-0.016000000000000014,-0.75,0.0,-3.4499999999999886,0.0519999999999996,4.099999999999994,0.0,2.700000000000003,0.014000000000001123,84.35000000000001,0.0,162.39999999999998,0.1639999999999997,51.94999999999999,0.0,45.450000000000045,0.9759999999999991,38.19999999999999,1.354000000000001,23.649999999999977,3.099,-14.949999999999989,-12.628277777777775,-14.496142857142857,-12.8665,437.5333333333333,3931.93,3973.524,3658.493,3937.0660000000003,57.14700000000039,3989.077
1.33,-8.039,-8.753,-10.561,-10.96,-10.96,-14.537,-14.537,-14.551,-14.551,-14.476,-14.476,-14.459,-14.459,-14.293,-14.293,-13.645,-13.45,-11.213,108.6,100.8,92.9,90.65,112.8,99.85,89.75,88.65,85.5,88.85,90.3,169.7,328.25,440.15,430.15,463.55,481.6,483.3,-14.609,-14.819,169.4,157.8,-0.7140000000000004,-7.799999999999997,-1.8079999999999998,-7.8999999999999915,-0.3990000000000009,-2.25,0.0,22.14999999999999,-3.577,-12.950000000000003,0.0,-10.099999999999994,-0.013999999999999346,-1.0999999999999943,0.0,-3.1500000000000057,0.07499999999999929,3.3499999999999943,0.0,1.4500000000000028,0.017000000000001236,79.39999999999999,0.0,158.55,0.16600000000000037,111.89999999999998,0.0,-10.0,0.6479999999999997,33.400000000000034,0.19500000000000028,18.05000000000001,2.237,1.6999999999999886,-12.900722222222223,-14.512428571428572,-13.558833333333332,437.8333333333333,3989.077,3931.93,3874.06,3950.3761999999997,-48.46600000000035,3940.611
1.33,-8.243,-8.773,-10.416,-10.895,-10.895,-14.541,-14.541,-14.566,-14.566,-14.472,-14.472,-14.463,-14.463,-14.288,-14.288,-13.638,-13.432,-11.211,109.5,99.7,93.05,89.7,112.5,98.8,89.4,88.1,85.2,88.45,89.1,158.5,308.5,445.15,442.95,465.0,474.8,466.25,-14.6,-14.82,169.5,158.7,-0.5299999999999994,-9.799999999999997,-1.6430000000000007,-6.650000000000006,-0.4789999999999992,-3.3499999999999943,0.0,22.799999999999997,-3.646000000000001,-13.700000000000003,0.0,-9.399999999999991,-0.025000000000000355,-1.3000000000000114,0.0,-2.8999999999999915,0.0940000000000012,3.25,0.0,0.6499999999999915,0.009000000000000341,69.4,0.0,150.0,0.17499999999999893,136.64999999999998,0.0,-2.1999999999999886,0.6500000000000004,22.05000000000001,0.20599999999999952,9.800000000000011,2.221,-8.550000000000011,-12.897944444444445,-14.517285714285714,-13.553333333333333,433.77500000000003,3940.611,3989.077,3916.739,3967.1585999999998,60.039999999999964,4000.651
1.33,-8.384,-8.853,-10.759,-11.075,-11.075,-14.516,-14.516,-14.553,-14.553,-14.468,-14.468,-14.369,-14.369,-14.134,-14.134,-13.606,-13.427,-11.202,110.6,98.55,93.7,88.9,113.85,97.55,88.75,87.75,85.65,90.75,88.25,200.85,304.9,450.65,473.9,484.6,481.05,455.65,-14.593,-14.829,169.4,159.7,-0.4689999999999994,-12.049999999999997,-1.9060000000000006,-4.849999999999994,-0.31599999999999895,-4.799999999999997,0.0,24.94999999999999,-3.4410000000000007,-16.299999999999997,0.0,-8.799999999999997,-0.03700000000000081,-1.0,0.0,-2.0999999999999943,0.08500000000000085,5.099999999999994,0.0,-2.5,0.0990000000000002,112.6,0.0,104.04999999999998,0.23499999999999943,145.75,0.0,23.25,0.5280000000000005,10.700000000000045,0.17900000000000027,-3.5500000000000114,2.2249999999999996,-25.400000000000034,-12.914499999999999,-14.491857142857144,-13.478666666666667,441.7916666666667,4000.651,3940.611,3973.524,3973.2349999999997,3.255000000000109,4003.906
1.33,-8.218,-8.804,-10.815,-11.107,-11.107,-14.534,-14.534,-14.564,-14.564,-13.931,-13.931,-13.891,-13.891,-13.799,-13.799,-13.606,-13.396,-11.184,111.7,97.7,94.3,88.69999999999999,113.5,96.4,88.25,87.65,85.6,93.7,88.1,255.6,288.85,442.65,492.05,511.5,506.15,448.55,-14.437,-14.51,169.7,160.0,-0.5860000000000003,-14.0,-2.0109999999999992,-3.4000000000000057,-0.2919999999999998,-5.6000000000000085,0.0,24.80000000000001,-3.4270000000000014,-17.099999999999994,0.0,-8.150000000000006,-0.02999999999999936,-0.5999999999999943,0.0,-2.0500000000000114,0.6330000000000009,8.100000000000009,0.0,-5.6000000000000085,0.03999999999999915,167.5,0.0,33.25000000000003,0.09200000000000053,153.79999999999995,0.0,49.400000000000034,0.19299999999999962,19.44999999999999,0.20999999999999908,-5.350000000000023,2.2120000000000015,-57.599999999999966,-12.759722222222221,-14.278428571428574,-13.279166666666667,448.2916666666667,4003.906,4000.651,3931.93,3979.3114,-41.59400000000005,3962.312
1.33,-8.205,-8.733,-10.871,-11.183,-11.183,-13.988,-13.988,-14.026,-14.026,-13.946,-13.946,-13.885,-13.885,-13.796,-13.796,-9.193,-7.869,-6.68,113.2,97.5,93.9,89.1,113.85,95.1,88.3,87.1,85.35,92.75,88.4,271.25,304.0,436.7,503.05,520.95,526.4000000000001,448.15,-14.071,-14.27,170.5,159.6,-0.5280000000000005,-15.700000000000003,-2.138,-3.5999999999999943,-0.3119999999999994,-4.800000000000011,0.0,24.75,-2.8049999999999997,-18.75,0.0,-6.799999999999997,-0.038000000000000256,-1.2000000000000028,0.0,-1.75,0.08000000000000007,7.400000000000006,0.0,-4.349999999999994,0.06099999999999994,182.85,0.0,32.75,0.08900000000000041,132.7,0.0,66.35000000000002,4.603,17.900000000000034,1.3239999999999998,5.4500000000000455,1.189,-78.25000000000011,-11.844388888888888,-13.972142857142856,-10.869833333333332,456.54166666666674,3962.312,4003.906,3989.077,3957.9716,-79.93399999999974,3882.378
1.33,-7.993,-8.519,-10.842,-11.174,-11.174,-13.994,-13.994,-14.04,-14.04,-13.93,-13.93,-13.874,-13.874,-13.796,-13.796,-8.058,-7.195,-6.156,114.2,97.75,92.85,89.7,114.65,94.85,88.3,86.35,85.4,91.9,88.65,267.25,359.25,431.65,509.7000000000001,532.05,526.8,463.3,-14.068,-14.263,171.8,159.0,-0.5259999999999998,-16.450000000000003,-2.3230000000000004,-4.900000000000006,-0.33199999999999896,-3.1499999999999915,0.0,24.950000000000003,-2.8200000000000003,-19.80000000000001,0.0,-6.549999999999997,-0.045999999999999375,-1.9500000000000028,0.0,-0.9499999999999886,0.10999999999999943,6.5,0.0,-3.25,0.05599999999999916,178.6,0.0,92.0,0.07800000000000118,72.39999999999998,0.0,78.05000000000013,5.7379999999999995,22.349999999999852,0.8629999999999995,-5.25,1.0390000000000006,-63.49999999999994,-11.68772222222222,-13.971714285714285,-10.479166666666666,470.4583333333333,3882.378,3962.312,3940.611,3919.56,-133.82500000000027,3748.553
1.33,-7.336,-8.297,-10.889,-11.192,-11.192,-14.017,-14.017,-14.006,-14.006,-13.374,-13.374,-13.324,-13.324,-13.226,-13.226,-7.745,-6.906,-6.147,113.85,98.5,91.95,90.4,115.9,95.65,88.1,85.95,85.4,91.0,89.75,275.55,397.35,422.7000000000001,507.15,531.3,544.8,475.6,-14.055,-14.194,173.4,158.8,-0.9610000000000003,-15.349999999999994,-2.5919999999999987,-6.549999999999997,-0.3030000000000008,-1.5499999999999972,0.0,25.5,-2.8249999999999993,-20.25,0.0,-7.550000000000011,0.010999999999999233,-2.1499999999999915,0.0,-0.5499999999999972,0.6319999999999997,5.599999999999994,0.0,-1.25,0.05000000000000071,185.8,0.0,121.80000000000001,0.09799999999999898,25.35000000000008,0.0,84.44999999999987,5.481000000000001,24.149999999999977,0.8390000000000004,13.5,0.7589999999999995,-69.19999999999993,-11.422111111111112,-13.731142857142856,-10.095666666666666,479.81666666666666,3748.553,3882.378,4000.651,3853.2983999999997,-79.21000000000004,3669.343
1.33,-7.057,-8.037,-10.899,-11.163,-11.163,-13.445,-13.445,-13.473,-13.473,-13.365,-13.365,-13.361,-13.361,-13.222,-13.222,-7.463,-6.815,-5.972,113.4,99.65,91.8,90.35,117.8,97.15,87.7,85.75,85.8,90.25,92.05,276.95,398.5,451.7,500.0,520.45,536.0,478.5,-13.515,-13.694,173.8,158.7,-0.9800000000000004,-13.75,-2.8619999999999983,-7.8500000000000085,-0.2640000000000011,-1.4500000000000028,0.0,27.450000000000003,-2.282,-20.64999999999999,0.0,-9.450000000000003,-0.02800000000000047,-1.9500000000000028,0.0,0.04999999999999716,0.10800000000000054,4.450000000000003,0.0,1.7999999999999972,0.0039999999999995595,184.89999999999998,0.0,121.55000000000001,0.13900000000000112,53.19999999999999,0.0,48.30000000000001,5.7589999999999995,20.450000000000045,0.6479999999999997,15.549999999999955,0.843,-57.5,-11.238944444444444,-13.418142857142856,-10.009166666666667,480.85833333333335,3669.343,3748.553,4003.906,3776.0415999999996,-51.721000000000004,3617.622
1.33,-11.048,-11.294,-10.797,-11.13,-11.13,-13.428,-13.428,-13.489,-13.489,-13.397,-13.397,-13.368,-13.368,-13.255,-13.255,-7.396,-6.79,-6.044,112.7,100.65,92.1,89.75,118.7,99.65,87.3,85.65,85.94999999999999,91.45,94.45,263.1,390.85,481.1,489.25,516.65,524.95,492.25,-13.515,-13.674,174.3,157.6,-0.24600000000000044,-12.049999999999997,0.4969999999999999,-8.550000000000011,-0.3330000000000002,-2.3499999999999943,0.0,28.950000000000003,-2.298,-19.049999999999997,0.0,-12.350000000000009,-0.06099999999999994,-1.6499999999999915,0.0,0.29999999999998295,0.09200000000000053,5.500000000000014,0.0,3.0,0.028999999999999915,168.65000000000003,0.0,127.75,0.11299999999999955,90.25,0.0,8.149999999999977,5.859000000000001,27.399999999999977,0.6059999999999999,8.300000000000068,0.7460000000000004,-32.700000000000045,-11.639055555555554,-13.428,-10.017999999999999,482.5083333333334,3617.622,3669.343,3962.312,3708.9842000000003,9.403000000000247,3627.025
1.33,-10.996,-11.163,-10.883,-11.176,-11.176,-13.48,-13.48,-13.493,-13.493,-13.439,-13.439,-13.405,-13.405,-13.17,-13.17,-7.2,-6.4,-5.403,112.6,100.8,92.7,88.85,118.1,101.05,86.8,85.55,85.3,92.1,93.8,242.9,399.7,495.0,491.3,510.75,522.15,498.2,-13.646,-13.668,173.6,155.7,-0.16699999999999982,-11.799999999999997,0.28000000000000114,-8.099999999999994,-0.29300000000000104,-3.8500000000000085,0.0,29.25,-2.3040000000000003,-17.049999999999997,0.0,-14.25,-0.0129999999999999,-1.25,0.0,-0.25,0.05400000000000027,6.799999999999997,0.0,1.7000000000000028,0.034000000000000696,149.10000000000002,0.0,156.79999999999998,0.23499999999999943,95.30000000000001,0.0,-3.6999999999999886,5.97,19.44999999999999,0.7999999999999998,11.399999999999977,0.9970000000000008,-23.94999999999999,-11.576166666666664,-13.461285714285717,-9.791333333333332,486.18333333333334,3627.025,3617.622,3882.378,3638.9612,-94.76200000000017,3532.263
1.33,-11.087,-11.218,-10.703,-10.97,-10.97,-13.506,-13.506,-13.527,-13.527,-13.446,-13.446,-13.41,-13.41,-13.158,-13.158,-7.036,-6.142,-5.43,112.9,100.4,93.45,88.55000000000001,116.8,101.75,86.4,85.19999999999999,84.65,91.35,91.45,231.9,399.15,486.0,505.0,510.25,514.85,498.5,-13.664,-13.702,171.0,154.5,-0.13100000000000023,-12.5,0.5150000000000006,-6.950000000000003,-0.26700000000000124,-4.8999999999999915,0.0,28.249999999999986,-2.5359999999999996,-15.049999999999997,0.0,-15.349999999999994,-0.02099999999999902,-1.200000000000017,0.0,-0.549999999999983,0.08099999999999952,6.699999999999989,0.0,0.10000000000000853,0.03599999999999959,140.45,0.0,167.24999999999997,0.25200000000000067,86.85000000000002,0.0,19.0,6.122,5.25,0.8939999999999992,4.600000000000023,0.7120000000000006,-16.350000000000023,-11.53611111111111,-13.481142857142856,-9.722333333333333,485.625,3532.263,3627.025,3748.553,3613.1366000000003,87.16699999999992,3619.43
1.33,-11.257,-11.326,-10.592,-10.848,-10.848,-13.508,-13.508,-13.53,-13.53,-13.483,-13.483,-13.451,-13.451,-13.275,-13.275,-7.06,-6.085,-5.228,112.6,99.85,94.1,88.75,116.35,101.35,86.4,84.95,84.6,91.55,90.3,218.1,384.0,462.65,509.75,513.6500000000001,514.7,501.85,-13.675,-13.721,169.1,157.7,-0.06900000000000084,-12.75,0.734,-5.75,-0.2560000000000002,-5.349999999999994,0.0,27.599999999999994,-2.6599999999999984,-15.0,0.0,-14.949999999999989,-0.02200000000000024,-1.4500000000000028,0.0,-0.3500000000000085,0.04699999999999882,6.950000000000003,0.0,-1.25,0.03200000000000003,127.8,0.0,165.9,0.17600000000000016,78.64999999999998,0.0,47.10000000000002,6.215000000000001,3.900000000000091,0.9749999999999996,1.0499999999999545,0.8570000000000002,-12.850000000000023,-11.541,-13.498999999999999,-9.729000000000001,481.09999999999997,3619.43,3532.263,3669.343,3646.6289999999995,217.375,3836.805
1.33,-11.304,-11.405,-10.562,-10.816,-10.816,-13.549,-13.549,-13.571,-13.571,-13.468,-13.468,-13.345,-13.345,-13.168,-13.168,-7.247,-6.3,-5.238,112.1,99.45,94.5,89.25,115.9,99.65,87.0,84.5,84.7,92.3,111.6,231.4,380.4500000000001,460.3,510.45,521.75,512.8,510.35,-13.713,-13.743,168.2,160.2,-0.10099999999999909,-12.649999999999991,0.843,-4.950000000000003,-0.25400000000000134,-5.25,0.0,26.650000000000006,-2.7329999999999988,-16.25,0.0,-12.650000000000006,-0.02200000000000024,-2.5,0.0,0.20000000000000284,0.10299999999999976,7.599999999999994,0.0,19.299999999999997,0.12299999999999933,119.80000000000001,0.0,149.0500000000001,0.17700000000000138,79.84999999999991,0.0,50.14999999999998,5.920999999999999,11.300000000000011,0.9470000000000001,-8.950000000000045,1.0619999999999994,-2.449999999999932,-11.549444444444447,-13.503,-9.744333333333332,482.68333333333334,3836.805,3619.43,3617.622,3727.7198,186.27100000000019,4023.076
1.33,-11.372,-11.513,-10.926,-10.992,-10.992,-13.556,-13.556,-13.589,-13.589,-13.37,-13.37,-13.326,-13.326,-13.184,-13.184,-7.549,-6.646,-5.526,110.35,99.4,94.15,89.75,114.75,99.1,87.65,84.3,84.85,92.8,139.55,246.95,347.9,456.5,498.8,525.05,518.8,517.4,-13.635,-13.628,167.8,158.6,-0.14100000000000001,-10.949999999999989,0.5869999999999997,-5.25,-0.06600000000000072,-4.400000000000006,0.0,25.0,-2.5639999999999983,-15.650000000000006,0.0,-11.449999999999989,-0.03300000000000125,-3.3500000000000085,0.0,0.5499999999999972,0.2190000000000012,7.950000000000003,0.0,46.750000000000014,0.04399999999999871,107.39999999999998,0.0,100.94999999999999,0.14200000000000124,108.60000000000002,0.0,42.30000000000001,5.634999999999999,26.249999999999943,0.9030000000000005,-6.25,1.12,-1.3999999999999773,-11.642555555555553,-13.47942857142857,-9.902499999999998,477.40833333333336,4023.076,3836.805,3627.025,3803.8918,-15.190999999999804,4007.885
1.33,-11.263,-11.441,-10.758,-10.797,-10.797,-13.438,-13.438,-13.487,-13.487,-13.411,-13.411,-13.394,-13.394,-13.24,-13.24,-7.405,-6.449,-5.654,108.55,99.2,93.85,90.3,115.25,99.4,88.15,84.3,85.15,91.85,138.15,273.2,354.1,468.15,462.2,522.25,525.0,522.4,-13.623,-13.653,169.0,156.8,-0.17800000000000082,-9.349999999999994,0.6830000000000016,-5.3500000000000085,-0.03900000000000148,-3.549999999999997,0.0,24.950000000000003,-2.641,-15.849999999999994,0.0,-11.25,-0.04899999999999949,-3.8500000000000085,0.0,0.8500000000000085,0.07600000000000051,6.699999999999989,0.0,46.30000000000001,0.01699999999999946,135.04999999999998,0.0,80.90000000000003,0.15399999999999991,114.04999999999995,0.0,-5.949999999999989,5.835,60.05000000000001,0.9560000000000004,2.75,0.7949999999999999,-2.6000000000000227,-11.583555555555556,-13.438,-9.897,475.68333333333334,4007.885,4023.076,3532.263,3889.7568,-46.297000000000025,3961.588
1.33,-11.202,-11.413,-10.628,-10.68,-10.68,-13.469,-13.469,-13.515,-13.515,-13.449,-13.449,-13.411,-13.411,-13.23,-13.23,-10.166,-7.425,-6.243,108.8,98.95,93.25,90.75,117.2,99.7,88.30000000000001,84.65,85.55,91.55,126.9,262.85,373.9,464.4,482.35,475.4,523.95,527.45,-13.684,-13.713,170.4,155.2,-0.2110000000000003,-9.849999999999994,0.7850000000000001,-5.700000000000003,-0.0519999999999996,-2.5,0.0,26.450000000000003,-2.7889999999999997,-17.5,0.0,-11.399999999999991,-0.04600000000000115,-3.6500000000000057,0.0,0.8999999999999915,0.06600000000000072,6.0,0.0,35.35000000000001,0.038000000000000256,135.95000000000002,0.0,111.04999999999995,0.18099999999999916,90.5,0.0,17.950000000000045,3.064,-6.9500000000000455,2.7410000000000005,48.55000000000007,1.1819999999999995,3.5,-11.810277777777777,-13.468142857142857,-10.617499999999998,474.575,3961.588,4007.885,3619.43,3975.1156,84.63599999999997,4046.224
1.33,-10.963,-11.32,-10.457,-10.533,-10.533,-13.519,-13.519,-13.556,-13.556,-13.449,-13.449,-13.418,-13.418,-13.188,-13.188,-7.681,-6.35,-5.065,109.7,98.15,93.35,90.6,123.85,99.75,87.9,84.9,85.65,91.85,119.9,237.05,404.35,458.85,496.2,509.25,472.9500000000001,515.75,-13.68,-13.713,170.5,154.5,-0.3570000000000011,-11.549999999999997,0.8629999999999995,-4.800000000000011,-0.07599999999999874,-2.75,0.0,33.25,-2.9860000000000007,-24.099999999999994,0.0,-11.849999999999994,-0.036999999999999034,-3.0,0.0,0.75,0.10699999999999932,6.199999999999989,0.0,28.05000000000001,0.031000000000000583,117.15,0.0,167.3,0.22999999999999865,54.5,0.0,37.349999999999966,5.507000000000001,13.050000000000011,1.3310000000000004,-36.2999999999999,1.2849999999999993,42.7999999999999,-11.509,-13.495142857142858,-9.815,476.2250000000001,4046.224,3961.588,3836.805,3984.0856,-164.56899999999996,3881.655
1.33,-10.679,-11.14,-10.485,-10.537,-10.537,-13.523,-13.523,-13.54,-13.54,-13.373,-13.373,-13.343,-13.343,-13.161,-13.161,-7.329,-6.341,-5.163,110.2,97.1,93.45,90.45,130.4,100.35,87.15,85.30000000000001,85.44999999999999,90.95,112.95,208.5,381.3,474.25,494.15,505.1,481.75,473.1,-13.668,-13.68,169.5,151.6,-0.4610000000000003,-13.100000000000009,0.6550000000000011,-3.6499999999999915,-0.05200000000000138,-3.0,0.0,39.95,-2.985999999999999,-30.05000000000001,0.0,-13.199999999999989,-0.01699999999999946,-1.8499999999999943,0.0,0.14999999999997726,0.16699999999999982,5.500000000000014,0.0,22.0,0.02999999999999936,95.55,0.0,172.8,0.18200000000000038,92.94999999999999,0.0,19.899999999999977,5.832,10.950000000000045,0.9879999999999995,-23.350000000000023,1.178,-8.649999999999977,-11.4495,-13.459285714285715,-9.749666666666668,468.2749999999999,3881.655,4046.224,4023.076,3929.9767999999995,-129.12300000000005,3752.532
1.33,-10.634,-11.038,-10.872,-10.939,-10.939,-13.429,-13.429,-13.451,-13.451,-13.376,-13.376,-13.329,-13.329,-13.176,-13.176,-7.284,-6.569,-5.774,111.8,96.65,93.4,89.9,137.3,100.5,86.75,85.5,85.2,89.7,109.75,187.95,351.75,488.1,488.2000000000001,507.1,491.05,447.4500000000001,-13.609,-13.624,168.0,147.8,-0.4039999999999999,-15.149999999999991,0.16600000000000037,-3.25,-0.06700000000000017,-3.5,0.0,47.400000000000006,-2.49,-36.80000000000001,0.0,-13.75,-0.02200000000000024,-1.25,0.0,-0.29999999999999716,0.07500000000000107,4.5,0.0,20.049999999999997,0.04699999999999882,78.19999999999999,0.0,163.8,0.15300000000000047,136.35000000000002,0.0,0.10000000000007958,5.892,18.89999999999992,0.7149999999999999,-16.05000000000001,0.7949999999999999,-43.59999999999991,-11.531722222222221,-13.405857142857144,-9.884666666666668,462.2750000000001,3752.532,3881.655,4007.885,3904.9478000000004,130.20799999999963,3882.74
1.33,-10.747,-10.971,-10.744,-10.814,-10.814,-13.433,-13.433,-13.467,-13.467,-13.482,-13.482,-13.457,-13.457,-13.297,-13.297,-13.179,-12.965,-11.154,113.3,96.95,93.05,90.0,142.45,100.05,86.85,85.0,84.95,89.2,106.1,171.9,313.4,487.7,490.4,513.6,515.15,466.0,-13.604,-13.631,166.0,145.4,-0.2240000000000002,-16.349999999999994,0.2270000000000003,-3.9000000000000057,-0.07000000000000028,-3.049999999999997,0.0,52.44999999999999,-2.6189999999999998,-42.39999999999999,0.0,-13.200000000000003,-0.034000000000000696,-1.8499999999999943,0.0,-0.04999999999999716,-0.014999999999998792,4.25,0.0,16.89999999999999,0.02499999999999858,65.80000000000001,0.0,141.49999999999997,0.16000000000000014,174.3,0.0,2.6999999999999886,0.11800000000000033,23.200000000000045,0.2140000000000004,1.5499999999999545,1.811,-49.14999999999998,-12.536666666666665,-13.460142857142857,-12.8915,464.375,3882.74,3752.532,3961.588,3921.875,163.48400000000038,4046.224
1.33,-10.891,-11.014,-10.949,-10.981,-10.981,-13.536,-13.536,-13.557,-13.557,-13.49,-13.49,-13.477,-13.477,-13.317,-13.317,-13.106,-12.859,-10.94,113.85,97.65,92.0,90.1,143.95,99.85,87.30000000000001,84.30000000000001,85.2,89.85,101.8,159.7,286.85,448.3,506.05,529.35,525.85,477.6,-13.693,-13.696,163.5,143.9,-0.12299999999999933,-16.19999999999999,0.0649999999999995,-5.650000000000006,-0.03200000000000003,-1.9000000000000057,0.0,53.849999999999994,-2.5549999999999997,-44.099999999999994,0.0,-12.549999999999983,-0.021000000000000796,-3.0,0.0,0.8999999999999915,0.06700000000000017,4.6499999999999915,0.0,11.950000000000003,0.0129999999999999,57.89999999999999,0.0,127.15000000000003,0.16000000000000014,161.45,0.0,57.75,0.2110000000000003,23.30000000000001,0.2469999999999999,-3.5,1.9190000000000005,-48.25,-12.581944444444446,-13.520428571428571,-12.836,462.3333333333333,4046.224,3882.74,4046.224,3928.096,31.105000000000018,4077.329
1.33,-11.051,-11.152,-10.957,-11.03,-11.03,-13.555,-13.555,-13.579,-13.579,-13.676,-13.676,-13.83,-13.83,-13.675,-13.675,-9.778,-7.652,-6.003,113.45,98.8,91.45,90.1,144.45,100.65,87.6,83.94999999999999,85.2,90.25,100.95,152.85,265.35,409.05,513.1,533.95,527.25,486.5,-13.71,-13.73,160.2,144.3,-0.10099999999999909,-14.650000000000006,0.1949999999999985,-7.349999999999994,-0.07299999999999862,-1.3500000000000085,0.0,54.349999999999994,-2.5250000000000004,-43.79999999999998,0.0,-13.050000000000011,-0.02400000000000091,-3.6500000000000057,0.0,1.2500000000000142,-0.09699999999999953,5.049999999999997,0.0,10.700000000000003,-0.15399999999999991,51.89999999999999,0.0,112.50000000000003,0.15499999999999936,143.7,0.0,104.05000000000001,3.8970000000000002,20.850000000000023,2.1260000000000003,-6.7000000000000455,1.649,-40.75,-11.960166666666671,-13.635714285714286,-10.768833333333333,455.8666666666666,4077.329,4046.224,3881.655,3945.7466,-107.42100000000028,3969.908
1.33,-11.305,-11.432,-10.928,-11.0,-11.0,-13.568,-13.568,-13.657,-13.657,-13.837,-13.837,-13.816,-13.816,-13.695,-13.695,-6.719,-5.77,-5.071,111.6,100.1,91.55,89.75,145.5,101.1,88.25,84.15,85.0,90.35,101.7,157.8,239.5,391.9,506.9,531.55,529.2,511.95,-14.005,-14.076,157.6,146.6,-0.12700000000000067,-11.5,0.5039999999999996,-8.549999999999997,-0.07199999999999918,-1.7999999999999972,0.0,55.75,-2.5679999999999996,-44.400000000000006,0.0,-12.849999999999994,-0.08900000000000041,-4.099999999999994,0.0,0.8499999999999943,-0.17999999999999972,5.349999999999994,0.0,11.350000000000009,0.02099999999999902,56.10000000000001,0.0,81.69999999999999,0.12100000000000044,152.39999999999998,0.0,115.0,6.976,24.649999999999977,0.9490000000000007,-2.349999999999909,0.6989999999999998,-17.250000000000057,-11.687277777777776,-13.705714285714288,-9.794333333333334,451.8333333333333,3969.908,4077.329,3752.532,3979.5284,-48.4670000000001,3921.441
1.33,-11.326,-11.485,-10.901,-11.021,-11.021,-13.921,-13.921,-13.931,-13.931,-13.797,-13.797,-13.791,-13.791,-13.679,-13.679,-6.5,-5.665,-4.739,109.55,100.65,91.85,88.85,144.15,101.05,88.75,84.4,84.75,89.65,102.25,166.25,231.75,382.75,499.4,520.2,518.8,529.45,-14.047,-14.071,155.8,149.8,-0.15899999999999892,-8.899999999999991,0.5839999999999996,-8.800000000000011,-0.120000000000001,-3.0,0.0,55.30000000000001,-2.8999999999999986,-43.10000000000001,0.0,-12.299999999999997,-0.009999999999999787,-4.349999999999994,0.0,0.3499999999999943,0.13399999999999856,4.900000000000006,0.0,12.599999999999994,0.006000000000000227,64.0,0.0,65.5,0.1120000000000001,151.0,0.0,116.64999999999998,7.179,20.800000000000068,0.835,-1.400000000000091,0.9260000000000002,10.650000000000091,-11.716444444444443,-13.86985714285714,-9.6755,447.0583333333334,3921.441,3969.908,3882.74,4004.4127999999996,85.721,4007.162
1.33,-11.25,-11.532,-10.582,-10.671,-10.671,-13.843,-13.843,-13.879,-13.879,-14.023,-14.023,-13.987,-13.987,-13.877,-13.877,-6.321,-5.722,-4.897,108.25,100.5,92.4,88.2,143.89999999999998,100.35,88.69999999999999,84.65,84.2,88.75,100.65,191.65,228.4,358.54999999999995,490.0,508.9,512.85,531.15,-14.034,-14.056,155.0,152.4,-0.28200000000000003,-7.75,0.9499999999999993,-8.099999999999994,-0.08899999999999864,-4.200000000000003,0.0,55.699999999999974,-3.1720000000000006,-43.54999999999998,0.0,-11.650000000000006,-0.03599999999999959,-4.049999999999983,0.0,-0.45000000000000284,-0.14400000000000013,4.549999999999997,0.0,11.900000000000006,0.03599999999999959,91.0,0.0,36.75,0.10999999999999943,130.14999999999995,0.0,131.45000000000005,7.556000000000001,18.899999999999977,0.5989999999999993,3.9500000000000455,0.8250000000000002,18.299999999999955,-11.714666666666668,-13.925285714285712,-9.780166666666666,438.30833333333334,4007.162,3921.441,4046.224,4003.6169999999997,35.083000000000084,4042.245
1.33,-11.257,-11.501,-10.514,-10.6,-10.6,-14.091,-14.091,-14.119,-14.119,-14.018,-14.018,-13.987,-13.987,-13.884,-13.884,-6.25,-5.337,-4.593,108.8,99.55,93.35,88.2,142.6,98.85,88.65,85.1,84.0,87.95,97.4,198.4,258.1,343.55,482.3,497.5,506.8,516.3,-14.245,-14.271,155.9,154.0,-0.24399999999999977,-9.25,0.9870000000000001,-6.200000000000003,-0.0860000000000003,-5.1499999999999915,0.0,54.39999999999999,-3.4909999999999997,-43.75,0.0,-10.199999999999989,-0.02800000000000047,-3.5500000000000114,0.0,-1.0999999999999943,0.10099999999999909,3.950000000000003,0.0,9.450000000000003,0.031000000000000583,101.0,0.0,59.70000000000002,0.10299999999999976,85.44999999999999,0.0,138.75,7.634,15.199999999999989,0.9130000000000003,9.300000000000011,0.7439999999999998,9.499999999999943,-11.713888888888889,-14.063285714285714,-9.655833333333334,434.0916666666667,4042.245,4007.162,4077.329,4029.5864,164.9310000000005,4207.176
1.33,-11.254,-11.476,-10.499,-10.553,-10.553,-14.08,-14.08,-14.114,-14.114,-14.006,-14.006,-13.987,-13.987,-13.844,-13.844,-6.466,-5.34,-4.374,110.9,98.35,93.8,88.45,141.85000000000002,97.9,88.35,85.55,84.15,87.55000000000001,97.0,194.55,284.65,326.75,475.2,505.3,504.2000000000001,505.1,-14.251,-14.278,157.2,154.9,-0.2220000000000013,-12.550000000000011,0.9770000000000003,-4.549999999999997,-0.05400000000000027,-5.349999999999994,0.0,53.40000000000002,-3.5269999999999992,-43.95000000000002,0.0,-9.550000000000011,-0.034000000000000696,-2.799999999999997,0.0,-1.3999999999999915,0.10800000000000054,3.4000000000000057,0.0,9.449999999999989,0.019000000000000128,97.55000000000001,0.0,90.09999999999997,0.14300000000000068,42.10000000000002,0.0,148.45,7.377999999999999,30.100000000000023,1.1260000000000003,-1.099999999999909,0.9660000000000002,0.8999999999999204,-11.698722222222223,-14.055285714285715,-9.6425,433.5333333333333,4207.176,4042.245,3969.908,4084.4908000000005,37.253999999999905,4244.43
1.33,-11.212,-11.446,-10.522,-10.583,-10.583,-14.095,-14.095,-14.1,-14.1,-14.017,-14.017,-13.984,-13.984,-13.818,-13.818,-6.79,-5.573,-4.529,112.85,97.3,94.05,88.6,139.39999999999998,97.9,88.4,85.45,84.25,87.5,150.2,177.4,319.3,349.4,458.2,501.25,515.7,491.95,-14.235,-14.27,158.4,155.2,-0.23399999999999999,-15.549999999999997,0.9239999999999995,-3.25,-0.06099999999999994,-5.450000000000003,0.0,50.79999999999998,-3.5120000000000005,-41.49999999999997,0.0,-9.5,-0.004999999999999005,-2.950000000000003,0.0,-1.2000000000000028,0.08300000000000018,3.25,0.0,62.69999999999999,0.032999999999999474,27.200000000000017,0.0,141.9,0.16600000000000037,30.099999999999966,0.0,108.80000000000001,7.028,43.05000000000001,1.2169999999999996,14.450000000000045,1.0440000000000005,-23.750000000000057,-11.737000000000002,-14.058285714285713,-9.752,439.3,4244.43,4207.176,3921.441,4151.2588,10.850999999999658,4255.281
1.33,-11.3,-11.578,-10.727,-10.816,-10.816,-14.07,-14.07,-14.09,-14.09,-14.506,-14.506,-14.453,-14.453,-14.287,-14.287,-7.002,-5.782,-4.624,113.85,97.15,93.55,89.30000000000001,137.05,98.5,88.55,85.25,84.3,86.85,171.75,164.95,308.65,385.1,445.2,488.6,508.25,483.85,-14.236,-14.27,159.8,154.9,-0.2779999999999987,-16.69999999999999,0.8509999999999991,-3.6000000000000085,-0.08900000000000041,-4.249999999999986,0.0,47.75,-3.2539999999999996,-38.55000000000001,0.0,-9.950000000000003,-0.019999999999999574,-3.299999999999997,0.0,-0.9500000000000028,-0.41600000000000037,2.549999999999997,0.0,84.9,0.053000000000000824,-6.800000000000011,0.0,143.7,0.1659999999999986,76.45000000000005,0.0,60.099999999999966,7.285000000000001,43.400000000000034,1.2199999999999998,19.649999999999977,1.1580000000000004,-24.399999999999977,-11.969833333333336,-14.255,-10.072500000000002,436.60833333333335,4255.281,4244.43,4007.162,4190.393400000001,-52.44599999999991,4202.835
1.33,-11.667,-11.796,-10.916,-10.978,-10.978,-14.494,-14.494,-14.594,-14.594,-14.459,-14.459,-14.443,-14.443,-14.293,-14.293,-7.215,-6.186,-5.117,114.05,98.0,92.75,89.95,135.05,99.3,88.35,84.9,84.65,86.7,161.8,158.45,297.15,423.35,443.25,481.55,499.15,486.45,-14.717,-14.758,160.8,154.4,-0.12899999999999956,-16.049999999999997,0.879999999999999,-5.25,-0.06199999999999939,-2.799999999999997,0.0,45.10000000000001,-3.516,-35.750000000000014,0.0,-10.950000000000003,-0.09999999999999964,-3.4499999999999886,0.0,-0.25,0.1349999999999998,2.049999999999997,0.0,75.10000000000001,0.016000000000000014,-3.3500000000000227,0.0,138.7,0.15000000000000036,126.20000000000005,0.0,19.899999999999977,7.077999999999999,38.30000000000001,1.029,17.599999999999966,1.069,-12.699999999999989,-12.189944444444446,-14.505285714285716,-10.257833333333332,438.4833333333333,4202.835,4255.281,4042.245,4203.2696,-96.20899999999983,4106.626
1.33,-11.625,-11.796,-10.93,-10.966,-10.966,-14.519,-14.519,-14.561,-14.561,-14.473,-14.473,-14.459,-14.459,-14.295,-14.295,-7.227,-6.356,-5.414,114.0,99.25,91.85,90.25,133.15,100.25,88.0,85.0,84.85,86.69999999999999,147.55,160.25,263.1,431.0,461.5,489.0,493.4,477.05,-14.709,-14.735,161.5,153.6,-0.17099999999999937,-14.75,0.8659999999999997,-7.400000000000006,-0.03599999999999959,-1.5999999999999943,0.0,42.900000000000006,-3.553000000000001,-32.900000000000006,0.0,-12.25,-0.041999999999999815,-3.0,0.0,-0.15000000000000568,0.08799999999999919,1.8499999999999943,0.0,60.85000000000002,0.014000000000001123,12.699999999999989,0.0,102.85000000000002,0.1639999999999997,167.89999999999998,0.0,30.5,7.068,27.5,0.8710000000000004,4.399999999999977,0.9420000000000002,-16.349999999999966,-12.216333333333333,-14.509285714285715,-10.341,435.8416666666667,4106.626,4202.835,4207.176,4163.4114,-98.74099999999999,4007.885
1.33,-11.592,-11.752,-10.928,-11.0,-11.0,-14.55,-14.55,-14.563,-14.563,-14.475,-14.475,-14.445,-14.445,-14.29,-14.29,-7.041,-6.047,-5.048,114.2,99.8,91.2,90.05000000000001,132.15,101.95,87.35,85.1,84.85,86.5,136.3,165.05,242.25,426.45,479.85,508.65,508.65,469.4,-14.713,-14.73,161.6,153.5,-0.16000000000000014,-14.400000000000006,0.8239999999999998,-8.599999999999994,-0.07199999999999918,-1.1499999999999915,0.0,42.099999999999994,-3.5500000000000007,-30.200000000000003,0.0,-14.600000000000009,-0.0129999999999999,-2.25,0.0,-0.25,0.08800000000000097,1.6500000000000057,0.0,49.80000000000001,0.02999999999999936,28.75,0.0,77.19999999999999,0.15500000000000114,184.2,0.0,53.400000000000034,7.248999999999999,28.799999999999955,0.9940000000000007,0.0,0.9989999999999997,-39.25,-12.169666666666664,-14.517285714285716,-10.1935,439.2083333333334,4007.885,4106.626,4244.43,4117.6938,7.95699999999988,4015.842
1.33,-11.669,-11.819,-10.968,-11.068,-11.068,-14.535,-14.535,-14.561,-14.561,-14.502,-14.502,-14.478,-14.478,-14.346,-14.346,-6.803,-5.925,-4.961,113.85,100.0,91.65,89.2,132.8,101.95,86.80000000000001,85.0,84.35,85.95,133.35,182.1,232.8,397.35,496.45,522.6,524.35,464.65,-14.714,-14.722,161.4,154.4,-0.15000000000000036,-13.849999999999994,0.8510000000000009,-8.349999999999994,-0.09999999999999964,-2.450000000000003,0.0,43.60000000000001,-3.4670000000000005,-30.85000000000001,0.0,-15.149999999999991,-0.0259999999999998,-1.8000000000000114,0.0,-0.6500000000000057,0.058999999999999275,1.6000000000000085,0.0,47.39999999999999,0.02400000000000091,48.75,0.0,50.70000000000002,0.13199999999999967,164.55,0.0,99.09999999999997,7.543,26.150000000000034,0.8780000000000001,1.75,0.9639999999999995,-59.700000000000045,-12.173611111111114,-14.524857142857142,-10.143166666666666,439.70000000000005,4015.842,4007.885,4255.281,4075.1590000000006,26.764999999999873,4042.607
1.33,-11.82,-11.927,-11.02,-11.133,-11.133,-14.551,-14.551,-14.589,-14.589,-14.502,-14.502,-14.487,-14.487,-14.369,-14.369,-6.635,-5.703,-4.64,113.5,100.0,92.6,88.35,134.55,100.65,86.80000000000001,84.75,83.94999999999999,85.35,121.05,231.85,237.15,368.7,502.0,527.8,536.7,473.4500000000001,-14.744,-14.769,161.6,156.2,-0.10699999999999932,-13.5,0.907,-7.400000000000006,-0.11299999999999955,-4.25,0.0,46.20000000000002,-3.418000000000001,-33.900000000000006,0.0,-13.849999999999994,-0.038000000000000256,-2.0500000000000114,0.0,-0.8000000000000114,0.08699999999999974,1.4000000000000057,0.0,35.7,0.015000000000000568,110.8,0.0,5.300000000000011,0.11800000000000033,131.54999999999998,0.0,133.3,7.734,25.799999999999955,0.9319999999999995,8.900000000000091,1.0630000000000006,-63.24999999999994,-12.167055555555555,-14.538714285714283,-10.033833333333334,440.9666666666667,4042.607,4015.842,4202.835,4038.5562,-22.786000000000058,4019.821
1.33,-12.004,-12.037,-11.038,-11.152,-11.152,-14.583,-14.583,-14.603,-14.603,-14.529,-14.529,-14.486,-14.486,-14.354,-14.354,-6.74,-5.784,-4.7,114.5,100.6,93.4,87.7,136.0,98.8,87.15,84.19999999999999,83.55,84.80000000000001,112.3,275.25,252.7,335.65,497.3,525.9000000000001,538.35,480.15,-14.759,-14.774,162.4,157.6,-0.03300000000000125,-13.900000000000006,0.9990000000000006,-7.199999999999989,-0.11399999999999899,-5.700000000000003,0.0,48.3,-3.431000000000001,-37.2,0.0,-11.649999999999991,-0.019999999999999574,-2.950000000000017,0.0,-0.6499999999999915,0.07399999999999984,1.2500000000000142,0.0,27.499999999999986,0.04299999999999926,162.95,0.0,-22.55000000000001,0.13200000000000145,82.94999999999999,0.0,161.65000000000003,7.613999999999999,28.60000000000008,0.9560000000000004,12.449999999999932,1.0839999999999996,-58.200000000000045,-12.206499999999997,-14.55942857142857,-10.069666666666668,438.3416666666667,4019.821,4042.607,4106.626,4018.0845999999997,-15.552999999999884,4004.268
1.33,-12.128,-12.194,-11.068,-11.12,-11.12,-14.601,-14.601,-14.62,-14.62,-14.537,-14.537,-14.477,-14.477,-14.355,-14.355,-6.723,-5.695,-4.819,115.8,101.1,93.75,87.85,132.0,97.05,87.7,83.9,83.45,84.5,108.0,266.5,318.05,325.5,476.45,514.3,540.3,485.9,-14.762,-14.789,164.1,157.9,-0.06600000000000072,-14.700000000000003,1.1260000000000012,-7.349999999999994,-0.0519999999999996,-5.900000000000006,0.0,44.150000000000006,-3.4810000000000016,-34.95,0.0,-9.349999999999994,-0.01899999999999835,-3.799999999999997,0.0,-0.45000000000000284,0.08299999999999841,1.0499999999999972,0.0,23.5,0.0600000000000005,158.5,0.0,51.55000000000001,0.12199999999999989,7.449999999999989,0.0,150.95,7.632000000000001,37.849999999999966,1.0279999999999996,26.0,0.8760000000000003,-54.39999999999998,-12.224833333333333,-14.570428571428574,-10.070666666666666,443.4166666666667,4004.268,4019.821,4007.885,4016.6377999999995,-3.617000000000189,4000.651
1.33,-12.181,-12.3,-11.041,-11.145,-11.145,-14.576,-14.576,-14.626,-14.626,-14.509,-14.509,-14.478,-14.478,-14.346,-14.346,-6.863,-5.784,-4.753,116.95,101.05,93.8,88.75,129.45,96.3,88.1,84.05,83.75,84.55000000000001,104.75,243.6,373.1,347.0,452.4,500.9,516.35,484.4,-14.762,-14.797,166.1,157.1,-0.11900000000000155,-15.900000000000006,1.2590000000000003,-7.25,-0.1039999999999992,-5.049999999999997,0.0,40.69999999999999,-3.431000000000001,-33.14999999999999,0.0,-8.200000000000003,-0.049999999999998934,-4.049999999999997,0.0,-0.29999999999999716,0.1169999999999991,0.8000000000000114,0.0,20.19999999999999,0.031000000000000583,138.85,0.0,129.50000000000003,0.13199999999999967,-26.100000000000023,0.0,105.39999999999998,7.483,48.5,1.0790000000000006,15.450000000000045,1.0309999999999997,-31.950000000000045,-12.237888888888891,-14.557142857142855,-10.095,445.69166666666666,4000.651,4004.268,4015.842,4002.2426,-56.784999999999854,3943.866
1.33,-12.116,-12.242,-11.087,-11.194,-11.194,-14.56,-14.56,-14.606,-14.606,-14.473,-14.473,-14.46,-14.46,-14.306,-14.306,-7.178,-6.151,-5.127,117.4,101.35,94.2,89.65,127.0,95.95,88.6,84.3,84.25,84.80000000000001,103.05,225.65,398.4500000000001,390.0,432.8,490.6,482.7,485.9,-14.762,-14.775,167.8,156.3,-0.12600000000000122,-16.05000000000001,1.1550000000000011,-7.1499999999999915,-0.1070000000000011,-4.549999999999997,0.0,37.349999999999994,-3.3659999999999997,-31.049999999999997,0.0,-7.3500000000000085,-0.045999999999999375,-4.299999999999997,0.0,-0.04999999999999716,0.13299999999999912,0.5500000000000114,0.0,18.249999999999986,0.0129999999999999,122.60000000000001,0.0,172.8000000000001,0.1540000000000017,-8.450000000000102,0.0,42.80000000000001,7.127999999999999,57.80000000000001,1.0270000000000001,-7.900000000000034,1.024,3.1999999999999886,-12.283277777777782,-14.534,-10.254666666666667,446.7416666666666,3943.866,4000.651,4042.607,3972.584,-49.552000000000135,3894.314
1.33,-11.996,-12.131,-11.14,-11.201,-11.201,-14.553,-14.553,-14.581,-14.581,-14.461,-14.461,-14.43,-14.43,-14.25,-14.25,-7.34,-6.234,-5.075,116.85,102.05,94.55,90.05000000000001,124.8,96.4,88.75,84.44999999999999,84.55,85.2,106.6,208.55,371.15,444.1,425.5,459.65,474.4,475.6,-14.733,-14.752,169.2,156.2,-0.1349999999999998,-14.799999999999997,0.9909999999999997,-7.5,-0.06099999999999994,-4.499999999999986,0.0,34.749999999999986,-3.3520000000000003,-28.39999999999999,0.0,-7.650000000000006,-0.027999999999998693,-4.300000000000011,0.0,0.10000000000000853,0.11999999999999922,0.6500000000000057,0.0,21.39999999999999,0.031000000000000583,101.95000000000002,0.0,162.59999999999997,0.17999999999999972,72.95000000000005,0.0,-18.600000000000023,6.91,34.14999999999998,1.1059999999999999,14.75,1.1589999999999998,1.2000000000000455,-12.270444444444447,-14.517142857142858,-10.263166666666667,441.73333333333335,3894.314,3943.866,4019.821,3934.4618,-65.10399999999981,3829.21
1.33,-11.838,-12.024,-11.096,-11.208,-11.208,-14.543,-14.543,-14.55,-14.55,-14.456,-14.456,-14.414,-14.414,-14.25,-14.25,-7.755,-9.863,-7.822,116.25,102.65,94.45,90.4,125.05,97.4,88.4,84.80000000000001,84.8,86.4,114.05,199.0,329.25,475.65,438.9,458.6,455.5,459.7000000000001,-14.697,-14.733,169.8,157.1,-0.18599999999999994,-13.599999999999994,0.927999999999999,-8.200000000000003,-0.1120000000000001,-4.049999999999997,0.0,34.64999999999999,-3.334999999999999,-27.64999999999999,0.0,-9.0,-0.0070000000000014495,-3.5999999999999943,0.0,-1.4210854715202004e-14,0.0940000000000012,1.6000000000000085,0.0,27.64999999999999,0.041999999999999815,84.95,0.0,130.25,0.1639999999999997,146.39999999999998,0.0,-36.75,6.495,19.700000000000045,-2.1079999999999997,-3.1000000000000227,2.0409999999999995,4.200000000000102,-12.624444444444443,-14.501714285714286,-11.392333333333333,436.2666666666667,3829.21,3894.314,4004.268,3911.6752,61.125,3890.335
1.33,-11.725,-11.838,-11.194,-11.233,-11.233,-14.508,-14.508,-14.551,-14.551,-14.176,-14.176,-14.163,-14.163,-13.991,-13.991,-10.148,-9.884,-8.252,116.2,102.8,94.75,90.6,127.55,97.8,87.75,85.35,84.9,87.5,131.5,186.55,318.85,484.3,466.15,479.15,463.6,455.35,-14.694,-14.704,169.5,158.7,-0.11299999999999955,-13.400000000000006,0.6439999999999984,-8.049999999999997,-0.0389999999999997,-4.150000000000006,0.0,36.95,-3.2749999999999986,-29.75,0.0,-10.049999999999997,-0.04300000000000104,-2.4000000000000057,0.0,-0.44999999999998863,0.375,2.5999999999999943,0.0,44.0,0.0129999999999999,55.05000000000001,0.0,132.3,0.1720000000000006,165.45,0.0,-18.150000000000034,3.843,13.0,0.26399999999999935,-15.549999999999955,1.6319999999999997,-8.25,-12.682499999999997,-14.376142857142856,-11.738166666666665,444.56666666666666,3890.335,3829.21,4000.651,3885.6335999999997,-19.891999999999825,3870.443
1.33,-11.576,-11.752,-11.268,-11.316,-11.316,-14.226,-14.226,-14.283,-14.283,-14.157,-14.157,-14.143,-14.143,-13.984,-13.984,-8.454,-8.559,-6.867,116.4,102.55,95.2,91.0,127.2,98.15,87.05000000000001,85.45,85.05,87.44999999999999,136.7,209.8,299.55,453.35,491.2000000000001,505.3,496.95,441.2,-14.413,-14.431,169.1,159.0,-0.17600000000000016,-13.850000000000009,0.484,-7.349999999999994,-0.04800000000000004,-4.200000000000003,0.0,36.2,-2.91,-29.049999999999997,0.0,-11.099999999999994,-0.05699999999999861,-1.6000000000000085,0.0,-0.4000000000000057,0.12599999999999945,2.3999999999999915,0.0,49.25,0.013999999999999346,73.10000000000002,0.0,89.75,0.1590000000000007,153.8,0.0,37.85000000000008,5.529999999999999,14.099999999999909,-0.10499999999999865,-8.350000000000023,1.6919999999999993,-55.75,-12.371888888888892,-14.210714285714285,-10.9985,447.92499999999995,3870.443,3890.335,3943.866,3893.0843999999997,110.67699999999968,3981.12
1.33,-11.462,-11.701,-11.262,-11.312,-11.312,-14.238,-14.238,-14.257,-14.257,-14.218,-14.218,-14.176,-14.176,-14.052,-14.052,-8.504,-8.492,-6.74,116.15,102.65,95.95,90.9,126.5,98.1,86.65,85.1,85.25,87.25,124.95,221.35,287.85,428.85,509.95,522.85,522.55,447.15,-14.408,-14.459,168.7,159.0,-0.23900000000000077,-13.5,0.43900000000000006,-6.700000000000003,-0.049999999999998934,-5.049999999999997,0.0,35.599999999999994,-2.926,-28.400000000000006,0.0,-11.449999999999989,-0.019000000000000128,-1.5500000000000114,0.0,0.15000000000000568,0.0389999999999997,2.0,0.0,37.7,0.041999999999999815,96.39999999999999,0.0,66.50000000000003,0.12400000000000055,141.0,0.0,81.09999999999997,5.548,12.900000000000034,0.011999999999998678,-0.3000000000000682,1.7520000000000007,-75.39999999999998,-12.370388888888886,-14.228857142857143,-11.002666666666665,453.20000000000005,3981.12,3870.443,3894.314,3909.7222,-3.6169999999997344,3977.503
1.33,-11.53,-11.74,-11.27,-11.284,-11.284,-14.259,-14.259,-14.294,-14.294,-14.27,-14.27,-14.23,-14.23,-13.6,-13.6,-7.156,-6.101,-5.16,116.3,102.85,96.1,90.8,127.15,97.95,86.55,84.6,85.4,87.4,116.8,223.15,327.9,421.4,515.5999999999999,534.05,532.7,463.2000000000001,-14.44,-14.507,168.6,160.1,-0.21000000000000085,-13.450000000000003,0.47000000000000064,-6.75,-0.014000000000001123,-5.299999999999997,0.0,36.35000000000001,-2.9749999999999996,-29.200000000000003,0.0,-11.400000000000006,-0.03500000000000014,-1.9500000000000028,0.0,0.8000000000000114,0.02400000000000091,2.0,0.0,29.39999999999999,0.03999999999999915,106.35000000000001,0.0,104.74999999999997,0.6300000000000008,93.5,0.0,94.19999999999993,6.444,18.450000000000045,1.0549999999999997,-1.349999999999909,0.9409999999999998,-69.49999999999994,-12.046166666666664,-14.267999999999999,-9.974499999999999,465.80833333333334,3977.503,3981.12,3829.21,3928.1684,-56.06200000000035,3921.441
1.33,-11.569,-11.755,-11.265,-11.362,-11.362,-14.308,-14.308,-14.355,-14.355,-14.262,-14.262,-14.218,-14.218,-13.468,-13.468,-6.966,-6.331,-5.509,116.6,103.3,96.05,91.1,128.3,97.75,86.9,84.15,85.7,87.95,110.7,229.95,365.4,409.95,504.85,538.45,535.0,474.6,-14.473,-14.535,168.7,161.4,-0.18599999999999994,-13.299999999999997,0.4900000000000002,-7.25,-0.09699999999999953,-4.950000000000003,0.0,37.20000000000002,-2.9459999999999997,-30.55000000000001,0.0,-10.849999999999994,-0.0470000000000006,-2.75,0.0,1.5499999999999972,0.09299999999999997,2.25,0.0,22.75,0.04400000000000048,119.24999999999999,0.0,135.45,0.75,44.55000000000001,0.0,94.90000000000003,6.502,33.60000000000002,0.6349999999999998,-3.4500000000000455,0.8220000000000001,-60.39999999999998,-12.074499999999997,-14.295428571428573,-9.993333333333334,471.37499999999994,3921.441,3977.503,3890.335,3926.577,-39.06299999999965,3882.378
1.33,-11.513,-11.714,-11.212,-11.298,-11.298,-14.31,-14.31,-14.357,-14.357,-14.176,-14.176,-14.147,-14.147,-13.555,-13.555,-13.14,-12.924,-10.711,116.3,103.0,96.1,91.8,129.0,97.1,87.4,83.9,86.1,88.5,105.1,224.75,383.9,434.95,495.9,518.35,521.9000000000001,483.5,-14.469,-14.53,169.2,161.8,-0.2010000000000005,-13.299999999999997,0.5020000000000007,-6.900000000000006,-0.0860000000000003,-4.299999999999997,0.0,37.2,-3.0120000000000005,-31.900000000000006,0.0,-9.699999999999989,-0.04699999999999882,-3.5,0.0,2.1999999999999886,0.18099999999999916,2.4000000000000057,0.0,16.599999999999994,0.028999999999999915,119.65,0.0,159.14999999999998,0.5920000000000005,51.05000000000001,0.0,60.94999999999999,0.41499999999999915,22.450000000000045,0.21600000000000108,3.550000000000068,2.212999999999999,-38.40000000000009,-13.05,-14.261857142857144,-13.005333333333333,473.0833333333333,3882.378,3921.441,3870.443,3903.7182000000003,-126.22900000000027,3756.149
1.33,-11.431,-11.647,-11.189,-11.243,-11.243,-14.242,-14.242,-14.273,-14.273,-14.149,-14.149,-14.088,-14.088,-13.512,-13.512,-12.109,-10.057,-9.45,115.0,102.45,96.1,92.4,128.55,97.75,87.85,84.05,86.5,88.65,99.45,230.6,396.05,465.5,485.1,504.3,503.75,490.0,-14.412,-14.455,170.5,159.9,-0.21600000000000108,-12.549999999999997,0.4580000000000002,-6.3500000000000085,-0.05400000000000027,-3.6999999999999886,0.0,36.150000000000006,-2.9990000000000006,-30.80000000000001,0.0,-9.900000000000006,-0.030999999999998806,-3.799999999999997,0.0,2.450000000000003,0.12400000000000055,2.1500000000000057,0.0,10.799999999999997,0.06099999999999994,131.14999999999998,0.0,165.45000000000002,0.5759999999999987,69.44999999999999,0.0,19.600000000000023,1.4030000000000005,19.19999999999999,2.0519999999999996,-0.5500000000000114,0.6070000000000011,-13.75,-12.716499999999998,-14.202285714285713,-12.121333333333334,474.1166666666666,3756.149,3882.378,3981.12,3839.9884000000006,-93.67799999999988,3662.471
1.33,-11.407,-11.633,-11.144,-11.24,-11.24,-14.214,-14.214,-14.248,-14.248,-14.221,-14.221,-14.174,-14.174,-13.446,-13.446,-11.883,-9.977,-9.465,114.0,102.25,96.5,92.55,131.10000000000002,98.9,88.05000000000001,84.5,86.65,88.7,107.85,235.3,393.55,483.2000000000001,479.1,503.75,507.2,485.15,-14.378,-14.431,172.3,158.6,-0.2259999999999991,-11.75,0.488999999999999,-5.75,-0.09600000000000009,-3.950000000000003,0.0,38.550000000000026,-2.974,-32.20000000000002,0.0,-10.849999999999994,-0.03399999999999892,-3.5500000000000114,0.0,2.1500000000000057,0.026999999999999247,2.049999999999997,0.0,19.14999999999999,0.0470000000000006,127.45000000000002,0.0,158.25,0.7279999999999998,89.65000000000009,0.0,-4.10000000000008,1.5630000000000006,24.649999999999977,1.9059999999999988,3.4499999999999886,0.5120000000000005,-22.05000000000001,-12.699722222222224,-14.219999999999999,-12.065166666666668,475.32500000000005,3662.471,3756.149,3977.503,3785.2286,41.233000000000175,3703.704
1.33,-11.485,-11.687,-11.089,-11.192,-11.192,-14.316,-14.316,-14.333,-14.333,-13.955,-13.955,-13.923,-13.923,-9.172,-9.172,-11.507,-9.339,-9.109,113.05,102.1,96.55,92.6,137.1,99.7,88.2,85.2,87.1,89.5,131.14999999999998,234.0,403.1,491.4,483.6,524.1500000000001,510.5,473.9,-14.436,-14.479,173.1,156.9,-0.20199999999999996,-10.950000000000003,0.597999999999999,-5.549999999999997,-0.10299999999999976,-3.950000000000003,0.0,44.5,-3.1240000000000006,-37.39999999999999,0.0,-11.5,-0.01699999999999946,-3.0,0.0,1.8999999999999915,0.3780000000000001,2.4000000000000057,0.0,41.64999999999998,0.03200000000000003,102.85000000000002,0.0,169.10000000000002,4.7509999999999994,88.29999999999995,0.0,-7.7999999999999545,-2.334999999999999,40.55000000000007,2.1679999999999993,-13.650000000000091,0.23000000000000043,-36.60000000000002,-12.111,-14.16157142857143,-10.370333333333333,481.10833333333335,3703.704,3662.471,3921.441,3734.8089999999997,-34.36100000000033,3669.343
1.33,-11.187,-11.525,-11.224,-11.287,-11.287,-14.27,-14.27,-14.062,-14.062,-13.963,-13.963,-13.934,-13.934,-8.797,-8.797,-11.571,-9.573,-8.964,113.0,101.5,96.15,92.6,143.1,99.7,88.4,85.44999999999999,87.1,90.95,154.10000000000002,211.75,414.55,480.15,487.95,536.75,515.3,472.2,-14.196,-14.237,171.8,154.5,-0.33800000000000097,-11.5,0.30100000000000016,-5.349999999999994,-0.06300000000000061,-3.5500000000000114,0.0,50.5,-2.9829999999999988,-43.39999999999999,0.0,-11.299999999999997,0.20800000000000018,-2.950000000000017,0.0,1.6500000000000057,0.0990000000000002,3.8500000000000085,0.0,63.15000000000002,0.028999999999999915,57.64999999999998,0.0,202.8,5.136999999999999,65.59999999999997,0.0,7.800000000000011,-2.773999999999999,48.80000000000001,1.9979999999999993,-21.450000000000045,0.609,-43.099999999999966,-12.037222222222221,-14.074857142857141,-10.272666666666668,484.4833333333333,3669.343,3703.704,3882.378,3684.5341999999996,-38.33899999999994,3631.004
1.33,-11.155,-11.469,-11.211,-11.28,-11.28,-14.025,-14.025,-14.051,-14.051,-13.959,-13.959,-13.92,-13.92,-8.872,-8.872,-10.733,-9.176,-8.768,112.9,101.0,96.1,92.7,142.45,99.7,88.55,85.45,87.35,91.45,156.75,188.3,405.7,470.55,491.25,531.8,515.3,470.4500000000001,-14.183,-14.232,170.0,152.9,-0.31400000000000006,-11.900000000000006,0.2579999999999991,-4.900000000000006,-0.06899999999999906,-3.3999999999999915,0.0,49.749999999999986,-2.745000000000001,-42.749999999999986,0.0,-11.150000000000006,-0.0259999999999998,-3.0999999999999943,0.0,1.8999999999999915,0.09200000000000053,4.1000000000000085,0.0,65.3,0.0389999999999997,31.55000000000001,0.0,217.39999999999998,5.048,64.85000000000002,0.0,20.69999999999999,-1.8610000000000007,40.549999999999955,1.5570000000000004,-16.5,0.4079999999999995,-44.84999999999985,-11.92922222222222,-13.998571428571429,-10.056833333333335,480.8416666666667,3631.004,3669.343,3756.149,3627.6042,-159.5050000000001,3471.499
1.33,-11.172,-11.458,-11.209,-11.282,-11.282,-14.025,-14.025,-14.046,-14.046,-13.947,-13.947,-13.945,-13.945,-9.026,-9.026,-11.684,-10.963,-9.896,112.3,100.45,95.95,92.75,137.3,99.25,88.65,85.65,87.4,91.75,161.3,168.6,359.04999999999995,472.6,493.85,527.1500000000001,510.9,473.75,-14.167,-14.224,168.1,151.3,-0.2859999999999996,-11.849999999999994,0.24900000000000055,-4.5,-0.0730000000000004,-3.200000000000003,0.0,44.55000000000001,-2.7430000000000003,-38.05000000000001,0.0,-10.599999999999994,-0.02099999999999902,-3.0,0.0,1.75,0.0990000000000002,4.349999999999994,0.0,69.55000000000001,0.0019999999999988916,7.299999999999983,0.0,190.44999999999996,4.9190000000000005,113.55000000000007,0.0,21.25,-2.6579999999999995,33.30000000000007,0.7210000000000001,-16.250000000000114,1.0669999999999984,-37.14999999999998,-12.162444444444443,-13.997285714285713,-10.756666666666666,472.8833333333334,3471.499,3631.004,3662.471,3577.3294,-60.40199999999959,3411.097
1.33,-11.298,-11.551,-11.173,-11.399,-11.399,-14.02,-14.02,-14.035,-14.035,-13.875,-13.875,-13.867,-13.867,-13.673,-13.673,-13.095,-12.897,-10.862,111.45,100.15,95.7,92.5,131.65,99.3,89.05,85.85,87.30000000000001,90.9,171.75,149.2,312.9,476.7000000000001,495.15,527.55,511.0,476.7,-14.157,-14.179,165.9,147.0,-0.2530000000000001,-11.299999999999997,0.3780000000000001,-4.450000000000003,-0.2259999999999991,-3.200000000000003,0.0,39.150000000000006,-2.6210000000000004,-32.35000000000001,0.0,-10.25,-0.015000000000000568,-3.200000000000003,0.0,1.450000000000017,0.16000000000000014,3.5999999999999943,0.0,80.85,0.007999999999999119,-22.55000000000001,0.0,163.7,0.19400000000000084,163.80000000000013,0.0,18.449999999999875,0.5779999999999994,32.39999999999998,0.1980000000000004,-16.549999999999955,2.035,-34.30000000000001,-12.922999999999998,-13.961,-13.011166666666666,466.6666666666667,3411.097,3471.499,3703.704,3532.4798,68.35899999999992,3479.456
1.33,-11.42,-11.681,-11.161,-11.394,-11.394,-13.931,-13.931,-13.949,-13.949,-13.955,-13.955,-13.914,-13.914,-9.353,-9.353,-13.117,-12.965,-10.664,111.05,100.05,95.25,92.5,129.2,99.2,89.7,85.85,86.85,90.05,163.3,138.05,272.6,477.25,499.2000000000001,526.0,513.35,479.35,-14.097,-14.125,164.2,143.9,-0.26099999999999923,-11.0,0.5199999999999996,-4.799999999999997,-0.23300000000000054,-2.75,0.0,36.69999999999999,-2.536999999999999,-29.999999999999986,0.0,-9.5,-0.018000000000000682,-3.8500000000000085,0.0,1.0,-0.006000000000000227,3.200000000000003,0.0,73.25000000000001,0.04100000000000037,-25.25,0.0,134.55,4.561,204.64999999999998,0.0,21.950000000000102,-3.764000000000001,26.799999999999898,0.15200000000000102,-12.649999999999977,2.301,-34.0,-12.444444444444443,-13.94057142857143,-11.561,461.2916666666667,3479.456,3411.097,3669.343,3507.5231999999996,65.10399999999981,3544.56
1.33,-11.428,-11.699,-11.23,-11.354,-11.354,-14.005,-14.005,-14.028,-14.028,-13.958,-13.958,-13.916,-13.916,-9.779,-9.779,-13.121,-12.968,-10.603,112.2,99.55,94.7,92.4,128.0,99.1,90.3,85.9,86.85,90.85,146.25,132.6,230.5,448.05,513.4,540.15,532.5,482.25,-14.147,-14.207,163.2,143.1,-0.270999999999999,-12.650000000000006,0.4689999999999994,-4.849999999999994,-0.12399999999999878,-2.299999999999997,0.0,35.599999999999994,-2.6510000000000016,-28.900000000000006,0.0,-8.799999999999997,-0.022999999999999687,-4.3999999999999915,0.0,0.9499999999999886,0.07000000000000028,4.0,0.0,55.400000000000006,0.041999999999999815,-13.650000000000006,0.0,97.9,4.1370000000000005,217.55,0.0,65.34999999999997,-3.3420000000000005,26.75,0.15300000000000047,-7.649999999999977,2.365,-50.25,-12.507166666666667,-13.98542857142857,-11.694333333333333,457.80833333333334,3544.56,3479.456,3631.004,3518.4462,141.0590000000002,3685.619
1.33,-11.369,-11.599,-11.266,-11.353,-11.353,-13.994,-13.994,-14.032,-14.032,-13.929,-13.929,-13.907,-13.907,-13.336,-13.336,-10.806,-9.526,-9.214,113.45,99.0,94.25,92.15,129.25,98.75,90.35,86.30000000000001,86.69999999999999,90.75,139.55,127.85,219.75,417.1,523.4000000000001,549.75,534.3,492.95,-14.149,-14.202,160.1,144.8,-0.23000000000000043,-14.450000000000003,0.3330000000000002,-4.75,-0.08699999999999974,-2.0999999999999943,0.0,37.099999999999994,-2.641,-30.5,0.0,-8.400000000000006,-0.038000000000000256,-4.049999999999983,0.0,0.39999999999997726,0.10299999999999976,4.050000000000011,0.0,48.80000000000001,0.02200000000000024,-11.700000000000017,0.0,91.9,0.5709999999999997,197.35000000000002,0.0,106.30000000000007,2.530000000000001,26.34999999999991,1.2799999999999994,-15.450000000000045,0.3119999999999994,-41.349999999999966,-12.493444444444448,-13.973857142857142,-11.6875,456.2083333333333,3685.619,3544.56,3471.499,3588.4694000000004,135.99599999999964,3821.615
1.33,-11.321,-11.606,-11.289,-11.29,-11.29,-13.99,-13.99,-14.022,-14.022,-13.972,-13.972,-13.949,-13.949,-13.776,-13.776,-10.636,-9.3,-8.98,113.95,98.55,94.0,91.6,130.85,98.6,90.15,86.75,86.6,90.8,130.75,130.25,227.85,358.0,513.65,544.1500000000001,532.5,496.35,-14.146,-14.213,156.9,146.4,-0.28500000000000014,-15.400000000000006,0.31700000000000017,-4.549999999999997,-0.0009999999999994458,-2.4000000000000057,0.0,39.25,-2.700000000000001,-32.25,0.0,-8.449999999999989,-0.03200000000000003,-3.4000000000000057,0.0,-0.15000000000000568,0.05000000000000071,4.200000000000003,0.0,39.95,0.022999999999999687,-0.5,0.0,97.6,0.17300000000000004,130.15,0.0,155.64999999999998,3.1400000000000006,30.500000000000114,1.3359999999999985,-11.650000000000091,0.3200000000000003,-36.14999999999998,-12.507222222222225,-13.988142857142856,-11.736166666666668,445.4166666666667,3821.615,3685.619,3411.097,3664.2796000000003,-31.466999999999643,3790.148
1.33,-11.376,-11.611,-11.174,-11.21,-11.21,-14.033,-14.033,-14.054,-14.054,-13.967,-13.967,-13.94,-13.94,-13.8,-13.8,-10.638,-9.326,-8.899,114.2,98.9,93.8,91.05,135.60000000000002,98.5,90.05000000000001,87.15,86.2,90.15,128.64999999999998,129.4,234.4,340.4,491.55,530.55,527.95,494.5,-14.172,-14.217,155.9,148.6,-0.2350000000000012,-15.299999999999997,0.43700000000000117,-5.1000000000000085,-0.036000000000001364,-2.75,0.0,44.550000000000026,-2.8229999999999986,-37.10000000000002,0.0,-8.449999999999989,-0.021000000000000796,-2.9000000000000057,0.0,-0.9500000000000028,0.08699999999999974,3.950000000000003,0.0,38.49999999999997,0.027000000000001023,0.7500000000000284,0.0,105.0,0.1399999999999988,105.99999999999997,0.0,151.15000000000003,3.162000000000001,38.99999999999994,1.3119999999999994,-2.599999999999909,0.4270000000000014,-33.450000000000045,-12.50177777777778,-14.006857142857143,-11.733833333333335,436.55833333333334,3790.148,3821.615,3479.456,3743.3450000000003,84.63499999999976,3874.783
1.33,-11.419,-11.587,-11.113,-11.18,-11.18,-14.009,-14.009,-14.053,-14.053,-13.967,-13.967,-13.94,-13.94,-13.816,-13.816,-9.142,-8.502,-8.399,113.4,99.8,93.2,90.55,142.5,97.85,90.15,87.15,85.8,89.25,134.6,134.15,234.6,348.5,459.9,505.05,517.25,498.35,-14.176,-14.23,155.9,151.2,-0.16799999999999926,-13.600000000000009,0.4740000000000002,-6.599999999999994,-0.06700000000000017,-2.6500000000000057,0.0,51.95,-2.8290000000000006,-44.650000000000006,0.0,-7.699999999999989,-0.04400000000000048,-3.0,0.0,-1.3500000000000085,0.0860000000000003,3.450000000000003,0.0,45.349999999999994,0.027000000000001023,-0.44999999999998863,0.0,100.44999999999999,0.12399999999999878,113.9,0.0,111.39999999999998,4.674000000000001,45.150000000000034,0.6399999999999988,12.199999999999989,0.10300000000000153,-18.899999999999977,-12.338444444444445,-13.999714285714285,-11.269166666666665,427.27500000000003,3874.783,3790.148,3544.56,3824.7975999999994,77.03999999999996,3951.823
1.33,-11.316,-11.636,-11.161,-11.297,-11.297,-14.022,-14.022,-14.06,-14.06,-13.966,-13.966,-13.954,-13.954,-13.815,-13.815,-9.075,-8.451,-8.352,111.2,100.45,92.55,90.2,151.05,97.15,90.4,87.15,85.35,88.19999999999999,158.05,141.3,249.15,379.25,441.0,497.05,508.15,497.35,-14.181,-14.216,156.0,152.5,-0.3199999999999985,-10.75,0.47499999999999964,-7.900000000000006,-0.136000000000001,-2.3499999999999943,0.0,60.85000000000001,-2.7249999999999996,-53.900000000000006,0.0,-6.75,-0.038000000000000256,-3.25,0.0,-1.8000000000000114,0.0940000000000012,2.8499999999999943,0.0,69.85000000000002,0.011999999999998678,-16.75,0.0,107.85,0.13900000000000112,130.1,0.0,61.75,4.74,56.05000000000001,0.6239999999999988,11.099999999999966,0.0990000000000002,-10.799999999999955,-12.3455,-14.007142857142854,-11.243666666666664,428.6583333333333,3951.823,3874.783,3685.619,3889.2508000000003,56.06200000000035,4007.885
1.33,-11.135,-11.505,-11.196,-11.263,-11.263,-14.039,-14.039,-14.063,-14.063,-13.962,-13.962,-13.945,-13.945,-13.796,-13.796,-9.115,-8.364,-8.261,109.65,100.8,92.5,90.05,154.85,96.5,90.05000000000001,87.1,85.05,87.55000000000001,170.95,139.45,254.25,387.0,437.3,485.0,501.3,491.05,-14.183,-14.232,156.4,151.9,-0.370000000000001,-8.850000000000009,0.30900000000000105,-8.299999999999997,-0.06700000000000017,-2.450000000000003,0.0,64.8,-2.776,-58.349999999999994,0.0,-6.449999999999989,-0.02400000000000091,-2.950000000000017,0.0,-2.049999999999997,0.10100000000000087,2.500000000000014,0.0,83.39999999999998,0.01699999999999946,-31.5,0.0,114.80000000000001,0.1490000000000009,132.75,0.0,50.30000000000001,4.680999999999999,47.69999999999999,0.7509999999999994,16.30000000000001,0.10300000000000153,-10.25,-12.317333333333332,-14.010428571428573,-11.212833333333334,425.98333333333335,4007.885,3951.823,3821.615,3919.6326,-34.36100000000033,3973.524
1.33,-11.107,-11.409,-11.183,-11.22,-11.22,-14.041,-14.041,-14.044,-14.044,-13.98,-13.98,-13.949,-13.949,-13.5,-13.5,-9.081,-8.372,-8.226,108.8,100.35,93.05,89.55,152.7,96.1,89.55,87.25,84.75,86.75,155.75,171.4,272.65,401.4,455.2,491.4,500.55,485.6,-14.183,-14.229,156.7,151.4,-0.3020000000000014,-8.450000000000003,0.22600000000000087,-7.299999999999997,-0.03700000000000081,-3.5,0.0,63.14999999999999,-2.8209999999999997,-56.599999999999994,0.0,-6.549999999999997,-0.0030000000000001137,-2.299999999999997,0.0,-2.5,0.06400000000000006,2.0,0.0,69.0,0.031000000000000583,15.650000000000006,0.0,101.24999999999997,0.44899999999999984,128.75,0.0,53.80000000000001,4.4190000000000005,36.19999999999999,0.7089999999999996,9.150000000000034,0.14599999999999902,-14.949999999999989,-12.269222222222222,-14.011285714285716,-11.104666666666667,434.4666666666667,3973.524,4007.885,3790.148,3948.9294,-36.891999999999825,3936.632
1.33,-11.176,-11.458,-11.181,-11.258,-11.258,-14.041,-14.041,-14.063,-14.063,-14.05,-14.05,-14.006,-14.006,-9.861,-9.861,-9.211,-8.596,-8.461,108.8,99.05,93.6,88.95,149.2,95.65,89.7,87.35,84.35,86.19999999999999,135.3,198.65,303.6,412.5,472.2,516.8,514.95,480.75,-14.209,-14.292,157.7,151.6,-0.28200000000000003,-9.75,0.277000000000001,-5.450000000000003,-0.07699999999999996,-4.6499999999999915,0.0,60.249999999999986,-2.7830000000000013,-53.54999999999998,0.0,-5.950000000000003,-0.02200000000000024,-2.3500000000000085,0.0,-3.0,0.0129999999999999,1.8499999999999943,0.0,49.10000000000002,0.04400000000000048,63.349999999999994,0.0,104.95000000000002,4.145,108.89999999999998,0.0,59.69999999999999,0.6500000000000004,44.599999999999966,0.6150000000000002,-1.849999999999909,0.1349999999999998,-34.200000000000045,-11.9245,-14.044857142857143,-9.999333333333333,450.1333333333334,3936.632,3973.524,3874.783,3944.2274000000007,-85.35899999999992,3851.273
1.33,-11.097,-11.342,-11.162,-11.324,-11.324,-14.103,-14.103,-14.143,-14.143,-13.768,-13.768,-13.751,-13.751,-9.525,-9.525,-12.102,-11.24,-9.967,110.2,97.9,94.0,88.75,146.0,95.05,89.55,87.25,84.1,85.85,122.8,194.8,345.5,411.45,479.2,529.75,531.3,481.85,-14.165,-14.067,158.0,151.7,-0.245000000000001,-12.299999999999997,0.17999999999999972,-3.9000000000000057,-0.16199999999999903,-5.25,0.0,57.25,-2.779,-50.95,0.0,-5.5,-0.040000000000000924,-2.299999999999997,0.0,-3.1500000000000057,0.375,1.75,0.0,36.95,0.017000000000001236,72.00000000000001,0.0,150.7,4.225999999999999,65.94999999999999,0.0,67.75,-2.577,50.55000000000001,0.8620000000000001,1.5499999999999545,1.2729999999999997,-49.44999999999993,-12.22988888888889,-13.968428571428573,-11.018333333333336,463.17499999999995,3851.273,3936.632,3951.823,3908.8542,-76.31600000000026,3774.957
1.33,-11.154,-11.406,-11.146,-11.362,-11.362,-13.85,-13.85,-13.854,-13.854,-13.802,-13.802,-13.755,-13.755,-8.606,-8.606,-11.945,-9.805,-9.111,112.35,97.2,93.9,89.15,141.10000000000002,94.4,89.25,87.0,84.2,85.85,114.5,188.35,374.2000000000001,412.85,481.75,519.5,520.45,483.95,-13.984,-14.019,158.2,152.4,-0.25200000000000067,-15.149999999999991,0.2599999999999998,-3.299999999999997,-0.2159999999999993,-4.75,0.0,51.95000000000002,-2.4879999999999995,-46.70000000000002,0.0,-5.150000000000006,-0.0039999999999995595,-2.25,0.0,-2.799999999999997,0.0519999999999996,1.6499999999999915,0.0,28.650000000000006,0.04699999999999882,73.85,0.0,185.8500000000001,5.149000000000001,38.64999999999992,0.0,68.89999999999998,-3.3390000000000004,37.75,2.1400000000000006,0.9500000000000455,0.6939999999999991,-36.50000000000006,-11.945833333333331,-13.823857142857142,-10.304666666666668,465.45,3774.957,3851.273,4007.885,3827.4016,-174.33500000000004,3600.622
1.33,-11.224,-11.495,-11.231,-11.387,-11.387,-13.857,-13.857,-13.883,-13.883,-13.801,-13.801,-13.76,-13.76,-8.835,-8.835,-11.939,-9.994,-9.331,114.15,96.95,93.15,89.65,139.0,94.25,88.75,86.95,84.6,86.35,108.8,199.05,357.85,420.7,479.7,518.4000000000001,514.0,487.65,-13.998,-14.053,158.8,153.2,-0.270999999999999,-17.200000000000003,0.26399999999999935,-3.799999999999997,-0.15600000000000058,-3.5,0.0,49.349999999999994,-2.469999999999999,-44.75,0.0,-5.5,-0.0259999999999998,-1.7999999999999972,0.0,-2.3500000000000085,0.08199999999999896,1.75,0.0,22.450000000000003,0.04100000000000037,90.25000000000001,0.0,158.8,4.924999999999999,62.849999999999966,0.0,59.0,-3.103999999999999,38.7000000000001,1.9450000000000003,-4.400000000000091,0.6630000000000003,-26.350000000000023,-12.014444444444443,-13.834571428571428,-10.449,463.05,3600.622,3774.957,3973.524,3729.3114,-117.54899999999998,3483.073
1.33,-11.277,-11.52,-11.288,-11.401,-11.401,-13.846,-13.846,-13.875,-13.875,-13.775,-13.775,-13.747,-13.747,-9.315,-9.315,-13.201,-12.489,-10.457,115.45,97.55,91.95,90.0,137.9,95.1,88.4,87.0,84.85,86.95,104.05,216.55,346.5,434.4500000000001,480.15,512.55,511.75,487.25,-13.993,-14.033,159.2,153.6,-0.24300000000000033,-17.900000000000006,0.23199999999999932,-5.599999999999994,-0.11299999999999955,-1.9500000000000028,0.0,47.900000000000006,-2.4450000000000003,-42.80000000000001,0.0,-6.699999999999989,-0.028999999999999915,-1.4000000000000057,0.0,-2.1500000000000057,0.09999999999999964,2.1000000000000085,0.0,17.099999999999994,0.02800000000000047,112.50000000000001,0.0,129.95,4.432,87.9500000000001,0.0,45.699999999999875,-3.886000000000001,32.39999999999998,0.7119999999999997,-0.7999999999999545,2.032,-24.5,-12.341666666666665,-13.819857142857144,-11.420666666666667,462.1083333333333,3483.073,3600.622,3936.632,3635.7059999999997,-14.467999999999847,3468.605
1.33,-11.224,-11.495,-11.185,-11.279,-11.279,-13.838,-13.838,-13.869,-13.869,-13.785,-13.785,-13.736,-13.736,-9.25,-9.25,-13.204,-13.006,-10.46,114.8,98.85,91.05,90.05000000000001,136.85000000000002,96.0,88.0,86.7,84.94999999999999,87.15,101.85,204.8,355.45000000000005,449.7000000000001,479.9500000000001,513.25,506.55,485.5,-13.988,-14.025,159.5,153.1,-0.270999999999999,-15.950000000000003,0.3099999999999987,-7.799999999999997,-0.09399999999999942,-0.9999999999999858,0.0,46.80000000000001,-2.5589999999999993,-40.85000000000002,0.0,-8.0,-0.031000000000000583,-1.2999999999999972,0.0,-1.7500000000000142,0.08399999999999963,2.200000000000017,0.0,14.699999999999989,0.04899999999999949,102.95000000000002,0.0,150.65000000000003,4.486000000000001,94.25000000000006,0.0,30.25,-3.9540000000000006,33.2999999999999,0.1980000000000004,-6.699999999999989,2.5459999999999994,-21.05000000000001,-12.338222222222221,-13.817142857142857,-11.484333333333334,465.06666666666666,3468.605,3483.073,3851.273,3553.7472000000002,-27.126000000000204,3441.479
1.33,-11.129,-11.447,-11.105,-11.221,-11.221,-13.838,-13.838,-13.855,-13.855,-13.79,-13.79,-13.744,-13.744,-8.823,-8.823,-13.16,-12.956,-10.66,114.3,100.05,90.65,89.55,138.4,96.15,87.75,86.25,84.85,86.85,103.35,187.65,364.35,446.15,482.05,508.25,507.9500000000001,485.35,-13.984,-14.015,159.7,152.9,-0.3179999999999996,-14.25,0.34199999999999875,-9.399999999999991,-0.11599999999999966,-1.1000000000000085,0.0,48.85000000000001,-2.616999999999999,-42.25,0.0,-8.400000000000006,-0.017000000000001236,-1.5,0.0,-1.4000000000000057,0.06500000000000128,2.0,0.0,16.5,0.045999999999999375,84.30000000000001,0.0,176.70000000000002,4.920999999999999,81.79999999999995,0.0,35.900000000000034,-4.337,26.19999999999999,0.20400000000000063,-0.2999999999998977,2.2959999999999994,-22.60000000000008,-12.277722222222222,-13.815714285714282,-11.360999999999999,465.68333333333334,3441.479,3468.605,3774.957,3487.9195999999997,4.3400000000001455,3445.819
1.33,-11.083,-11.427,-11.117,-11.208,-11.208,-13.83,-13.83,-13.877,-13.877,-13.779,-13.779,-13.747,-13.747,-8.762,-8.762,-13.092,-12.726,-10.469,114.35,100.75,90.55,88.55,139.65,96.0,87.25,85.9,84.44999999999999,86.75,109.45,173.0,354.4,445.0,487.8,509.55,503.65,482.8,-13.987,-14.031,159.7,152.8,-0.3439999999999994,-13.599999999999994,0.3099999999999987,-10.200000000000003,-0.0909999999999993,-2.0,0.0,51.10000000000001,-2.622,-43.650000000000006,0.0,-8.75,-0.0470000000000006,-1.3499999999999943,0.0,-1.450000000000017,0.09800000000000075,2.3000000000000114,0.0,22.700000000000003,0.03200000000000003,63.55,0.0,181.39999999999998,4.984999999999999,90.60000000000002,0.0,42.80000000000001,-4.33,21.75,0.36599999999999966,-5.900000000000034,2.2570000000000014,-20.849999999999966,-12.240000000000002,-13.816999999999998,-11.259666666666666,463.86666666666673,3445.819,3441.479,3600.622,3463.6864,33.63700000000017,3479.456
1.33,-11.001,-11.343,-11.133,-11.242,-11.242,-13.828,-13.828,-13.862,-13.862,-13.736,-13.736,-13.708,-13.708,-10.706,-10.706,-11.065,-9.53,-9.017,114.2,100.9,91.35,87.65,141.75,95.45,86.8,85.55000000000001,83.9,86.80000000000001,122.7,174.7,323.35,450.95,489.15,515.65,503.1,483.8,-13.978,-14.018,159.3,153.2,-0.3420000000000005,-13.299999999999997,0.21000000000000085,-9.550000000000011,-0.10900000000000176,-3.6999999999999886,0.0,54.099999999999994,-2.5859999999999985,-46.3,0.0,-8.650000000000006,-0.034000000000000696,-1.2499999999999858,0.0,-1.6500000000000057,0.12599999999999945,2.9000000000000057,0.0,35.89999999999999,0.02800000000000047,51.999999999999986,0.0,148.65000000000003,3.0020000000000007,127.59999999999997,0.0,38.19999999999999,-0.359,26.5,1.5350000000000001,-12.549999999999955,0.5129999999999999,-19.30000000000001,-12.06961111111111,-13.794285714285715,-10.788666666666666,461.0,3479.456,3445.819,3483.073,3456.1632,-33.99900000000025,3445.457
1.33,-10.941,-11.324,-11.169,-11.266,-11.266,-13.804,-13.804,-13.827,-13.827,-13.74,-13.74,-13.702,-13.702,-10.795,-10.795,-11.092,-9.502,-9.038,114.4,100.9,92.4,87.3,143.14999999999998,94.45,86.80000000000001,85.25,83.6,86.15,119.2,179.10000000000002,305.8,456.1,486.5,510.55,506.85,481.35,-13.959,-13.998,158.6,153.1,-0.3829999999999991,-13.5,0.15499999999999936,-8.5,-0.09699999999999953,-5.1000000000000085,0.0,55.84999999999998,-2.5380000000000003,-48.699999999999974,0.0,-7.6499999999999915,-0.022999999999999687,-1.5500000000000114,0.0,-1.6500000000000057,0.08699999999999974,2.5500000000000114,0.0,33.05,0.038000000000000256,59.90000000000002,0.0,126.69999999999999,2.907,150.3,0.0,30.399999999999977,-0.2970000000000006,24.05000000000001,1.5899999999999999,-3.6999999999999886,0.4640000000000004,-25.5,-12.074111111111112,-13.777714285714284,-10.820666666666668,457.85833333333335,3445.457,3479.456,3468.605,3451.5335999999998,0.0,3445.457
1.33,-10.889,-11.276,-11.163,-11.261,-11.261,-13.798,-13.798,-13.816,-13.816,-13.658,-13.658,-13.619,-13.619,-11.389,-11.389,-11.01,-9.505,-9.099,115.3,100.8,93.15,87.19999999999999,143.1,93.5,87.0,84.85,83.4,85.55000000000001,118.1,177.75,312.7,444.4,488.0,504.1,501.5,483.65,-13.947,-13.988,157.7,152.4,-0.38700000000000045,-14.5,0.11299999999999955,-7.6499999999999915,-0.09799999999999898,-5.950000000000017,0.0,55.900000000000006,-2.537000000000001,-49.599999999999994,0.0,-6.5,-0.018000000000000682,-2.1500000000000057,0.0,-1.4499999999999886,0.15800000000000125,2.1500000000000057,0.0,32.54999999999998,0.0389999999999997,59.650000000000006,0.0,134.95,2.2300000000000004,131.7,0.0,43.60000000000002,0.37899999999999956,16.100000000000023,1.504999999999999,-2.6000000000000227,0.4060000000000006,-17.850000000000023,-12.112444444444444,-13.737571428571428,-11.001833333333332,455.72499999999997,3445.457,3445.457,3441.479,3456.0908000000004,18.807999999999993,3464.265
1.33,-11.01,-11.324,-11.158,-11.25,-11.25,-13.723,-13.723,-13.754,-13.754,-13.718,-13.718,-13.691,-13.691,-10.605,-10.605,-10.853,-9.589,-9.143,115.8,100.8,93.85,87.8,141.15,92.95,87.3,84.45,83.15,85.15,113.55,177.8,309.85,426.5,492.7000000000001,506.7,500.45,485.75,-13.883,-13.929,157.7,151.0,-0.31400000000000006,-15.0,0.16600000000000037,-6.950000000000003,-0.09200000000000053,-6.049999999999997,0.0,53.35000000000001,-2.4730000000000008,-48.2,0.0,-5.650000000000006,-0.030999999999998806,-2.8499999999999943,0.0,-1.2999999999999972,0.03599999999999959,2.0,0.0,28.39999999999999,0.026999999999999247,64.25000000000001,0.0,132.05,3.0860000000000003,116.64999999999998,0.0,66.2000000000001,-0.24799999999999933,13.999999999999886,1.2639999999999993,-6.25,0.44599999999999973,-14.699999999999989,-12.031055555555556,-13.725857142857143,-10.747666666666666,453.65833333333336,3464.265,3445.457,3445.819,3480.3964,103.08200000000033,3567.347
1.33,-11.089,-11.354,-11.176,-11.28,-11.28,-13.79,-13.79,-13.808,-13.808,-13.713,-13.713,-13.676,-13.676,-9.102,-9.102,-10.831,-9.465,-9.118,116.6,100.85,93.7,88.75,139.35,92.85,87.55,84.45,83.7,85.55000000000001,107.65,164.35,309.6,423.6,493.1,521.8,516.5,481.3,-13.942,-13.961,157.7,151.9,-0.2649999999999988,-15.75,0.17799999999999905,-7.1499999999999915,-0.1039999999999992,-4.950000000000003,0.0,50.599999999999994,-2.51,-46.5,0.0,-5.299999999999997,-0.018000000000000682,-3.0999999999999943,0.0,-0.75,0.09500000000000064,1.8500000000000085,0.0,22.099999999999994,0.036999999999999034,56.69999999999999,0.0,145.25000000000003,4.574,114.0,0.0,69.5,-1.7289999999999992,28.699999999999932,1.3659999999999997,-5.2999999999999545,0.34699999999999953,-35.19999999999999,-11.876166666666663,-13.756857142857141,-10.215666666666667,457.6500000000001,3567.347,3464.265,3479.456,3513.1655999999994,75.95499999999993,3643.302
1.33,-11.089,-11.423,-11.154,-11.234,-11.234,-13.782,-13.782,-13.798,-13.798,-13.717,-13.717,-13.68,-13.68,-8.892,-8.892,-10.736,-9.165,-8.79,117.05,101.1,93.75,89.4,138.25,93.5,87.5,84.65,84.19999999999999,86.7,108.65,166.60000000000002,310.95,425.65,489.35,517.5999999999999,512.7,482.55,-13.928,-13.953,157.0,156.4,-0.33399999999999963,-15.950000000000003,0.26900000000000013,-7.349999999999994,-0.08000000000000007,-4.349999999999994,0.0,48.849999999999994,-2.548,-44.75,0.0,-6.0,-0.016000000000000014,-2.8499999999999943,0.0,-0.45000000000001705,0.08099999999999952,2.500000000000014,0.0,21.950000000000003,0.03700000000000081,57.95000000000002,0.0,144.34999999999997,4.788,114.69999999999999,0.0,63.700000000000045,-1.8440000000000012,28.249999999999886,1.5710000000000015,-4.899999999999864,0.375,-30.150000000000034,-11.809055555555554,-13.753428571428572,-10.025833333333333,456.4666666666667,3643.302,3567.347,3445.457,3551.0708,-8.31899999999996,3634.983
1.33,-10.99,-11.287,-11.122,-11.241,-11.241,-13.774,-13.774,-13.798,-13.798,-13.59,-13.59,-13.554,-13.554,-13.399,-13.399,-10.724,-9.064,-8.725,117.1,101.45,93.85,90.05000000000001,136.8,94.5,87.2,85.0,84.45,86.75,116.4,205.1,283.35,423.15,480.2000000000001,505.15,510.4,482.85,-13.93,-13.959,156.2,158.2,-0.2970000000000006,-15.649999999999991,0.16500000000000092,-7.6000000000000085,-0.11899999999999977,-3.799999999999983,0.0,46.75,-2.5329999999999995,-42.30000000000001,0.0,-7.299999999999997,-0.02400000000000091,-2.200000000000003,0.0,-0.5499999999999972,0.20800000000000018,2.299999999999997,0.0,29.650000000000006,0.03599999999999959,88.69999999999999,0.0,78.25000000000003,0.15500000000000114,139.79999999999995,0.0,57.050000000000125,2.674999999999999,24.949999999999875,1.6600000000000001,5.25,0.3390000000000004,-27.549999999999955,-12.256888888888888,-13.696857142857143,-11.4775,447.51666666666665,3634.983,3643.302,3445.457,3588.2526,-3.617000000000189,3631.366
1.33,-10.96,-11.298,-11.113,-11.25,-11.25,-13.663,-13.663,-13.687,-13.687,-13.596,-13.596,-13.553,-13.553,-13.392,-13.392,-10.692,-9.277,-8.885,116.95,101.95,93.85,90.0,137.15,95.55,86.55,85.19999999999999,84.7,87.1,116.6,216.8,272.7,414.25,478.1,482.3,497.5,483.1,-13.837,-13.845,156.7,159.9,-0.3379999999999992,-15.0,0.1850000000000005,-8.100000000000009,-0.13700000000000045,-3.8499999999999943,0.0,47.150000000000006,-2.4130000000000003,-41.60000000000001,0.0,-9.0,-0.023999999999999133,-1.3500000000000085,0.0,-0.4999999999999858,0.0909999999999993,2.3999999999999915,0.0,29.5,0.04299999999999926,100.20000000000002,0.0,55.89999999999998,0.16100000000000136,141.55,0.0,63.85000000000002,2.6999999999999993,4.199999999999989,1.415000000000001,15.199999999999989,0.39199999999999946,-14.399999999999977,-12.250388888888887,-13.635,-11.531833333333333,437.99166666666673,3631.366,3634.983,3464.265,3642.2889999999998,103.08100000000013,3734.447
1.33,-11.027,-11.358,-11.136,-11.253,-11.253,-13.659,-13.659,-13.691,-13.691,-13.612,-13.612,-13.573,-13.573,-13.005,-13.005,-12.956,-12.692,-10.683,116.7,102.15,94.45,89.9,138.0,95.85,85.85,85.2,84.85,87.8,125.85,220.6,334.65,413.15,478.75,492.55,494.2,483.85,-13.83,-13.849,159.0,158.3,-0.3310000000000013,-14.549999999999997,0.2220000000000013,-7.700000000000003,-0.11700000000000088,-4.549999999999997,0.0,48.099999999999994,-2.4060000000000006,-42.150000000000006,0.0,-10.0,-0.03200000000000003,-0.6499999999999915,0.0,-0.3500000000000085,0.07900000000000063,2.950000000000003,0.0,38.05,0.0389999999999997,94.75,0.0,114.04999999999998,0.5679999999999996,78.5,0.0,65.60000000000002,0.049000000000001265,13.800000000000011,0.26399999999999935,1.6499999999999773,2.0090000000000003,-10.349999999999966,-12.635444444444445,-13.64242857142857,-12.652333333333331,449.5249999999999,3734.447,3631.366,3567.347,3694.8062,95.48599999999988,3829.933
1.33,-10.951,-11.305,-11.124,-11.22,-11.22,-13.671,-13.671,-13.694,-13.694,-13.641,-13.641,-13.608,-13.608,-8.258,-8.258,-12.26,-11.259,-9.701,116.4,102.15,94.95,90.4,138.85,96.85,85.5,84.85,85.0,88.25,142.05,212.5,381.55,407.7,471.2,504.5,514.7,479.1,-13.845,-13.88,161.4,156.2,-0.3539999999999992,-14.25,0.18099999999999916,-7.200000000000003,-0.09600000000000009,-4.549999999999997,0.0,48.44999999999999,-2.4509999999999987,-42.0,0.0,-11.349999999999994,-0.023000000000001464,-0.6500000000000057,0.0,0.15000000000000568,0.053000000000000824,3.25,0.0,53.80000000000001,0.032999999999999474,70.44999999999999,0.0,169.05,5.350000000000001,26.149999999999977,0.0,63.5,-4.002000000000001,33.30000000000001,1.0009999999999994,10.200000000000045,1.5579999999999998,-35.60000000000002,-11.932444444444446,-13.660000000000002,-10.557333333333334,459.7916666666667,3829.933,3734.447,3643.302,3756.655,122.61299999999983,3952.546
1.33,-10.996,-11.354,-11.103,-11.233,-11.233,-13.648,-13.648,-13.71,-13.71,-13.699,-13.699,-13.675,-13.675,-8.162,-8.162,-10.359,-8.992,-8.68,115.4,102.2,95.35,90.6,141.60000000000002,96.7,85.6,84.19999999999999,85.05,88.0,154.64999999999998,193.55,403.65,420.4,477.7,495.6,503.55,479.75,-13.899,-13.962,164.0,153.7,-0.35799999999999876,-13.200000000000003,0.25099999999999945,-6.8500000000000085,-0.13000000000000078,-4.75,0.0,51.00000000000003,-2.414999999999999,-44.90000000000002,0.0,-11.100000000000009,-0.062000000000001165,-1.4000000000000057,0.0,0.8500000000000085,0.011000000000001009,2.950000000000003,0.0,66.64999999999998,0.023999999999999133,38.900000000000034,0.0,210.09999999999997,5.513,16.75,0.0,57.30000000000001,-2.196999999999999,17.900000000000034,1.366999999999999,7.949999999999989,0.31200000000000117,-23.80000000000001,-11.652111111111115,-13.684142857142858,-9.671666666666669,463.44166666666666,3952.546,3829.933,3634.983,3786.4581999999996,-168.54700000000003,3783.999
1.33,-10.889,-11.305,-11.073,-11.215,-11.215,-13.748,-13.748,-13.791,-13.791,-13.7,-13.7,-13.672,-13.672,-8.182,-8.182,-9.918,-8.66,-8.429,113.55,101.95,95.6,90.5,142.85000000000002,96.3,85.85,83.7,85.0,87.6,145.5,176.4,381.1,450.2,479.9500000000001,503.05,500.9,482.5,-13.909,-13.927,164.3,151.1,-0.41600000000000037,-11.599999999999994,0.23199999999999932,-6.3500000000000085,-0.14199999999999946,-5.099999999999994,0.0,52.35000000000002,-2.5329999999999995,-46.550000000000026,0.0,-10.450000000000003,-0.04300000000000104,-2.1499999999999915,0.0,1.2999999999999972,0.09100000000000108,2.5999999999999943,0.0,57.900000000000006,0.027999999999998693,30.900000000000006,0.0,204.70000000000002,5.49,69.09999999999997,0.0,29.750000000000114,-1.7359999999999989,23.09999999999991,1.2579999999999991,-2.150000000000034,0.23099999999999987,-18.399999999999977,-11.604999999999999,-13.735714285714286,-9.507166666666668,466.2833333333333,3783.999,3952.546,3631.366,3799.5513999999994,-87.16699999999992,3696.832
1.33,-10.925,-11.321,-11.071,-11.13,-11.13,-13.746,-13.746,-13.779,-13.779,-13.687,-13.687,-13.66,-13.66,-8.404,-8.404,-9.754,-8.173,-7.884,111.9,101.6,95.8,90.95,142.85,96.2,86.3,83.5,85.15,87.35,137.4,170.60000000000002,347.85,463.55,477.1,500.1,500.15,478.3,-13.911,-13.931,163.0,148.7,-0.395999999999999,-10.300000000000011,0.25,-5.799999999999997,-0.05900000000000105,-4.849999999999994,0.0,51.89999999999999,-2.6159999999999997,-46.64999999999999,0.0,-9.900000000000006,-0.032999999999999474,-2.799999999999997,0.0,1.6500000000000057,0.09200000000000053,2.1999999999999886,0.0,50.05000000000001,0.026999999999999247,33.20000000000002,0.0,177.25,5.256,115.69999999999999,0.0,13.550000000000011,-1.3499999999999996,23.0,1.5809999999999995,0.049999999999954525,0.2889999999999997,-21.849999999999966,-11.552222222222222,-13.726285714285712,-9.379833333333334,461.175,3696.832,3783.999,3734.447,3761.5017999999995,-152.6329999999998,3544.199
1.33,-10.88,-11.271,-11.099,-11.186,-11.186,-13.739,-13.739,-13.77,-13.77,-13.704,-13.704,-13.662,-13.662,-8.945,-8.945,-7.784,-7.187,-7.128,110.7,101.1,95.55,91.45,140.5,96.05,86.95,83.4,85.55000000000001,87.55000000000001,136.6,171.05,315.95,467.75,483.1,494.6,498.5,476.8,-13.906,-13.936,161.3,147.3,-0.391,-9.600000000000009,0.1720000000000006,-5.549999999999997,-0.08699999999999974,-4.099999999999994,0.0,49.05,-2.553000000000001,-44.45,0.0,-9.099999999999994,-0.030999999999998806,-3.549999999999997,0.0,2.1500000000000057,0.06599999999999895,2.0,0.0,49.04999999999998,0.041999999999999815,34.45000000000002,0.0,144.89999999999998,4.7170000000000005,151.8,0.0,15.350000000000023,1.1610000000000005,11.5,0.5969999999999995,3.8999999999999773,0.05900000000000016,-21.69999999999999,-11.408944444444444,-13.726857142857146,-8.941833333333333,456.11666666666673,3544.199,3696.832,3829.933,3700.3762,-19.894000000000233,3524.305
1.33,-10.892,-11.244,-11.102,-11.226,-11.226,-13.739,-13.739,-13.783,-13.783,-13.704,-13.704,-13.685,-13.685,-9.379,-9.379,-7.727,-7.317,-7.34,111.0,100.05,95.5,91.95,138.4,96.5,87.35,83.5,85.85,87.94999999999999,125.55,177.9,315.85,460.95,494.1,504.95,497.5,476.05,-13.909,-13.927,159.6,147.1,-0.3520000000000003,-10.950000000000003,0.14199999999999946,-4.549999999999997,-0.12400000000000055,-3.549999999999997,0.0,46.45,-2.513,-41.900000000000006,0.0,-9.150000000000006,-0.04399999999999871,-3.8499999999999943,0.0,2.3499999999999943,0.07899999999999885,2.0999999999999943,0.0,37.60000000000001,0.019000000000000128,52.35000000000001,0.0,137.95000000000002,4.306000000000001,145.09999999999997,0.0,33.150000000000034,1.6519999999999992,10.849999999999966,0.41000000000000014,-7.449999999999989,-0.022999999999999687,-21.44999999999999,-11.48077777777778,-13.733857142857143,-9.137833333333333,458.2333333333334,3524.305,3544.199,3952.546,3635.3444000000004,103.08200000000033,3627.387
1.33,-10.977,-11.286,-11.096,-11.228,-11.228,-13.772,-13.772,-13.805,-13.805,-13.718,-13.718,-13.685,-13.685,-9.019,-9.019,-8.002,-7.324,-7.312,112.05,99.05,95.35,91.95,136.2,97.45,87.45,84.0,86.0,88.05000000000001,116.6,178.8,323.6,445.85,500.2,512.1,503.1,475.85,-13.923,-13.955,158.2,147.9,-0.3089999999999993,-13.0,0.1899999999999995,-3.700000000000003,-0.13199999999999967,-3.3999999999999915,0.0,44.249999999999986,-2.5440000000000005,-38.749999999999986,0.0,-10.0,-0.032999999999999474,-3.450000000000003,0.0,2.0,0.08699999999999974,2.0500000000000114,0.0,28.549999999999983,0.032999999999999474,62.20000000000002,0.0,144.8,4.666,122.25,0.0,54.349999999999966,1.0169999999999995,11.900000000000034,0.6780000000000008,-9.0,0.011999999999999567,-27.25,-11.469500000000004,-13.75357142857143,-9.060166666666666,460.1166666666666,3627.387,3524.305,3783.999,3617.1876,65.82799999999997,3693.215
1.33,-11.047,-11.338,-11.119,-11.23,-11.23,-13.771,-13.771,-13.793,-13.793,-13.723,-13.723,-13.682,-13.682,-8.798,-8.798,-8.249,-7.407,-7.285,112.3,98.45,95.15,91.75,134.45,97.8,87.35,84.5,85.9,87.85,116.05,191.8,340.65,430.9,501.9,519.1500000000001,508.85,476.05,-13.924,-13.955,157.4,149.4,-0.2909999999999986,-13.849999999999994,0.21899999999999942,-3.299999999999997,-0.11100000000000065,-3.4000000000000057,0.0,42.69999999999999,-2.5410000000000004,-36.64999999999999,0.0,-10.450000000000003,-0.021999999999998465,-2.8499999999999943,0.0,1.4000000000000057,0.06999999999999851,1.9499999999999886,0.0,28.200000000000003,0.04100000000000037,75.75000000000001,0.0,148.84999999999997,4.884,90.25,0.0,71.0,0.5489999999999995,17.250000000000114,0.8420000000000005,-10.300000000000068,0.12199999999999989,-32.80000000000001,-11.468833333333333,-13.750857142857143,-9.036499999999998,462.9166666666667,3693.215,3627.387,3696.832,3621.7447999999995,26.402999999999793,3719.618
1.33,-11.004,-11.361,-11.132,-11.235,-11.235,-13.76,-13.76,-13.797,-13.797,-13.723,-13.723,-13.684,-13.684,-8.981,-8.981,-8.65,-7.791,-7.558,111.75,98.55,94.7,91.6,133.4,97.85,87.5,84.85,85.9,87.85,123.5,203.95,353.0,429.25,497.95,519.9000000000001,513.55,477.65,-13.94,-13.973,157.1,150.8,-0.3570000000000011,-13.200000000000003,0.22900000000000098,-3.8499999999999943,-0.10299999999999976,-3.1000000000000085,0.0,41.80000000000001,-2.5250000000000004,-35.55000000000001,0.0,-10.349999999999994,-0.03700000000000081,-2.6500000000000057,0.0,1.0500000000000114,0.07399999999999984,1.9499999999999886,0.0,35.650000000000006,0.03900000000000148,80.44999999999999,0.0,149.05,4.702999999999999,76.25,0.0,68.69999999999999,0.3309999999999995,21.950000000000102,0.859,-6.350000000000136,0.23300000000000054,-35.89999999999998,-11.547555555555554,-13.749142857142857,-9.274166666666668,465.2166666666667,3719.618,3693.215,3544.199,3650.0288,-33.998999999999796,3685.619
1.33,-10.896,-11.3,-11.094,-11.238,-11.238,-13.779,-13.779,-13.813,-13.813,-13.685,-13.685,-13.657,-13.657,-8.992,-8.992,-8.825,-8.275,-8.171,111.35,99.05,93.85,91.7,131.55,97.8,87.6,84.85,86.05000000000001,88.1,125.6,202.05,367.9,431.85,490.85,516.95,511.2000000000001,482.85,-13.924,-13.933,157.2,151.5,-0.4039999999999999,-12.299999999999997,0.2060000000000013,-5.200000000000003,-0.14400000000000013,-2.1499999999999915,0.0,39.85000000000001,-2.5410000000000004,-33.750000000000014,0.0,-10.200000000000003,-0.034000000000000696,-2.75,0.0,1.200000000000017,0.1280000000000001,2.049999999999983,0.0,37.5,0.02800000000000047,76.45000000000002,0.0,165.84999999999997,4.664999999999999,63.950000000000045,0.0,59.0,0.1670000000000016,26.100000000000023,0.5499999999999989,-5.749999999999943,0.10400000000000098,-28.35000000000008,-11.604944444444444,-13.744428571428571,-9.485333333333333,466.93333333333334,3685.619,3719.618,3524.305,3679.1812000000004,-15.552000000000135,3670.067
1.33,-10.786,-11.241,-11.095,-11.209,-11.209,-13.744,-13.744,-13.771,-13.771,-13.7,-13.7,-13.657,-13.657,-8.339,-8.339,-8.783,-8.098,-8.011,111.65,99.15,93.1,91.5,130.14999999999998,97.45,87.85,84.80000000000001,86.2,88.45,125.6,188.4,372.0,438.95,486.65,511.45,510.1,485.95,-13.902,-13.924,157.5,149.8,-0.45500000000000007,-12.5,0.14599999999999902,-6.050000000000011,-0.11399999999999899,-1.5999999999999943,0.0,38.64999999999998,-2.535,-32.699999999999974,0.0,-9.600000000000009,-0.027000000000001023,-3.049999999999983,0.0,1.3999999999999915,0.0710000000000015,2.25,0.0,37.14999999999999,0.04299999999999926,62.80000000000001,0.0,183.6,5.318,66.94999999999999,0.0,47.69999999999999,-0.44399999999999906,24.80000000000001,0.6849999999999987,-1.349999999999966,0.08700000000000152,-24.150000000000034,-11.491888888888889,-13.726714285714285,-9.204500000000001,467.51666666666665,3670.067,3685.619,3627.387,3677.6622,-50.27500000000009,3619.792
1.33,-10.821,-11.222,-11.107,-11.217,-11.217,-13.745,-13.745,-13.777,-13.777,-13.596,-13.596,-13.542,-13.542,-8.351,-8.351,-8.738,-8.018,-7.871,112.4,98.75,92.85,90.9,130.35,97.3,88.25,84.95,86.1,88.7,124.9,175.14999999999998,371.55,444.1,487.15,512.1,505.8,485.0,-13.904,-13.928,157.5,148.9,-0.4009999999999998,-13.650000000000006,0.11500000000000021,-5.900000000000006,-0.11000000000000121,-1.9499999999999886,0.0,39.44999999999999,-2.5279999999999987,-33.05,0.0,-9.049999999999997,-0.03200000000000003,-3.299999999999997,0.0,1.1499999999999915,0.18099999999999916,2.6000000000000085,0.0,36.2,0.05400000000000027,50.24999999999997,0.0,196.40000000000003,5.190999999999999,72.55000000000001,0.0,43.049999999999955,-0.3869999999999987,24.950000000000045,0.7199999999999989,-6.300000000000011,0.14700000000000024,-20.80000000000001,-11.45738888888889,-13.68257142857143,-9.145166666666666,467.61666666666673,3619.792,3670.067,3693.215,3667.6072,23.14800000000014,3642.94
1.33,-11.031,-11.737,-11.087,-11.227,-11.227,-13.677,-13.677,-13.683,-13.683,-13.516,-13.516,-13.544,-13.544,-8.755,-8.755,-9.776,-9.807,-9.066,113.3,98.4,93.2,90.2,130.2,97.15,88.65,85.0,85.65,88.45,122.2,177.7,340.20000000000005,451.15,487.7,515.8,507.3,484.8,-13.827,-13.864,157.2,148.1,-0.7059999999999995,-14.899999999999991,0.6500000000000004,-5.200000000000003,-0.14000000000000057,-3.0,0.0,39.999999999999986,-2.4499999999999993,-33.04999999999998,0.0,-8.5,-0.006000000000000227,-3.6500000000000057,0.0,0.6500000000000057,0.16699999999999982,2.799999999999997,0.0,33.75,-0.02800000000000047,55.499999999999986,0.0,162.50000000000006,4.789,110.94999999999993,0.0,36.55000000000001,-1.020999999999999,28.099999999999966,-0.031000000000000583,-8.499999999999943,0.7409999999999997,-22.5,-11.739333333333335,-13.613714285714286,-9.9505,464.49166666666673,3642.94,3619.792,3719.618,3655.3822,15.552999999999884,3658.493
1.33,-10.623,-10.935,-11.106,-11.266,-11.266,-13.192,-13.192,-13.313,-13.313,-13.677,-13.677,-13.639,-13.639,-9.201,-9.201,-9.606,-9.645,-9.08,114.55,98.75,93.25,89.4,128.0,96.55,89.0,85.19999999999999,85.3,88.25,120.3,171.85,316.4,447.2,491.8,516.9,509.95,481.95,-13.73,-13.824,155.1,147.4,-0.31200000000000117,-15.799999999999997,-0.17099999999999937,-5.5,-0.16000000000000014,-3.8499999999999943,0.0,38.599999999999994,-1.9260000000000002,-31.450000000000003,0.0,-7.549999999999997,-0.12100000000000044,-3.8000000000000114,0.0,0.10000000000000853,-0.363999999999999,2.950000000000003,0.0,32.05,0.038000000000000256,51.55,0.0,144.54999999999998,4.437999999999999,130.8,0.0,44.60000000000002,-0.40499999999999936,25.099999999999966,-0.0389999999999997,-6.949999999999989,0.5649999999999995,-28.0,-11.642833333333336,-13.429,-10.062,460.6999999999999,3658.493,3642.94,3685.619,3637.7318,-61.12599999999975,3597.367
1.33,-10.588,-10.9,-11.131,-11.231,-11.231,-13.742,-13.742,-13.753,-13.753,-13.644,-13.644,-13.6,-13.6,-9.044,-9.044,-8.212,-7.652,-7.649,116.1,99.3,93.05,89.05000000000001,123.65,95.75,89.1,85.5,84.94999999999999,88.0,118.95,167.85,320.0,443.4,493.9,520.55,511.5,483.8,-13.864,-13.93,154.4,146.8,-0.31200000000000117,-16.799999999999997,-0.23099999999999987,-6.25,-0.09999999999999964,-3.999999999999986,0.0,34.599999999999994,-2.511000000000001,-27.900000000000006,0.0,-6.650000000000006,-0.010999999999999233,-3.5999999999999943,0.0,-0.5500000000000114,0.10899999999999999,3.0500000000000114,0.0,30.950000000000003,0.04400000000000048,48.89999999999999,0.0,152.15,4.555999999999999,123.39999999999998,0.0,50.5,0.8320000000000007,26.649999999999977,0.5599999999999996,-9.049999999999955,0.0030000000000001137,-27.69999999999999,-11.453333333333333,-13.696857142857143,-9.200166666666666,462.19166666666666,3597.367,3658.493,3670.067,3707.6826,422.4539999999997,4019.821
1.33,-10.419,-10.825,-11.112,-11.223,-11.223,-13.694,-13.694,-13.723,-13.723,-13.639,-13.639,-13.609,-13.609,-9.008,-9.008,-8.055,-7.472,-7.425,116.75,99.7,92.75,89.35,121.5,94.95,89.1,85.9,84.65,87.3,117.05,162.7,318.1,429.4,493.1,521.45,513.1,484.25,-13.848,-13.907,154.4,146.9,-0.4059999999999988,-17.049999999999997,-0.2870000000000008,-6.950000000000003,-0.11100000000000065,-3.4000000000000057,0.0,32.150000000000006,-2.471,-26.549999999999997,0.0,-5.8500000000000085,-0.028999999999999915,-3.1999999999999886,0.0,-1.25,0.0840000000000014,2.6499999999999915,0.0,29.75,0.02999999999999936,45.64999999999999,0.0,155.40000000000003,4.601000000000001,111.29999999999995,0.0,63.700000000000045,0.9529999999999994,28.350000000000023,0.5829999999999993,-8.350000000000023,0.0470000000000006,-28.850000000000023,-11.394444444444447,-13.67442857142857,-9.096166666666665,459.90000000000003,4019.821,3597.367,3619.792,3789.2074000000002,7.595000000000255,4027.416
1.33,-10.422,-10.834,-11.087,-10.674,-10.674,-13.683,-13.683,-13.717,-13.717,-13.643,-13.643,-13.623,-13.623,-9.262,-9.262,-8.179,-7.68,-7.621,117.4,100.55,92.6,89.6,121.75,94.45,88.9,86.1,84.55,86.8,109.35,162.8,319.75,419.1,489.55,518.75,512.95,486.55,-13.848,-13.928,154.3,148.3,-0.41199999999999903,-16.85000000000001,-0.2530000000000001,-7.950000000000003,0.41300000000000026,-3.0,0.0,32.150000000000006,-3.0090000000000003,-27.299999999999997,0.0,-5.549999999999997,-0.034000000000000696,-2.8000000000000114,0.0,-1.5499999999999972,0.07399999999999984,2.25,0.0,22.549999999999997,0.02000000000000135,53.45000000000002,0.0,156.95,4.360999999999999,99.35000000000002,0.0,70.44999999999999,1.0830000000000002,29.19999999999999,0.49900000000000055,-5.7999999999999545,0.058999999999999275,-26.400000000000034,-11.390388888888888,-13.672714285714287,-9.271166666666668,457.7750000000001,4027.416,4019.821,3642.94,3851.7798000000003,-71.61400000000003,3955.802
1.33,-10.545,-10.852,-12.328,-12.41,-12.41,-13.694,-13.694,-13.727,-13.727,-13.647,-13.647,-13.609,-13.609,-9.171,-9.171,-8.46,-7.756,-7.665,117.95,101.6,92.9,89.45,124.45,94.35,88.85,86.25,84.5,86.4,103.1,164.7,307.25,415.75,484.7,517.5,508.2000000000001,487.4,-13.854,-13.912,154.0,150.1,-0.3070000000000004,-16.35000000000001,-1.475999999999999,-8.699999999999989,-0.08200000000000074,-3.450000000000003,0.0,35.0,-1.2840000000000007,-30.10000000000001,0.0,-5.5,-0.032999999999999474,-2.5999999999999943,0.0,-1.75,0.08000000000000007,1.9000000000000057,0.0,16.69999999999999,0.038000000000000256,61.599999999999994,0.0,142.55,4.438000000000001,108.5,0.0,68.94999999999999,0.7109999999999985,32.80000000000001,0.7040000000000006,-9.299999999999898,0.09100000000000019,-20.800000000000125,-11.673444444444446,-13.677857142857144,-9.305333333333333,453.4666666666667,3955.802,4027.416,3658.493,3878.4,-164.20800000000008,3791.594
1.33,-10.594,-10.919,-10.56,-10.653,-10.653,-13.701,-13.701,-13.717,-13.717,-13.589,-13.589,-13.555,-13.555,-10.041,-10.041,-8.596,-7.809,-7.698,118.55,102.3,93.3,89.1,126.95,94.65,88.75,86.15,84.5,86.4,98.8,168.65,317.45,417.75,476.4,514.75,508.7000000000001,489.1,-13.842,-13.852,153.8,150.9,-0.32500000000000107,-16.25,0.359,-9.0,-0.09299999999999997,-4.200000000000003,0.0,37.85000000000001,-3.048,-32.3,0.0,-5.900000000000006,-0.016000000000000014,-2.5999999999999943,0.0,-1.6500000000000057,0.1280000000000001,1.9000000000000057,0.0,12.399999999999991,0.034000000000000696,69.85000000000001,0.0,148.79999999999998,3.5139999999999993,100.30000000000001,0.0,58.64999999999998,1.4450000000000003,38.35000000000002,0.7869999999999999,-6.049999999999898,0.11099999999999977,-19.60000000000008,-11.482666666666667,-13.652714285714284,-9.623333333333333,454.02500000000003,3791.594,3955.802,3597.367,3893.808,-117.1869999999999,3674.407
1.33,-10.727,-10.984,-10.58,-10.68,-10.68,-13.656,-13.656,-13.68,-13.68,-13.583,-13.583,-13.563,-13.563,-9.481,-9.481,-8.539,-7.981,-7.905,118.4,103.05,93.65,89.0,127.25,94.85,88.5,86.1,84.5,86.95,95.45,181.35,331.4,422.3,471.75,505.4,504.7000000000001,487.25,-13.808,-13.864,154.4,150.9,-0.2569999999999997,-15.350000000000009,0.4039999999999999,-9.399999999999991,-0.09999999999999964,-4.650000000000006,0.0,38.25,-2.976000000000001,-32.400000000000006,0.0,-6.349999999999994,-0.023999999999999133,-2.4000000000000057,0.0,-1.5999999999999943,0.09699999999999953,2.450000000000003,0.0,8.5,0.019999999999999574,85.89999999999999,0.0,150.04999999999998,4.082000000000001,90.90000000000003,0.0,49.44999999999999,0.9420000000000002,33.64999999999998,0.5579999999999998,-0.6999999999998749,0.07599999999999962,-17.450000000000102,-11.444555555555553,-13.628714285714286,-9.491666666666667,453.8,3674.407,3791.594,4019.821,3817.7084000000004,-35.08400000000029,3639.323
1.33,-10.93,-11.088,-10.606,-10.746,-10.746,-13.642,-13.642,-13.677,-13.677,-13.609,-13.609,-13.578,-13.578,-9.615,-9.615,-10.324,-9.065,-8.682,116.75,104.1,94.4,89.1,126.95,94.8,87.95,86.25,84.45,86.6,92.7,194.7,324.9,412.65,468.5,515.45,513.95,487.5,-13.82,-13.883,155.8,150.9,-0.15799999999999947,-12.650000000000006,0.4819999999999993,-9.699999999999989,-0.14000000000000057,-5.300000000000011,0.0,37.85000000000001,-2.895999999999999,-32.150000000000006,0.0,-6.849999999999994,-0.03500000000000014,-1.7000000000000028,0.0,-1.7999999999999972,0.06799999999999962,2.1499999999999915,0.0,6.1000000000000085,0.031000000000000583,101.99999999999999,0.0,130.2,3.962999999999999,87.75,0.0,55.85000000000002,-0.7089999999999996,46.950000000000045,1.2590000000000003,-1.5,0.3829999999999991,-26.450000000000045,-11.6905,-13.63342857142857,-10.1465,453.825,3639.323,3674.407,4027.416,3760.6338000000005,102.72000000000025,3742.043
1.33,-11.138,-11.271,-10.596,-10.731,-10.731,-13.677,-13.677,-13.709,-13.709,-13.658,-13.658,-13.624,-13.624,-9.126,-9.126,-12.81,-12.02,-9.802,115.3,104.7,94.85,89.4,124.4,94.55,87.35,86.15,84.44999999999999,86.2,91.0,205.0,341.04999999999995,412.8,470.4500000000001,522.8,518.55,486.5,-13.829,-13.89,156.8,151.7,-0.1330000000000009,-10.599999999999994,0.6750000000000007,-9.850000000000009,-0.1349999999999998,-5.449999999999989,0.0,35.0,-2.9459999999999997,-29.85000000000001,0.0,-7.200000000000003,-0.03200000000000003,-1.1999999999999886,0.0,-1.700000000000017,0.051000000000000156,1.7500000000000142,0.0,4.799999999999997,0.03399999999999892,114.0,0.0,136.04999999999995,4.498000000000001,71.75000000000006,0.0,57.65000000000009,-3.684000000000001,52.34999999999985,0.7900000000000009,-4.25,2.218,-32.049999999999955,-12.038166666666667,-13.673142857142858,-11.084666666666669,458.6916666666666,3742.043,3639.323,3955.802,3713.397,-22.425000000000182,3719.618
1.33,-11.107,-11.306,-10.619,-10.698,-10.698,-13.738,-13.738,-13.745,-13.745,-13.688,-13.688,-13.624,-13.624,-8.868,-8.868,-12.83,-11.927,-9.861,115.2,104.4,95.25,89.6,124.25,94.55,86.9,85.9,84.45,86.05,90.05,190.8,360.0,418.65,472.8,521.2,527.5999999999999,486.2000000000001,-13.865,-13.932,157.4,153.7,-0.19899999999999984,-10.799999999999997,0.6869999999999994,-9.150000000000006,-0.07900000000000063,-5.650000000000006,0.0,34.650000000000006,-3.039999999999999,-29.700000000000003,0.0,-7.6499999999999915,-0.006999999999999673,-1.0,0.0,-1.4500000000000028,0.05699999999999861,1.5999999999999943,0.0,4.0,0.06400000000000006,100.75000000000001,0.0,169.2,4.756,58.64999999999998,0.0,54.150000000000034,-3.9619999999999997,48.400000000000034,0.9030000000000005,6.399999999999864,2.065999999999999,-41.39999999999981,-12.020666666666665,-13.709428571428571,-10.996333333333332,464.40833333333336,3719.618,3742.043,3791.594,3686.0534,-64.74199999999973,3654.876
1.33,-10.948,-11.261,-10.622,-10.747,-10.747,-13.723,-13.723,-13.767,-13.767,-13.547,-13.547,-13.526,-13.526,-13.345,-13.345,-12.492,-10.004,-9.099,115.35,103.1,95.65,90.2,121.8,94.9,87.0,85.3,84.55,85.85,89.3,166.75,373.15,417.4,467.05,516.5,515.5999999999999,484.2,-13.875,-13.931,157.9,153.1,-0.31299999999999883,-12.25,0.6389999999999993,-7.449999999999989,-0.125,-5.450000000000003,0.0,31.599999999999994,-2.976000000000001,-26.89999999999999,0.0,-7.900000000000006,-0.04399999999999871,-1.7000000000000028,0.0,-0.75,0.21999999999999886,1.2999999999999972,0.0,3.450000000000003,0.021000000000000796,77.45,0.0,206.39999999999998,0.18099999999999916,44.25,0.0,49.650000000000034,0.8529999999999998,49.44999999999999,2.4880000000000013,-0.900000000000091,0.9049999999999994,-31.39999999999992,-12.318666666666665,-13.657142857142857,-11.968499999999999,462.3166666666666,3654.876,3719.618,3674.407,3663.918,-91.14600000000019,3563.73
1.33,-10.807,-11.457,-10.685,-10.747,-10.747,-13.611,-13.611,-13.64,-13.64,-13.607,-13.607,-13.589,-13.589,-13.425,-13.425,-12.259,-9.93,-9.208,115.3,101.6,96.3,90.85,119.85,95.4,87.19999999999999,84.85,84.85,85.9,89.2,163.7,346.5,434.9,466.8,504.25,505.85,483.55,-13.774,-13.813,158.7,152.7,-0.6500000000000004,-13.700000000000003,0.7720000000000002,-5.299999999999997,-0.06199999999999939,-5.450000000000003,0.0,29.0,-2.8640000000000008,-24.44999999999999,0.0,-8.200000000000017,-0.028999999999999915,-2.3499999999999943,0.0,0.0,0.03300000000000125,1.0500000000000114,0.0,3.299999999999997,0.017999999999998906,74.49999999999999,0.0,182.8,0.1639999999999997,88.39999999999998,0.0,31.900000000000034,1.1660000000000004,37.44999999999999,2.3290000000000006,1.6000000000000227,0.7219999999999995,-22.30000000000001,-12.310222222222224,-13.615,-11.972666666666669,456.9750000000001,3563.73,3654.876,3639.323,3644.0974,-23.51000000000022,3540.22
1.33,-10.805,-11.189,-10.659,-10.72,-10.72,-13.683,-13.683,-13.687,-13.687,-13.592,-13.592,-13.558,-13.558,-13.393,-13.393,-12.032,-9.521,-8.852,115.3,101.15,96.7,90.95,121.0,96.7,87.05,84.65,84.85,85.85,89.9,164.9,311.2,457.65,465.3,509.5,510.9500000000001,484.7000000000001,-13.818,-13.874,160.2,152.4,-0.38400000000000034,-14.149999999999991,0.5299999999999994,-4.450000000000003,-0.06099999999999994,-5.75,0.0,30.049999999999997,-2.962999999999999,-24.299999999999997,0.0,-9.650000000000006,-0.0039999999999995595,-2.3999999999999915,0.0,0.19999999999998863,0.09499999999999886,1.0,0.0,4.050000000000011,0.034000000000000696,75.0,0.0,146.29999999999998,0.16499999999999915,146.45,0.0,7.650000000000034,1.3610000000000007,44.19999999999999,2.5109999999999992,1.4500000000001023,0.6690000000000005,-26.25,-12.240222222222222,-13.640285714285714,-11.791500000000001,456.55,3540.22,3563.73,3742.043,3613.6432,49.552000000000135,3589.772
1.33,-10.843,-11.181,-10.674,-10.717,-10.717,-13.653,-13.653,-13.672,-13.672,-13.581,-13.581,-13.549,-13.549,-13.404,-13.404,-12.129,-9.612,-8.832,115.35,101.35,96.2,91.4,121.25,97.95,87.0,84.69999999999999,84.95,85.7,91.3,160.9,276.95,467.55,478.85,512.9000000000001,513.6500000000001,485.1,-13.793,-13.842,160.6,152.6,-0.3379999999999992,-14.0,0.5069999999999997,-5.1499999999999915,-0.04300000000000104,-4.799999999999997,0.0,29.849999999999994,-2.936,-23.299999999999997,0.0,-10.950000000000003,-0.019000000000000128,-2.3000000000000114,0.0,0.2500000000000142,0.09100000000000108,0.75,0.0,5.599999999999994,0.03200000000000003,69.60000000000001,0.0,116.04999999999998,0.14499999999999957,190.60000000000002,0.0,11.300000000000011,1.2750000000000004,34.05000000000007,2.5169999999999995,0.75,0.7799999999999994,-28.550000000000068,-12.24572222222222,-13.623000000000003,-11.821666666666667,455.8333333333333,3589.772,3540.22,3719.618,3605.2520000000004,87.88999999999987,3677.662
1.33,-10.903,-11.2,-10.688,-10.794,-10.794,-13.631,-13.631,-13.67,-13.67,-13.6,-13.6,-13.561,-13.561,-13.429,-13.429,-11.668,-8.604,-7.03,115.4,101.65,95.15,91.9,121.35,98.75,86.94999999999999,84.69999999999999,85.1,85.65,96.9,164.35,283.25,446.9500000000001,499.7,520.0,508.65,490.3,-13.786,-13.837,160.5,152.2,-0.2969999999999988,-13.75,0.5119999999999987,-6.5,-0.10599999999999987,-3.25,0.0,29.44999999999999,-2.8369999999999997,-22.599999999999994,0.0,-11.800000000000011,-0.0389999999999997,-2.25,0.0,0.4000000000000057,0.07000000000000028,0.5500000000000114,0.0,11.25,0.0389999999999997,67.44999999999999,0.0,118.9,0.13199999999999967,163.7000000000001,0.0,52.749999999999886,1.761000000000001,20.30000000000001,3.064,-11.350000000000023,1.573999999999999,-18.349999999999966,-12.08127777777778,-13.623285714285714,-11.286833333333334,458.1416666666667,3677.662,3589.772,3654.876,3599.0307999999995,-53.891999999999825,3623.77
1.33,-11.004,-11.304,-10.742,-10.808,-10.808,-13.664,-13.664,-13.687,-13.687,-13.605,-13.605,-13.607,-13.607,-13.469,-13.469,-12.777,-11.72,-8.369,116.7,101.8,94.45,92.35,121.2,99.4,86.8,84.65,85.5,85.85,106.35,161.85000000000002,286.9,412.25,509.6,528.7,513.15,496.5,-13.801,-13.855,160.3,152.8,-0.3000000000000007,-14.900000000000006,0.5619999999999994,-7.349999999999994,-0.06599999999999895,-2.1000000000000085,0.0,28.85000000000001,-2.856,-21.799999999999997,0.0,-12.600000000000009,-0.022999999999999687,-2.1499999999999915,0.0,0.8499999999999943,0.08199999999999896,0.3499999999999943,0.0,20.5,-0.0019999999999988916,55.50000000000003,0.0,125.04999999999995,0.1379999999999999,125.35000000000002,0.0,97.35000000000002,0.6920000000000002,19.100000000000023,1.0569999999999986,-15.550000000000068,3.351000000000001,-16.649999999999977,-12.421999999999999,-13.64557142857143,-12.235166666666666,457.84999999999997,3623.77,3677.662,3563.73,3605.7582,-26.402999999999793,3597.367
1.33,-11.096,-11.334,-11.125,-11.126,-11.126,-13.661,-13.661,-13.674,-13.674,-13.609,-13.609,-13.567,-13.567,-13.431,-13.431,-13.395,-13.184,-10.706,118.5,102.1,94.55,92.15,120.3,99.95,86.9,84.5,86.0,86.35,110.15,159.1,281.6,407.9,501.15,523.8499999999999,512.5,502.15,-13.826,-13.876,160.2,154.9,-0.23799999999999955,-16.400000000000006,0.20899999999999963,-7.549999999999997,-0.0009999999999994458,-2.3999999999999915,0.0,28.14999999999999,-2.535,-20.349999999999994,0.0,-13.049999999999997,-0.0129999999999999,-2.4000000000000057,0.0,1.5,0.0649999999999995,0.3499999999999943,0.0,23.80000000000001,0.041999999999999815,48.94999999999999,0.0,122.50000000000003,0.136000000000001,126.29999999999995,0.0,93.25,0.03599999999999959,22.699999999999932,0.2110000000000003,-11.349999999999909,2.4779999999999998,-10.350000000000023,-12.72088888888889,-13.636428571428569,-12.952333333333334,454.85833333333335,3597.367,3623.77,3540.22,3606.554,-53.16800000000012,3544.199
1.33,-11.178,-11.416,-11.054,-11.153,-11.153,-13.686,-13.686,-13.7,-13.7,-13.605,-13.605,-13.556,-13.556,-13.402,-13.402,-12.297,-12.036,-10.528,119.5,102.25,94.5,91.2,120.35,99.25,86.9,84.55,85.75,86.45,107.55,168.55,290.5,422.7000000000001,489.9,520.8,517.9,507.35,-13.808,-13.875,160.0,157.6,-0.23799999999999955,-17.25,0.3620000000000001,-7.75,-0.0990000000000002,-3.299999999999997,0.0,29.14999999999999,-2.5329999999999995,-21.099999999999994,0.0,-12.349999999999994,-0.013999999999999346,-2.3500000000000085,0.0,1.2000000000000028,0.09499999999999886,0.7000000000000028,0.0,21.099999999999994,0.049000000000001265,61.000000000000014,0.0,121.94999999999999,0.15399999999999991,132.2000000000001,0.0,67.19999999999987,1.1049999999999986,30.899999999999977,0.261000000000001,-2.8999999999999773,1.5079999999999991,-10.549999999999955,-12.595166666666666,-13.648285714285716,-12.536833333333334,458.1916666666666,3544.199,3597.367,3589.772,3600.5498,15.552000000000135,3559.751
1.33,-11.153,-11.431,-10.998,-11.135,-11.135,-13.671,-13.671,-13.7,-13.7,-13.577,-13.577,-13.551,-13.551,-13.391,-13.391,-7.531,-6.148,-5.211,119.5,102.8,94.3,90.3,120.25,98.85,87.19999999999999,84.5,85.25,86.05,107.2,179.45,287.55,433.55,483.7,510.05,512.35,506.55,-13.805,-13.869,160.4,159.4,-0.2779999999999987,-16.700000000000003,0.43299999999999983,-8.5,-0.13700000000000045,-4.0,0.0,29.950000000000003,-2.5359999999999996,-21.400000000000006,0.0,-11.650000000000006,-0.028999999999999915,-2.6999999999999886,0.0,0.75,0.12299999999999933,0.7999999999999972,0.0,21.150000000000006,0.0259999999999998,72.24999999999999,0.0,108.10000000000002,0.16000000000000014,146.0,0.0,50.14999999999998,5.86,26.350000000000023,1.383,2.3000000000000114,0.9369999999999994,-5.800000000000011,-11.695666666666664,-13.635285714285715,-9.8705,455.625,3559.751,3544.199,3677.662,3580.7292,18.807999999999993,3578.559
1.33,-11.223,-11.449,-10.978,-11.043,-11.043,-13.655,-13.655,-13.672,-13.672,-13.581,-13.581,-13.551,-13.551,-13.387,-13.387,-9.82,-9.9,-6.906,118.7,103.9,94.55,90.3,119.35,97.95,87.8,84.55,84.95,85.6,112.15,182.9,307.4,436.0,488.9,506.65,507.9500000000001,504.0,-13.798,-13.849,161.6,158.7,-0.2259999999999991,-14.799999999999997,0.4710000000000001,-9.350000000000009,-0.0649999999999995,-4.25,0.0,29.049999999999997,-2.612,-21.39999999999999,0.0,-10.150000000000006,-0.017000000000001236,-3.25,0.0,0.4000000000000057,0.09100000000000108,0.6499999999999915,0.0,26.55000000000001,0.02999999999999936,70.75,0.0,124.49999999999997,0.1639999999999997,128.60000000000002,0.0,52.89999999999998,3.567,17.75,-0.08000000000000007,1.300000000000125,2.9940000000000007,-3.9500000000001023,-12.114111111111109,-13.623857142857144,-11.158500000000002,458.48333333333335,3578.559,3559.751,3623.77,3557.9428,-68.721,3509.838
1.33,-11.258,-11.46,-11.005,-11.082,-11.082,-13.641,-13.641,-13.674,-13.674,-13.622,-13.622,-13.57,-13.57,-13.432,-13.432,-9.692,-9.925,-7.055,117.3,104.8,94.65,90.1,119.1,96.95,88.15,84.8,84.75,85.5,114.95,179.0,328.45,435.65,496.35,514.4,516.35,500.75,-13.798,-13.861,163.2,157.9,-0.20200000000000173,-12.5,0.45500000000000007,-10.149999999999991,-0.07699999999999996,-4.550000000000011,0.0,29.0,-2.5589999999999993,-22.14999999999999,0.0,-8.799999999999997,-0.032999999999999474,-3.3500000000000085,0.0,-0.04999999999999716,0.0519999999999996,0.75,0.0,29.450000000000003,0.0519999999999996,64.05,0.0,149.45,0.1379999999999999,107.19999999999999,0.0,60.700000000000045,3.74,18.049999999999955,-0.23300000000000054,1.9500000000000455,2.870000000000001,-15.600000000000023,-12.13538888888889,-13.634857142857145,-11.184333333333333,465.325,3509.838,3578.559,3597.367,3535.084,-26.765000000000327,3483.073
1.33,-11.171,-11.428,-10.929,-11.022,-11.022,-13.661,-13.661,-13.726,-13.726,-13.594,-13.594,-13.551,-13.551,-13.411,-13.411,-7.438,-5.76,-4.828,116.6,105.05,94.55,89.95,118.95,96.55,88.55,85.2,84.5,85.4,112.05,179.0,335.15,448.45,503.9,526.0,525.55,493.85,-13.818,-13.887,164.5,156.9,-0.25700000000000145,-11.549999999999997,0.49900000000000055,-10.5,-0.09299999999999997,-4.599999999999994,0.0,29.0,-2.6389999999999993,-22.400000000000006,0.0,-8.0,-0.06500000000000128,-3.3499999999999943,0.0,-0.7000000000000028,0.13200000000000145,0.9000000000000057,0.0,26.64999999999999,0.04299999999999926,66.95,0.0,156.14999999999998,0.14000000000000057,113.30000000000001,0.0,55.44999999999999,5.973,22.100000000000023,1.678,-0.4500000000000455,0.9319999999999995,-31.699999999999932,-11.637999999999998,-13.644714285714285,-9.733166666666667,472.15000000000003,3483.073,3509.838,3544.199,3508.4636,-71.97599999999966,3411.097
1.33,-10.988,-11.348,-10.994,-11.126,-11.126,-13.675,-13.675,-13.7,-13.7,-13.596,-13.596,-13.559,-13.559,-13.407,-13.407,-7.979,-6.05,-4.886,116.65,104.6,95.25,90.2,118.8,96.45,88.80000000000001,85.55,84.69999999999999,85.44999999999999,106.4,173.39999999999998,336.75,466.5,508.85,523.5999999999999,527.8,491.55,-13.793,-13.853,164.7,154.7,-0.3600000000000012,-12.050000000000011,0.354000000000001,-9.349999999999994,-0.13199999999999967,-5.049999999999997,0.0,28.599999999999994,-2.5490000000000013,-22.349999999999994,0.0,-7.6499999999999915,-0.02499999999999858,-3.250000000000014,0.0,-0.8500000000000085,0.1039999999999992,0.75,0.0,20.950000000000017,0.03700000000000081,66.99999999999997,0.0,163.35000000000002,0.15199999999999925,129.75,0.0,42.35000000000002,5.428,14.749999999999886,1.9290000000000003,4.2000000000000455,1.1639999999999997,-36.24999999999994,-11.68727777777778,-13.643,-9.881333333333334,475.8416666666667,3411.097,3483.073,3559.751,3459.6356,-95.48600000000033,3315.611
1.33,-10.804,-11.167,-11.079,-11.167,-11.167,-13.644,-13.644,-13.684,-13.684,-13.599,-13.599,-13.573,-13.573,-13.367,-13.367,-12.674,-10.791,-7.451,117.6,103.7,95.95,90.25,119.95,96.4,89.0,85.5,85.05000000000001,87.45,106.85,164.3,332.9,474.55,507.3,518.2,518.45,493.15,-13.794,-13.874,164.4,152.7,-0.36299999999999955,-13.899999999999991,0.08799999999999919,-7.75,-0.08799999999999919,-5.700000000000003,0.0,29.700000000000003,-2.4770000000000003,-23.549999999999997,0.0,-7.400000000000006,-0.03999999999999915,-3.5,0.0,-0.44999999999998863,0.08499999999999908,2.3999999999999915,0.0,19.39999999999999,0.0259999999999998,57.45000000000002,0.0,168.59999999999997,0.20599999999999952,141.65000000000003,0.0,32.75,0.6930000000000014,10.900000000000034,1.8829999999999991,0.25,3.3400000000000007,-25.300000000000068,-12.335222222222221,-13.632428571428571,-11.8705,474.0916666666667,3315.611,3411.097,3578.559,3388.0209999999997,-95.125,3220.486
1.33,-10.773,-11.071,-11.084,-11.166,-11.166,-13.648,-13.648,-13.682,-13.682,-13.601,-13.601,-13.559,-13.559,-13.369,-13.369,-12.877,-12.429,-9.766,118.65,102.7,96.35,90.1,118.6,97.3,89.2,85.75,84.95,87.6,113.55,150.95,331.5,474.3,511.55,519.1500000000001,514.65,501.3,-13.801,-13.868,164.2,150.8,-0.29800000000000004,-15.950000000000003,-0.0129999999999999,-6.3500000000000085,-0.08200000000000074,-6.25,0.0,28.5,-2.4819999999999993,-21.299999999999997,0.0,-8.099999999999994,-0.034000000000000696,-3.450000000000003,0.0,-0.7999999999999972,0.08099999999999952,2.6499999999999915,0.0,25.950000000000003,0.04200000000000159,37.39999999999999,0.0,180.55,0.1899999999999995,142.8,0.0,37.25,0.4919999999999991,7.60000000000008,0.4480000000000004,-4.500000000000114,2.6630000000000003,-13.349999999999966,-12.558333333333332,-13.63157142857143,-12.5615,475.40833333333336,3220.486,3315.611,3509.838,3333.7676,18.085000000000036,3238.571
1.33,-10.841,-11.071,-11.031,-11.127,-11.127,-13.644,-13.644,-13.674,-13.674,-13.601,-13.601,-13.585,-13.585,-13.371,-13.371,-13.429,-13.22,-10.921,119.15,102.45,96.15,90.7,118.9,98.35,88.55,86.0,84.85,87.0,114.15,139.2,313.8,468.25,510.55,522.25,515.5,503.65,-13.8,-13.856,163.6,149.4,-0.23000000000000043,-16.700000000000003,0.03999999999999915,-6.299999999999997,-0.09600000000000009,-5.450000000000003,0.0,28.200000000000003,-2.5169999999999995,-20.55000000000001,0.0,-9.799999999999997,-0.02999999999999936,-2.549999999999997,0.0,-1.1500000000000057,0.07299999999999862,2.1500000000000057,0.0,27.150000000000006,0.016000000000000014,25.049999999999983,0.0,174.60000000000002,0.2140000000000004,154.45,0.0,42.30000000000001,-0.05799999999999983,11.699999999999989,0.20899999999999963,-6.75,2.2990000000000013,-11.850000000000023,-12.695388888888893,-13.631857142857143,-12.982833333333337,472.3333333333333,3238.571,3220.486,3483.073,3289.6413999999995,23.871000000000095,3262.442
1.33,-10.97,-11.156,-10.935,-11.003,-11.003,-13.668,-13.668,-13.678,-13.678,-13.609,-13.609,-13.6,-13.6,-13.393,-13.393,-13.345,-13.13,-10.922,119.15,102.85,95.8,91.55,118.15,98.75,87.85,86.25,85.1,86.6,114.3,134.65,287.55,464.3,505.65,525.85,515.6,505.65,-13.794,-13.837,162.7,149.1,-0.18599999999999994,-16.30000000000001,0.22100000000000009,-7.049999999999997,-0.06799999999999962,-4.25,0.0,26.60000000000001,-2.664999999999999,-19.400000000000006,0.0,-10.900000000000006,-0.010000000000001563,-1.5999999999999943,0.0,-1.1500000000000057,0.06900000000000084,1.5,0.0,27.700000000000003,0.009000000000000341,20.35000000000001,0.0,152.9,0.20699999999999896,176.75,0.0,41.349999999999966,0.04800000000000004,20.200000000000045,0.21499999999999986,-10.25,2.208,-9.950000000000045,-12.686666666666664,-13.644285714285711,-12.963833333333334,467.43333333333334,3262.442,3238.571,3411.097,3246.1662,-68.721,3193.721
1.33,-11.096,-11.257,-10.923,-10.977,-10.977,-13.66,-13.66,-13.691,-13.691,-13.621,-13.621,-13.585,-13.585,-13.413,-13.413,-13.356,-12.274,-10.726,119.35,103.35,95.3,92.05,118.25,99.55,87.55000000000001,86.30000000000001,85.5,86.5,109.2,153.5,258.0,449.9500000000001,500.15,526.95,515.7,510.45,-13.812,-13.88,161.4,151.1,-0.1609999999999996,-16.0,0.33399999999999963,-8.049999999999997,-0.05400000000000027,-3.25,0.0,26.200000000000003,-2.683,-18.700000000000003,0.0,-11.999999999999986,-0.031000000000000583,-1.25,0.0,-0.8000000000000114,0.07000000000000028,1.0,0.0,22.700000000000003,0.03599999999999959,44.3,0.0,104.5,0.1720000000000006,191.9500000000001,0.0,50.199999999999875,0.057000000000000384,26.800000000000068,1.0820000000000007,-11.25,1.5479999999999983,-5.250000000000057,-12.640333333333336,-13.647,-12.7945,460.2,3193.721,3262.442,3315.611,3229.3838,37.978000000000065,3231.699
1.33,-11.052,-11.295,-10.876,-10.947,-10.947,-13.656,-13.656,-13.696,-13.696,-13.572,-13.572,-13.543,-13.543,-13.412,-13.412,-13.373,-12.354,-10.647,119.1,104.0,94.95,92.05,119.2,101.5,87.55,85.75,85.55,86.35,104.8,172.05,241.35,420.6,494.95,525.5999999999999,513.5999999999999,511.6,-13.816,-13.883,160.2,151.6,-0.24300000000000033,-15.099999999999994,0.4190000000000005,-9.049999999999997,-0.07099999999999973,-2.9000000000000057,0.0,27.150000000000006,-2.7090000000000014,-17.700000000000003,0.0,-13.950000000000003,-0.03999999999999915,-1.7999999999999972,0.0,-0.20000000000000284,0.12400000000000055,0.7999999999999972,0.0,18.450000000000003,0.028999999999999915,67.25000000000001,0.0,69.29999999999998,0.13099999999999845,179.25000000000003,0.0,74.34999999999997,0.03900000000000148,30.64999999999992,1.0190000000000001,-12.0,1.706999999999999,-1.9999999999998863,-12.624944444444445,-13.627285714285714,-12.790166666666666,451.2833333333333,3231.699,3193.721,3220.486,3235.3156000000004,18.445999999999913,3250.145
1.33,-11.097,-11.361,-10.792,-10.903,-10.903,-13.646,-13.646,-13.668,-13.668,-13.601,-13.601,-13.564,-13.564,-13.427,-13.427,-13.407,-12.283,-10.747,118.35,104.15,95.2,91.7,117.75,102.5,87.4,85.25,85.45,86.15,113.65,158.05,258.45,391.15,491.2,525.6,512.55,511.9500000000001,-13.79,-13.845,159.9,151.6,-0.2640000000000011,-14.199999999999989,0.5690000000000008,-8.950000000000003,-0.11100000000000065,-3.5,0.0,26.049999999999997,-2.7430000000000003,-15.25,0.0,-15.099999999999994,-0.021999999999998465,-2.1500000000000057,0.0,0.20000000000000284,0.0669999999999984,0.7000000000000028,0.0,27.5,0.03700000000000081,44.400000000000006,0.0,100.39999999999998,0.13700000000000045,132.7,0.0,100.05000000000001,0.019999999999999574,34.400000000000034,1.1240000000000006,-13.050000000000068,1.5359999999999996,-0.5999999999998522,-12.628055555555553,-13.627714285714287,-12.809166666666668,448.48333333333335,3250.145,3231.699,3238.571,3245.3706,38.70100000000002,3288.846
1.33,-11.116,-11.268,-10.762,-10.847,-10.847,-13.64,-13.64,-13.677,-13.677,-13.594,-13.594,-13.574,-13.574,-13.424,-13.424,-13.45,-12.398,-10.694,118.05,104.25,95.55,91.0,117.7,102.45,87.4,85.1,85.35,85.9,121.7,151.25,298.1,380.85,489.0,522.4,520.0999999999999,508.6,-13.787,-13.852,160.9,151.6,-0.15200000000000102,-13.799999999999997,0.5060000000000002,-8.700000000000003,-0.08499999999999908,-4.549999999999997,0.0,26.700000000000003,-2.793000000000001,-15.25,0.0,-15.049999999999997,-0.036999999999999034,-2.3000000000000114,0.0,0.25,0.08300000000000018,0.5500000000000114,0.0,35.8,0.019999999999999574,29.549999999999997,0.0,146.85000000000002,0.15000000000000036,82.75,0.0,108.14999999999998,-0.0259999999999998,33.39999999999998,1.0519999999999996,-2.300000000000068,1.7039999999999988,-11.499999999999886,-12.622222222222222,-13.627999999999998,-12.827333333333334,453.17499999999995,3288.846,3250.145,3262.442,3257.5958,34.72200000000021,3323.568
1.33,-11.15,-11.382,-10.742,-10.827,-10.827,-13.64,-13.64,-13.677,-13.677,-13.57,-13.57,-13.534,-13.534,-13.402,-13.402,-11.482,-10.473,-10.356,117.65,104.35,95.95,90.55,118.9,101.65,87.75,84.94999999999999,85.15,85.8,123.1,144.45,301.35,392.5,484.5,521.7,521.75,511.35,-13.797,-13.898,161.4,151.7,-0.23199999999999932,-13.300000000000011,0.6399999999999988,-8.399999999999991,-0.08499999999999908,-5.400000000000006,0.0,28.35000000000001,-2.8130000000000006,-17.25,0.0,-13.900000000000006,-0.036999999999999034,-2.8000000000000114,0.0,0.20000000000001705,0.10699999999999932,0.6499999999999915,0.0,37.3,0.03599999999999959,21.349999999999994,0.0,156.90000000000003,0.13200000000000145,91.14999999999998,0.0,92.0,1.92,37.200000000000045,1.0089999999999986,0.049999999999954525,0.11700000000000088,-10.399999999999977,-12.382499999999997,-13.615428571428572,-12.108166666666667,455.52500000000003,3323.568,3288.846,3193.721,3295.5732000000003,60.039999999999964,3383.608
1.33,-11.296,-11.488,-10.74,-10.827,-10.827,-13.597,-13.597,-13.644,-13.644,-13.594,-13.594,-13.575,-13.575,-13.413,-13.413,-10.369,-8.151,-6.699,117.4,104.15,96.3,90.75,119.4,100.4,87.85,84.65,85.0,85.75,121.6,135.60000000000002,285.45,428.75,475.6,514.4,510.8,508.8,-13.794,-13.843,161.6,151.1,-0.19200000000000017,-13.25,0.7479999999999993,-7.8500000000000085,-0.08699999999999974,-5.549999999999997,0.0,28.650000000000006,-2.7699999999999996,-19.0,0.0,-12.550000000000011,-0.0470000000000006,-3.1999999999999886,0.0,0.3499999999999943,0.05000000000000071,0.75,0.0,35.849999999999994,0.019000000000000128,14.000000000000028,0.0,149.84999999999997,0.16199999999999903,143.3,0.0,46.85000000000002,3.0440000000000005,38.799999999999955,2.218,-3.599999999999966,1.452,-2.0,-12.00238888888889,-13.60642857142857,-10.936666666666666,453.96666666666675,3383.608,3323.568,3231.699,3307.0748,-94.4010000000003,3289.207
1.33,-11.406,-11.529,-10.769,-10.868,-10.868,-13.658,-13.658,-13.687,-13.687,-13.594,-13.594,-13.562,-13.562,-13.381,-13.381,-10.069,-7.802,-6.254,117.35,103.75,96.3,91.15,119.35,99.6,88.15,84.94999999999999,85.1,85.7,114.6,135.25,276.79999999999995,449.55,475.4,510.55,514.8,507.05,-13.808,-13.864,162.2,149.9,-0.12299999999999933,-13.599999999999994,0.7599999999999998,-7.450000000000003,-0.0990000000000002,-5.1499999999999915,0.0,28.19999999999999,-2.789999999999999,-19.75,0.0,-11.449999999999989,-0.028999999999999915,-3.200000000000017,0.0,0.15000000000000568,0.09299999999999997,0.6000000000000085,0.0,28.89999999999999,0.03200000000000003,20.650000000000006,0.0,141.54999999999995,0.18099999999999916,172.75000000000006,0.0,25.849999999999966,3.3119999999999994,35.150000000000034,2.2670000000000012,4.249999999999943,1.548,-7.749999999999943,-11.96272222222222,-13.634285714285712,-10.7415,455.69166666666666,3289.207,3383.608,3250.145,3312.4278,-12.297000000000025,3276.91
1.33,-11.325,-11.502,-10.842,-10.911,-10.911,-13.644,-13.644,-13.67,-13.67,-13.575,-13.575,-13.556,-13.556,-13.384,-13.384,-9.528,-7.057,-5.509,117.0,103.35,96.65,91.25,119.5,99.85,88.85,85.2,85.25,85.8,107.35,130.05,247.55,441.4500000000001,486.9500000000001,513.5,513.3,503.75,-13.792,-13.85,162.9,148.2,-0.17700000000000138,-13.650000000000006,0.6600000000000001,-6.699999999999989,-0.06899999999999906,-5.400000000000006,0.0,28.25,-2.7330000000000005,-19.650000000000006,0.0,-11.0,-0.0259999999999998,-3.6499999999999915,0.0,0.04999999999999716,0.09500000000000064,0.5499999999999972,0.0,21.549999999999997,0.019000000000000128,22.700000000000017,0.0,117.5,0.17199999999999882,193.9000000000001,0.0,45.5,3.856,26.549999999999898,2.471,-0.20000000000004547,1.548,-9.549999999999955,-11.846833333333336,-13.619142857142858,-10.403,451.0833333333333,3276.91,3289.207,3288.846,3308.5214,-7.596000000000004,3269.314
1.33,-11.301,-11.503,-10.808,-10.871,-10.871,-13.634,-13.634,-13.661,-13.661,-13.631,-13.631,-13.609,-13.609,-13.469,-13.469,-11.516,-9.867,-7.409,116.75,103.05,96.6,91.9,118.9,100.5,89.4,85.1,85.45,85.8,102.65,126.05,240.9,437.0,501.75,523.75,520.0999999999999,498.95,-13.782,-13.83,163.3,147.3,-0.20199999999999996,-13.700000000000003,0.6950000000000003,-6.450000000000003,-0.06300000000000061,-4.699999999999989,0.0,27.0,-2.763,-18.400000000000006,0.0,-11.099999999999994,-0.026999999999999247,-4.300000000000011,0.0,0.3500000000000085,0.02999999999999936,0.3499999999999943,0.0,16.85000000000001,0.02200000000000024,23.39999999999999,0.0,114.85000000000001,0.14000000000000057,196.1,0.0,64.75,1.9529999999999994,22.0,1.6489999999999991,-3.650000000000091,2.458000000000001,-21.14999999999992,-12.230777777777778,-13.637285714285714,-11.5565,453.7416666666666,3269.314,3276.91,3323.568,3302.228,22.787000000000262,3292.101
1.33,-11.207,-11.417,-10.856,-10.97,-10.97,-13.679,-13.679,-13.716,-13.716,-13.614,-13.614,-13.605,-13.605,-13.463,-13.463,-11.983,-10.956,-7.523,116.85,103.1,96.1,91.85,117.8,101.8,89.65,85.45,85.6,85.75,99.45,121.1,239.25,416.35,509.55,531.65,531.4000000000001,492.85,-13.83,-13.892,162.9,146.7,-0.20999999999999908,-13.75,0.5609999999999999,-7.0,-0.11400000000000077,-4.25,0.0,25.950000000000003,-2.7089999999999996,-16.0,0.0,-12.149999999999991,-0.036999999999999034,-4.200000000000003,0.0,0.14999999999999147,0.10199999999999854,0.15000000000000568,0.0,13.700000000000003,0.009000000000000341,21.64999999999999,0.0,118.15,0.14200000000000124,177.10000000000002,0.0,93.19999999999999,1.4799999999999986,22.099999999999966,1.027000000000001,-0.2499999999998863,3.433,-38.55000000000007,-12.335333333333331,-13.660428571428572,-11.832166666666666,453.5083333333334,3292.101,3269.314,3383.608,3278.5733999999998,-26.766000000000076,3265.335
1.33,-10.999,-11.278,-10.973,-10.973,-10.973,-13.688,-13.688,-13.707,-13.707,-13.614,-13.614,-13.609,-13.609,-13.449,-13.449,-13.477,-13.256,-10.611,116.9,102.85,95.95,92.2,117.3,102.8,89.30000000000001,86.0,85.7,85.95,97.5,119.15,233.1,398.75,508.85,525.9,521.75,493.2,-13.823,-13.883,161.7,147.0,-0.2789999999999999,-14.050000000000011,0.3049999999999997,-6.8999999999999915,0.0,-3.75,0.0,25.099999999999994,-2.715,-14.5,0.0,-13.499999999999986,-0.019000000000000128,-3.3000000000000114,0.0,-0.29999999999999716,0.09299999999999997,0.25,0.0,11.549999999999997,0.005000000000000782,21.650000000000006,0.0,113.94999999999999,0.16000000000000014,165.65,0.0,110.10000000000002,-0.02800000000000047,17.049999999999955,0.22100000000000009,-4.149999999999977,2.6449999999999996,-28.55000000000001,-12.704111111111112,-13.661,-12.975166666666667,446.92499999999995,3265.335,3292.101,3289.207,3290.0027999999998,81.01899999999978,3346.354
1.33,-10.985,-11.212,-10.934,-10.991,-10.991,-13.677,-13.677,-13.689,-13.689,-13.618,-13.618,-13.597,-13.597,-13.448,-13.448,-13.456,-13.251,-10.838,117.7,102.4,95.65,92.3,117.75,103.6,89.05,86.35,85.85,86.4,95.5,126.55,219.8,398.25,501.45,523.3499999999999,518.0,498.35,-13.817,-13.887,160.4,148.4,-0.2270000000000003,-15.299999999999997,0.27800000000000047,-6.75,-0.057000000000000384,-3.3500000000000085,0.0,25.450000000000003,-2.686,-14.150000000000006,0.0,-14.549999999999997,-0.012000000000000455,-2.700000000000003,0.0,-0.5,0.07099999999999973,0.5500000000000114,0.0,9.099999999999994,0.021000000000000796,31.049999999999997,0.0,93.25000000000001,0.14899999999999913,178.45,0.0,103.19999999999999,-0.007999999999999119,21.89999999999992,0.20500000000000007,-5.349999999999909,2.4130000000000003,-19.649999999999977,-12.706444444444443,-13.652142857142854,-13.006333333333332,443.2,3346.354,3265.335,3276.91,3307.5807999999997,18.446000000000367,3364.8
1.33,-11.018,-11.215,-10.938,-10.989,-10.989,-13.672,-13.672,-13.693,-13.693,-13.629,-13.629,-13.605,-13.605,-13.467,-13.467,-13.394,-13.215,-10.958,118.05,102.05,95.7,92.0,116.85,104.35,88.85,86.35,85.85,86.35,96.7,133.85,204.85,401.05,492.15,519.7,517.15,499.65,-13.817,-13.884,159.4,150.8,-0.19699999999999918,-16.0,0.27699999999999925,-6.349999999999994,-0.051000000000000156,-3.700000000000003,0.0,24.849999999999994,-2.683,-12.5,0.0,-15.5,-0.02099999999999902,-2.5,0.0,-0.5,0.06400000000000006,0.5,0.0,10.350000000000009,0.023999999999999133,37.14999999999999,0.0,71.0,0.1379999999999999,196.20000000000002,0.0,91.09999999999997,0.0730000000000004,27.550000000000068,0.17900000000000027,-2.550000000000068,2.2569999999999997,-17.5,-12.713777777777779,-13.656142857142857,-13.017666666666665,439.0916666666667,3364.8,3346.354,3269.314,3337.8904,56.0619999999999,3420.862
1.33,-11.089,-11.257,-10.862,-10.943,-10.943,-13.675,-13.675,-13.709,-13.709,-13.631,-13.631,-13.605,-13.605,-13.463,-13.463,-12.924,-12.158,-10.815,118.25,101.85,95.75,91.85,116.65,104.6,88.9,86.1,85.69999999999999,86.1,100.75,155.65,214.2,396.5,485.85,514.8,514.4,506.35,-13.82,-13.892,158.4,153.7,-0.16799999999999926,-16.400000000000006,0.3949999999999996,-6.099999999999994,-0.08099999999999952,-3.9000000000000057,0.0,24.80000000000001,-2.732000000000001,-12.050000000000011,0.0,-15.699999999999989,-0.03399999999999892,-2.8000000000000114,0.0,-0.4000000000000057,0.0779999999999994,0.4000000000000057,0.0,14.650000000000006,0.0259999999999998,54.900000000000006,0.0,58.54999999999998,0.14200000000000124,182.3,0.0,89.35000000000002,0.5389999999999997,28.949999999999932,0.766,-0.39999999999997726,1.343,-8.049999999999955,-12.61983333333333,-13.662142857142857,-12.738,438.68333333333334,3420.862,3364.8,3292.101,3374.6380000000004,54.97699999999986,3475.839
1.33,-11.227,-11.378,-10.843,-10.895,-10.895,-13.688,-13.688,-13.708,-13.708,-13.633,-13.633,-13.598,-13.598,-13.469,-13.469,-12.283,-11.469,-10.578,118.35,102.0,95.4,91.6,116.8,104.5,89.25,86.05000000000001,85.5,85.94999999999999,105.8,166.15,240.15,372.95,486.85,511.5,511.75,509.9,-13.824,-13.884,157.9,156.4,-0.1509999999999998,-16.349999999999994,0.5350000000000001,-6.599999999999994,-0.0519999999999996,-3.8000000000000114,0.0,25.200000000000003,-2.793000000000001,-12.299999999999997,0.0,-15.25,-0.019999999999999574,-3.1999999999999886,0.0,-0.5500000000000114,0.07500000000000107,0.44999999999998863,0.0,19.85000000000001,0.034999999999998366,60.35000000000001,0.0,74.0,0.12900000000000134,132.79999999999998,0.0,113.90000000000003,1.186,24.649999999999977,0.8140000000000001,0.25,0.891,-1.8500000000000227,-12.542222222222222,-13.665142857142856,-12.477666666666666,438.84999999999997,3475.839,3420.862,3265.335,3412.254,-22.423999999999978,3453.415
1.33,-11.253,-11.41,-10.825,-10.864,-10.864,-13.7,-13.7,-13.715,-13.715,-13.632,-13.632,-13.594,-13.594,-13.439,-13.439,-9.28,-6.502,-5.092,118.25,102.4,95.35,91.45,117.2,104.35,89.44999999999999,85.80000000000001,85.30000000000001,85.6,106.35,157.0,280.85,372.25,491.2000000000001,514.0999999999999,509.1,510.0,-13.831,-13.929,158.2,159.9,-0.15700000000000003,-15.849999999999994,0.5850000000000009,-7.050000000000011,-0.03900000000000148,-3.8999999999999915,0.0,25.75,-2.8359999999999985,-12.850000000000009,0.0,-14.900000000000006,-0.015000000000000568,-3.6499999999999773,0.0,-0.5,0.08300000000000018,0.29999999999998295,0.0,20.75,0.038000000000000256,50.650000000000006,0.0,123.85000000000002,0.15499999999999936,91.39999999999998,0.0,118.9500000000001,4.159000000000001,22.899999999999807,2.7779999999999996,-4.999999999999886,1.4100000000000001,0.8999999999999773,-11.791666666666668,-13.669714285714287,-10.224333333333334,446.25,3453.415,3475.839,3346.354,3431.3512,-11.574999999999818,3441.84
1.33,-11.19,-11.391,-10.753,-10.861,-10.861,-13.696,-13.696,-13.721,-13.721,-13.6,-13.6,-13.542,-13.542,-13.36,-13.36,-7.039,-5.669,-4.64,118.55,102.8,95.3,91.65,117.2,104.5,90.05,85.9,85.25,85.25,101.45,151.7,312.5,389.65,486.8,521.0,514.1,509.35,-13.829,-13.913,159.0,161.6,-0.2010000000000005,-15.75,0.6379999999999999,-7.5,-0.10800000000000054,-3.6499999999999915,0.0,25.549999999999997,-2.834999999999999,-12.700000000000003,0.0,-14.450000000000003,-0.025000000000000355,-4.1499999999999915,0.0,-0.6500000000000057,0.12100000000000044,0.0,0.0,16.200000000000003,0.05799999999999983,50.249999999999986,0.0,160.8,0.18200000000000038,77.14999999999998,0.0,97.15000000000003,6.321,34.19999999999999,1.37,-6.899999999999977,1.029,-4.75,-11.568999999999999,-13.653714285714285,-9.601666666666667,455.56666666666666,3441.84,3453.415,3364.8,3449.6528,14.467999999999847,3456.308
1.33,-11.101,-11.297,-10.815,-10.911,-10.911,-13.685,-13.685,-13.704,-13.704,-13.543,-13.543,-13.511,-13.511,-13.313,-13.313,-7.217,-5.719,-4.55,119.1,103.5,95.05,91.45,116.85,104.6,90.2,86.05000000000001,85.44999999999999,85.4,101.1,155.95,313.05,434.65,481.8,517.7,519.8499999999999,510.55,-13.797,-13.854,160.2,161.6,-0.19599999999999973,-15.599999999999994,0.4820000000000011,-8.450000000000003,-0.09600000000000009,-3.5999999999999943,0.0,25.39999999999999,-2.774000000000001,-12.25,0.0,-14.399999999999991,-0.019000000000000128,-4.1499999999999915,0.0,-0.6000000000000227,0.16100000000000136,-0.04999999999998295,0.0,15.699999999999989,0.03200000000000003,54.849999999999994,0.0,157.10000000000002,0.19799999999999862,121.59999999999997,0.0,47.150000000000034,6.096000000000001,35.900000000000034,1.4979999999999993,2.1499999999998636,1.1690000000000005,-9.299999999999898,-11.55738888888889,-13.625,-9.603833333333332,462.9333333333334,3456.308,3441.84,3420.862,3438.4404000000004,-91.50799999999981,3364.8
1.33,-11.166,-11.324,-10.793,-10.871,-10.871,-13.614,-13.614,-13.629,-13.629,-13.588,-13.588,-13.542,-13.542,-13.381,-13.381,-13.467,-13.215,-10.768,118.85,103.8,95.55,91.4,116.35,104.1,90.45,86.25,85.19999999999999,85.45,101.2,175.5,294.9,459.3,486.25,514.8499999999999,519.55,517.65,-13.768,-13.839,161.8,160.9,-0.15799999999999947,-15.049999999999997,0.5310000000000006,-8.25,-0.07800000000000118,-4.1499999999999915,0.0,24.94999999999999,-2.7430000000000003,-12.25,0.0,-13.649999999999991,-0.014999999999998792,-4.200000000000003,0.0,-1.0500000000000114,0.04100000000000037,0.2500000000000142,0.0,15.75,0.045999999999999375,74.3,0.0,119.39999999999998,0.1609999999999996,164.40000000000003,0.0,26.94999999999999,-0.0860000000000003,28.59999999999991,0.25200000000000067,4.7000000000000455,2.446999999999999,-1.8999999999999773,-12.665722222222223,-13.600571428571428,-12.959000000000001,465.4166666666667,3364.8,3456.308,3475.839,3408.7817999999997,-37.25400000000036,3327.546
1.33,-11.193,-11.324,-10.763,-10.814,-10.814,-13.619,-13.619,-13.654,-13.654,-13.601,-13.601,-13.56,-13.56,-13.376,-13.376,-11.308,-10.155,-10.236,118.7,104.1,96.0,91.15,115.85,103.45,90.45,86.45,85.05,85.1,100.35,157.2,285.55,471.1,498.9500000000001,527.05,533.35,521.15,-13.805,-13.878,163.4,158.9,-0.13100000000000023,-14.600000000000009,0.5609999999999999,-8.099999999999994,-0.051000000000000156,-4.849999999999994,0.0,24.69999999999999,-2.8049999999999997,-12.399999999999991,0.0,-13.0,-0.03500000000000014,-4.0,0.0,-1.4000000000000057,0.05299999999999905,0.04999999999999716,0.0,15.25,0.04100000000000037,56.849999999999994,0.0,128.35000000000002,0.18400000000000105,185.55,0.0,27.85000000000008,2.0679999999999996,28.099999999999852,1.1530000000000005,6.300000000000068,-0.0810000000000013,-12.200000000000045,-12.345944444444445,-13.61542857142857,-12.001833333333332,472.85833333333335,3327.546,3364.8,3453.415,3397.9309999999996,71.61500000000024,3399.161
1.33,-11.208,-11.376,-10.738,-10.821,-10.821,-13.645,-13.645,-13.685,-13.685,-13.592,-13.592,-13.577,-13.577,-13.374,-13.374,-12.312,-10.477,-10.309,118.85,104.4,96.45,91.0,116.1,103.75,90.2,86.55000000000001,85.05,85.1,97.9,142.75,303.05,466.45,517.85,533.55,532.25,515.0,-13.81,-13.858,164.0,155.7,-0.16799999999999926,-14.449999999999989,0.6379999999999999,-7.950000000000003,-0.08300000000000018,-5.450000000000003,0.0,25.099999999999994,-2.824,-12.349999999999994,0.0,-13.549999999999997,-0.040000000000000924,-3.6499999999999915,0.0,-1.5000000000000142,0.09299999999999997,0.04999999999999716,0.0,12.800000000000011,0.015000000000000568,44.849999999999994,0.0,160.3,0.2029999999999994,163.39999999999998,0.0,51.400000000000034,1.0620000000000012,15.699999999999932,1.834999999999999,-1.2999999999999545,0.16800000000000104,-17.25,-12.433777777777777,-13.63157142857143,-12.237166666666667,478.0249999999999,3399.161,3327.546,3441.84,3372.7574,-83.18899999999985,3315.972
1.33,-11.237,-11.378,-10.796,-10.814,-10.814,-13.663,-13.663,-13.675,-13.675,-13.658,-13.658,-13.631,-13.631,-13.345,-13.345,-13.9,-13.544,-8.57,119.55,104.05,96.5,91.55,116.2,104.25,90.15,86.80000000000001,85.15,85.4,96.4,142.05,294.8,456.6,523.85,532.0999999999999,526.05,514.8,-13.807,-13.864,164.3,153.4,-0.14100000000000001,-15.5,0.5820000000000007,-7.549999999999997,-0.018000000000000682,-4.950000000000003,0.0,24.650000000000006,-2.849,-11.950000000000003,0.0,-14.099999999999994,-0.012000000000000455,-3.3499999999999943,0.0,-1.6500000000000057,0.017000000000001236,0.25,0.0,11.0,0.026999999999999247,45.650000000000006,0.0,152.75,0.2859999999999996,161.8,0.0,67.25,-0.5549999999999997,8.249999999999886,0.35599999999999987,-6.0499999999999545,4.974,-11.25,-12.610944444444444,-13.660428571428572,-12.722500000000002,474.7,3315.972,3399.161,3456.308,3327.0398,-88.25200000000041,3227.72
1.33,-11.23,-11.38,-10.775,-10.834,-10.834,-13.711,-13.711,-13.723,-13.723,-13.661,-13.661,-13.648,-13.648,-13.428,-13.428,-11.587,-7.92,-5.943,119.9,103.65,96.45,91.9,116.2,104.95,90.05,86.69999999999999,85.4,85.85,96.5,138.2,262.15,450.9,522.1,530.5,521.6,515.65,-13.848,-13.911,164.0,152.0,-0.15000000000000036,-16.25,0.6050000000000004,-7.200000000000003,-0.058999999999999275,-4.549999999999997,0.0,24.299999999999997,-2.8770000000000007,-11.25,0.0,-14.900000000000006,-0.012000000000000455,-3.3500000000000085,0.0,-1.299999999999983,0.062000000000001165,0.44999999999998863,0.0,10.650000000000006,0.0129999999999999,41.69999999999999,0.0,123.94999999999999,0.21999999999999886,188.75,0.0,71.20000000000005,1.841000000000001,8.399999999999977,3.667,-8.899999999999977,1.9770000000000003,-5.9500000000000455,-12.046944444444442,-13.691142857142856,-10.992333333333335,467.15000000000003,3227.72,3315.972,3364.8,3297.3089999999997,-11.573999999999614,3216.146
1.33,-11.155,-11.342,-10.783,-10.851,-10.851,-13.708,-13.708,-13.738,-13.738,-13.67,-13.67,-13.646,-13.646,-13.411,-13.411,-12.878,-12.083,-9.167,119.55,103.5,96.65,92.05,115.85,105.95,89.65,86.65,85.5,87.0,98.9,127.75,257.6,440.5,518.0,532.0999999999999,518.65,516.55,-13.86,-13.917,162.4,150.9,-0.18700000000000117,-16.049999999999997,0.559000000000001,-6.849999999999994,-0.06800000000000139,-4.6000000000000085,0.0,23.799999999999997,-2.8569999999999993,-9.899999999999991,0.0,-16.299999999999997,-0.02999999999999936,-3.0,0.0,-1.1500000000000057,0.06799999999999962,1.5,0.0,11.900000000000006,0.023999999999999133,28.849999999999994,0.0,129.85000000000002,0.2350000000000012,182.89999999999998,0.0,77.5,0.5329999999999995,14.099999999999909,0.7949999999999999,-13.449999999999932,2.9160000000000004,-2.1000000000000227,-12.525333333333334,-13.696857142857143,-12.432666666666668,463.8999999999999,3216.146,3227.72,3327.546,3281.1054000000004,30.381999999999607,3246.528
1.33,-11.1,-11.257,-10.667,-10.762,-10.762,-13.723,-13.723,-13.761,-13.761,-13.678,-13.678,-13.657,-13.657,-13.42,-13.42,-10.25,-7.85,-6.406,119.2,104.0,96.75,92.2,115.35,106.35,89.55,86.55000000000001,85.55000000000001,86.8,99.7,124.15,261.6,409.1,509.0,534.25,520.45,513.6,-13.856,-13.913,160.6,150.4,-0.15700000000000003,-15.200000000000003,0.5899999999999999,-7.25,-0.09500000000000064,-4.549999999999997,0.0,23.14999999999999,-2.9610000000000003,-9.0,0.0,-16.799999999999997,-0.03799999999999848,-2.999999999999986,0.0,-1.0,0.08299999999999841,1.2499999999999858,0.0,12.900000000000006,0.021000000000000796,24.450000000000003,0.0,137.45000000000002,0.2370000000000001,147.5,0.0,99.89999999999998,3.17,25.25,2.4000000000000004,-13.799999999999955,1.444,-6.850000000000023,-11.973999999999998,-13.711571428571428,-10.833833333333333,458.0,3246.528,3216.146,3399.161,3253.617,15.191000000000258,3261.719
1.33,-11.04,-11.177,-10.671,-10.705,-10.705,-13.75,-13.75,-13.771,-13.771,-13.67,-13.67,-13.65,-13.65,-13.439,-13.439,-10.088,-7.591,-5.649,119.05,104.35,96.35,92.2,114.85,106.2,89.6,86.25,85.65,86.55000000000001,103.0,127.6,240.35,403.0,495.75,530.45,519.4000000000001,516.8,-13.868,-13.906,158.9,151.2,-0.13700000000000045,-14.700000000000003,0.5060000000000002,-8.0,-0.034000000000000696,-4.1499999999999915,0.0,22.64999999999999,-3.045,-8.649999999999991,0.0,-16.60000000000001,-0.021000000000000796,-3.3499999999999943,0.0,-0.5999999999999943,0.10100000000000087,0.9000000000000057,0.0,16.44999999999999,0.019999999999999574,24.599999999999994,0.0,112.75,0.2110000000000003,162.65,0.0,92.75,3.351000000000001,34.700000000000045,2.496999999999999,-11.049999999999955,1.9420000000000002,-2.6000000000001364,-11.899222222222223,-13.718857142857145,-10.642666666666667,450.9583333333333,3261.719,3246.528,3315.972,3260.4892,88.61400000000003,3350.333
1.33,-10.897,-11.133,-10.618,-10.69,-10.69,-13.708,-13.708,-13.747,-13.747,-13.659,-13.659,-13.635,-13.635,-13.444,-13.444,-11.917,-8.453,-6.362,118.45,104.3,96.3,92.25,115.4,105.95,89.44999999999999,85.95,85.65,86.25,107.8,141.75,235.65,405.05,489.15,526.5999999999999,516.1,517.8,-13.858,-13.932,157.4,152.9,-0.23599999999999888,-14.150000000000006,0.5149999999999988,-8.0,-0.07199999999999918,-4.049999999999997,0.0,23.150000000000006,-3.0180000000000007,-9.450000000000003,0.0,-16.500000000000014,-0.0389999999999997,-3.499999999999986,0.0,-0.29999999999999716,0.08799999999999919,0.5999999999999943,0.0,21.549999999999997,0.02400000000000091,33.95,0.0,93.9,0.19099999999999895,169.4,0.0,84.09999999999997,1.527000000000001,37.44999999999993,3.4640000000000004,-10.499999999999886,2.0909999999999993,1.6999999999999318,-12.063666666666665,-13.694714285714287,-11.209166666666667,448.3916666666666,3350.333,3261.719,3227.72,3289.4966,22.423999999999978,3372.757
1.33,-10.913,-11.107,-10.569,-10.654,-10.654,-13.707,-13.707,-13.742,-13.742,-13.656,-13.656,-13.635,-13.635,-13.43,-13.43,-12.107,-10.476,-8.009,117.45,104.15,96.5,92.4,116.3,105.7,89.3,86.0,85.8,86.0,110.5,160.5,248.05,386.45,484.75,524.6,508.3,519.9,-13.864,-13.935,156.2,154.4,-0.19399999999999906,-13.299999999999997,0.5379999999999985,-7.650000000000006,-0.08499999999999908,-4.099999999999994,0.0,23.89999999999999,-3.053000000000001,-10.599999999999994,0.0,-16.400000000000006,-0.03500000000000014,-3.299999999999997,0.0,-0.20000000000000284,0.0860000000000003,0.20000000000000284,0.0,24.5,0.021000000000000796,50.0,0.0,87.55000000000001,0.20500000000000007,138.39999999999998,0.0,98.30000000000001,1.3230000000000004,39.85000000000002,1.6309999999999985,-16.30000000000001,2.4670000000000005,11.599999999999966,-12.268277777777778,-13.69214285714286,-11.847833333333332,445.3416666666667,3372.757,3350.333,3216.146,3320.7466,-0.3609999999998763,3372.396
1.33,-10.891,-11.067,-10.559,-10.662,-10.662,-13.726,-13.726,-13.742,-13.742,-13.671,-13.671,-13.653,-13.653,-13.423,-13.423,-12.043,-10.558,-7.88,116.4,103.8,96.75,92.2,117.0,105.5,89.35,85.94999999999999,85.94999999999999,86.05,105.95,159.2,270.45,382.2,482.45,521.45,513.3,513.4,-13.86,-13.923,155.5,155.2,-0.17600000000000016,-12.600000000000009,0.5080000000000009,-7.049999999999997,-0.10300000000000153,-4.549999999999997,0.0,24.799999999999997,-3.064,-11.5,0.0,-16.150000000000006,-0.016000000000000014,-3.4000000000000057,0.0,0.0,0.0710000000000015,0.10000000000000853,0.0,19.900000000000006,0.017999999999998906,53.249999999999986,0.0,111.25,0.23000000000000043,111.75,0.0,100.25,1.3800000000000008,39.00000000000006,1.4849999999999994,-8.150000000000091,2.678,0.10000000000002274,-12.264,-13.70442857142857,-11.83,447.2083333333333,3372.396,3372.757,3246.528,3361.2558000000004,76.67799999999988,3449.074
1.33,-10.922,-11.095,-10.584,-10.606,-10.606,-13.726,-13.726,-13.747,-13.747,-13.645,-13.645,-13.616,-13.616,-13.397,-13.397,-12.181,-10.646,-7.62,115.65,103.05,96.75,92.3,117.0,105.7,89.75,85.85,85.85,86.05,101.85,145.25,308.7,400.9,478.65,522.5,512.1,504.5,-13.878,-13.906,155.7,154.8,-0.17300000000000004,-12.600000000000009,0.511000000000001,-6.299999999999997,-0.02200000000000024,-4.450000000000003,0.0,24.700000000000003,-3.120000000000001,-11.299999999999997,0.0,-15.950000000000003,-0.02099999999999902,-3.9000000000000057,0.0,0.0,0.10200000000000031,0.20000000000000284,0.0,15.799999999999997,0.028999999999999915,43.400000000000006,0.0,163.45,0.21899999999999942,92.19999999999999,0.0,77.75,1.216000000000001,43.85000000000002,1.5349999999999984,-10.399999999999977,3.0260000000000007,-7.600000000000023,-12.251222222222221,-13.693142857142856,-11.8095,454.55833333333334,3449.074,3372.396,3261.719,3389.5398,-45.934999999999945,3403.139
1.33,-11.082,-11.201,-10.558,-10.597,-10.597,-13.689,-13.689,-13.723,-13.723,-13.656,-13.656,-13.623,-13.623,-13.393,-13.393,-12.137,-10.758,-8.02,115.5,102.35,96.6,92.25,115.55,106.5,90.0,85.75,85.94999999999999,86.1,101.5,132.45,319.9,428.95,469.55,517.4,512.0,515.95,-13.861,-13.907,156.5,153.6,-0.11899999999999977,-13.150000000000006,0.6430000000000007,-5.75,-0.0389999999999997,-4.349999999999994,0.0,23.299999999999997,-3.0920000000000005,-9.049999999999997,0.0,-16.5,-0.034000000000000696,-4.25,0.0,0.19999999999998863,0.06700000000000017,0.15000000000000568,0.0,15.400000000000006,0.03300000000000125,30.94999999999999,0.0,187.45,0.22999999999999865,109.05000000000001,0.0,40.60000000000002,1.2560000000000002,47.849999999999966,1.3790000000000013,-5.399999999999977,2.7379999999999995,3.9500000000000455,-12.284333333333334,-13.679857142857145,-11.887333333333332,460.625,3403.139,3449.074,3350.333,3384.9824,-75.5930000000003,3327.546
1.33,-11.209,-11.272,-10.509,-10.638,-10.638,-13.707,-13.707,-13.731,-13.731,-13.655,-13.655,-13.667,-13.667,-13.416,-13.416,-11.922,-10.53,-8.3,115.75,102.25,96.5,92.55,116.0,107.2,89.85,85.69999999999999,85.95,86.0,100.75,127.7,297.7,454.4,469.7000000000001,511.2,516.65,518.4,-13.856,-13.887,157.7,152.9,-0.06300000000000061,-13.5,0.7629999999999999,-5.75,-0.12899999999999956,-3.950000000000003,0.0,23.450000000000003,-3.069000000000001,-8.799999999999997,0.0,-17.35000000000001,-0.023999999999999133,-4.150000000000006,0.0,0.2500000000000142,0.07600000000000051,0.04999999999999716,0.0,14.75,-0.012000000000000455,26.950000000000003,0.0,170.0,0.25099999999999945,156.7,0.0,15.300000000000125,1.4939999999999998,41.499999999999886,1.3920000000000012,5.449999999999989,2.2299999999999986,1.75,-12.298333333333334,-13.693285714285716,-11.875166666666665,461.3416666666667,3327.546,3403.139,3372.757,3364.2938000000004,-58.23199999999997,3269.314
1.33,-11.287,-11.4,-10.551,-10.623,-10.623,-13.697,-13.697,-13.723,-13.723,-13.685,-13.685,-13.667,-13.667,-13.435,-13.435,-9.126,-6.496,-4.986,115.8,101.95,96.15,92.5,117.5,107.5,90.05,86.0,85.8,85.95,103.7,151.65,266.45,465.9,478.4,513.25,527.75,519.55,-13.874,-13.921,158.4,152.6,-0.11299999999999955,-13.849999999999994,0.8490000000000002,-5.799999999999997,-0.07199999999999918,-3.6500000000000057,0.0,25.0,-3.074,-10.0,0.0,-17.450000000000003,-0.026000000000001577,-4.049999999999997,0.0,-0.20000000000000284,0.038000000000000256,0.15000000000000568,0.0,17.75,0.018000000000000682,47.95,0.0,114.79999999999998,0.23199999999999932,199.45,0.0,12.5,4.309000000000001,34.85000000000002,2.629999999999999,14.5,1.5100000000000007,-8.200000000000045,-11.750333333333334,-13.696714285714284,-10.190833333333332,461.8833333333334,3269.314,3327.546,3372.396,3348.2347999999997,22.787000000000262,3292.101
1.33,-11.221,-11.391,-10.532,-10.608,-10.608,-13.754,-13.754,-13.771,-13.771,-13.685,-13.685,-13.647,-13.647,-13.435,-13.435,-7.451,-5.953,-4.646,115.35,101.6,95.75,92.35,118.25,106.85,90.3,86.05,85.65,85.65,104.1,153.55,252.55,449.4,490.6,520.25,533.05,510.05,-13.883,-13.94,158.0,152.2,-0.16999999999999993,-13.75,0.859,-5.849999999999994,-0.07600000000000051,-3.4000000000000057,0.0,25.900000000000006,-3.145999999999999,-11.400000000000006,0.0,-16.549999999999997,-0.017000000000001236,-4.25,0.0,-0.3999999999999915,0.0860000000000003,0.0,0.0,18.44999999999999,0.038000000000000256,49.45000000000002,0.0,99.0,0.21199999999999974,196.84999999999997,0.0,41.200000000000045,5.984000000000001,29.649999999999977,1.4979999999999993,12.799999999999955,1.3070000000000004,-22.999999999999943,-11.610777777777777,-13.723857142857144,-9.761166666666668,459.3166666666668,3292.101,3269.314,3449.074,3300.2748,-82.82700000000023,3209.274
1.33,-11.092,-11.276,-10.485,-10.615,-10.615,-13.718,-13.718,-13.758,-13.758,-13.666,-13.666,-13.649,-13.649,-13.416,-13.416,-7.781,-6.276,-5.112,115.35,101.35,95.45,92.35,121.1,105.4,90.4,86.05,85.7,85.4,101.8,140.7,258.4,430.2,495.95,527.0999999999999,526.2,514.65,-13.878,-13.924,157.4,150.7,-0.18399999999999928,-14.0,0.7910000000000004,-5.8999999999999915,-0.13000000000000078,-3.1000000000000085,0.0,28.75,-3.1029999999999998,-15.699999999999989,0.0,-15.0,-0.03999999999999915,-4.3500000000000085,0.0,-0.3499999999999943,0.09199999999999875,-0.29999999999999716,0.0,16.39999999999999,0.017000000000001236,38.89999999999999,0.0,117.69999999999999,0.23299999999999876,171.8,0.0,65.75,5.635000000000001,31.14999999999992,1.505,-0.8999999999998636,1.1639999999999997,-11.550000000000068,-11.648111111111112,-13.704714285714285,-9.941666666666666,458.75,3209.274,3292.101,3403.139,3264.4676,14.829000000000178,3224.103
1.33,-11.029,-11.192,-10.569,-10.683,-10.683,-13.72,-13.72,-13.752,-13.752,-13.673,-13.673,-13.669,-13.669,-13.421,-13.421,-7.86,-6.384,-5.118,115.35,101.05,95.1,92.05,124.75,104.65,90.65,86.1,85.6,85.4,101.45,129.10000000000002,279.70000000000005,415.2,495.85,530.6,522.7,519.6,-13.878,-13.918,156.9,148.6,-0.16300000000000026,-14.299999999999997,0.6229999999999993,-5.950000000000003,-0.11399999999999899,-3.049999999999997,0.0,32.7,-3.037000000000001,-20.099999999999994,0.0,-14.0,-0.03200000000000003,-4.550000000000011,0.0,-0.5,0.07900000000000063,-0.19999999999998863,0.0,16.049999999999997,0.0039999999999995595,27.65000000000002,0.0,150.60000000000002,0.2480000000000011,135.49999999999994,0.0,80.65000000000003,5.560999999999999,34.75,1.476,-7.899999999999977,1.266,-3.1000000000000227,-11.666,-13.708428571428572,-9.978833333333332,460.60833333333335,3224.103,3209.274,3327.546,3248.264,22.424999999999727,3246.528
1.33,-11.018,-11.172,-10.61,-10.676,-10.676,-13.731,-13.731,-13.752,-13.752,-13.691,-13.691,-13.657,-13.657,-13.433,-13.433,-12.144,-11.74,-8.455,114.95,100.65,94.85,91.75,127.4,104.35,90.65,86.15,85.55000000000001,85.4,103.95,124.15,255.85,403.2,491.3,530.25,520.85,520.85,-13.884,-13.93,156.4,149.1,-0.15399999999999991,-14.299999999999997,0.5620000000000012,-5.800000000000011,-0.06600000000000072,-3.0999999999999943,0.0,35.650000000000006,-3.0549999999999997,-23.05000000000001,0.0,-13.699999999999989,-0.021000000000000796,-4.5,0.0,-0.5999999999999943,0.06099999999999994,-0.15000000000000568,0.0,18.549999999999997,0.034000000000000696,20.200000000000003,0.0,131.7,0.2240000000000002,147.35,0.0,88.10000000000002,1.2889999999999997,38.94999999999999,0.4039999999999999,-9.399999999999977,3.285,0.0,-12.389944444444446,-13.715,-12.143666666666666,453.71666666666664,3246.528,3224.103,3269.314,3268.0846,121.88900000000012,3368.417
1.33,-11.012,-11.16,-10.491,-10.56,-10.56,-13.741,-13.741,-13.76,-13.76,-13.67,-13.67,-13.619,-13.619,-13.443,-13.443,-12.282,-11.605,-8.905,114.7,100.6,94.8,91.2,129.95,103.45,90.85,86.35,85.4,85.75,107.35,116.7,236.1,412.4,488.15,529.8,518.5,518.75,-13.892,-13.946,156.0,150.1,-0.1479999999999997,-14.100000000000009,0.6690000000000005,-5.799999999999997,-0.06900000000000084,-3.5999999999999943,0.0,38.749999999999986,-3.180999999999999,-26.499999999999986,0.0,-12.600000000000009,-0.019000000000000128,-4.5,0.0,-0.9499999999999886,0.08999999999999986,0.3499999999999943,0.0,21.599999999999994,0.051000000000000156,9.350000000000009,0.0,119.39999999999999,0.17600000000000016,176.29999999999998,0.0,75.75,1.1609999999999996,41.64999999999998,0.6769999999999996,-11.299999999999955,2.700000000000001,0.25,-12.391166666666669,-13.708714285714285,-12.216166666666666,450.6166666666666,3368.417,3246.528,3292.101,3283.2754,-0.36200000000008004,3368.055
1.33,-11.068,-11.2,-10.484,-10.583,-10.583,-13.737,-13.737,-13.767,-13.767,-13.877,-13.877,-13.855,-13.855,-13.675,-13.675,-10.683,-10.709,-7.884,114.85,100.7,94.65,91.05,127.5,102.15,90.85,86.45,85.3,86.65,108.0,115.25,231.15,409.75,483.45,527.55,518.95,519.8,-13.86,-13.89,155.7,150.5,-0.13199999999999967,-14.149999999999991,0.7159999999999993,-6.049999999999997,-0.0990000000000002,-3.6000000000000085,0.0,36.45,-3.154,-25.349999999999994,0.0,-11.300000000000011,-0.02999999999999936,-4.3999999999999915,0.0,-1.1500000000000057,-0.11000000000000121,1.3500000000000085,0.0,21.349999999999994,0.02200000000000024,7.25,0.0,115.9,0.17999999999999972,178.6,0.0,73.69999999999999,2.992000000000001,44.099999999999966,-0.0259999999999998,-8.599999999999909,2.8249999999999993,0.849999999999909,-12.278666666666664,-13.80242857142857,-11.746833333333333,448.4416666666666,3368.055,3368.417,3209.274,3319.6614,23.149000000000342,3391.204
1.33,-11.279,-11.411,-10.521,-10.594,-10.594,-13.869,-13.869,-13.977,-13.977,-13.874,-13.874,-13.855,-13.855,-13.664,-13.664,-6.868,-5.396,-4.242,115.35,100.35,94.4,90.7,123.85,101.7,90.9,86.5,85.05000000000001,86.45,107.35,117.1,218.0,397.95,478.4,518.3,519.05,522.1,-14.1,-14.132,156.4,149.9,-0.13199999999999967,-15.0,0.8899999999999988,-5.949999999999989,-0.07299999999999862,-3.700000000000003,0.0,33.14999999999999,-3.2750000000000004,-22.14999999999999,0.0,-10.799999999999997,-0.10800000000000054,-4.400000000000006,0.0,-1.4499999999999886,0.10299999999999976,1.3999999999999915,0.0,20.89999999999999,0.019000000000000128,9.75,0.0,100.9,0.19100000000000072,179.95,0.0,80.44999999999999,6.795999999999999,39.89999999999998,1.4720000000000004,0.75,1.154,3.050000000000068,-11.632388888888885,-13.899285714285714,-9.614833333333333,442.29999999999995,3391.204,3368.055,3224.103,3364.0046,54.61499999999978,3445.819
1.33,-11.309,-11.449,-10.483,-10.526,-10.526,-13.925,-13.925,-13.949,-13.949,-13.89,-13.89,-13.886,-13.886,-13.725,-13.725,-6.378,-5.022,-3.942,116.35,100.2,94.25,90.7,123.6,101.2,90.75,86.65,84.9,85.85,106.5,122.95,204.5,391.4,487.65,518.1,519.6,522.2,-14.1,-14.158,157.4,149.4,-0.14000000000000057,-16.14999999999999,0.9659999999999993,-5.950000000000003,-0.04299999999999926,-3.549999999999997,0.0,32.89999999999999,-3.399000000000001,-22.39999999999999,0.0,-10.450000000000003,-0.023999999999999133,-4.099999999999994,0.0,-1.75,0.058999999999999275,0.9499999999999886,0.0,20.650000000000006,0.004000000000001336,16.450000000000003,0.0,81.55,0.1609999999999996,186.89999999999998,0.0,96.25,7.3469999999999995,30.450000000000045,1.3559999999999999,1.5,1.08,2.6000000000000227,-11.576944444444441,-13.916285714285715,-9.446333333333333,440.575,3445.819,3391.204,3246.528,3413.4837999999995,48.10500000000002,3493.924
1.33,-11.289,-11.435,-10.488,-10.526,-10.526,-13.921,-13.921,-13.955,-13.955,-13.893,-13.893,-13.874,-13.874,-13.721,-13.721,-6.727,-5.378,-4.313,116.7,100.3,94.2,90.75,123.3,100.85,90.4,86.65,84.80000000000001,85.45,105.3,125.45,204.05,395.4,493.05,522.25,519.0,518.85,-14.129,-14.176,158.4,150.5,-0.1460000000000008,-16.400000000000006,0.947000000000001,-6.099999999999994,-0.038000000000000256,-3.450000000000003,0.0,32.55,-3.3949999999999996,-22.450000000000003,0.0,-10.449999999999989,-0.034000000000000696,-3.75,0.0,-1.8499999999999943,0.06199999999999939,0.6499999999999915,0.0,19.849999999999994,0.019000000000000128,20.150000000000006,0.0,78.60000000000001,0.15300000000000047,191.34999999999997,0.0,97.65000000000003,6.994,29.19999999999999,1.3490000000000002,-3.25,1.0650000000000004,-0.14999999999997726,-11.633888888888887,-13.915999999999999,-9.622333333333335,442.09999999999997,3493.924,3445.819,3368.417,3436.415,-10.851000000000113,3483.073
1.33,-11.207,-11.42,-10.487,-10.583,-10.583,-13.954,-13.954,-13.981,-13.981,-13.89,-13.89,-13.871,-13.871,-13.723,-13.723,-7.126,-5.999,-4.73,116.9,100.6,94.2,90.6,123.95,100.4,90.25,86.8,84.85,85.25,102.6,134.05,209.8,376.25,495.4,525.45,520.85,511.8,-14.128,-14.157,159.1,152.2,-0.2129999999999992,-16.30000000000001,0.9329999999999998,-6.3999999999999915,-0.09600000000000009,-3.6000000000000085,0.0,33.35000000000001,-3.3710000000000004,-23.549999999999997,0.0,-10.150000000000006,-0.026999999999999247,-3.450000000000003,0.0,-1.9500000000000028,0.0909999999999993,0.4000000000000057,0.0,17.349999999999994,0.019000000000000128,31.450000000000017,0.0,75.75,0.1479999999999997,166.45,0.0,119.14999999999998,6.597,30.050000000000068,1.1270000000000007,-4.600000000000023,1.2689999999999992,-9.050000000000011,-11.720722222222225,-13.931571428571429,-9.862,439.925,3483.073,3493.924,3368.055,3455.8017999999997,-18.083999999999833,3464.989
1.33,-11.126,-11.319,-10.615,-10.662,-10.662,-13.94,-13.94,-13.981,-13.981,-13.89,-13.89,-13.862,-13.862,-13.694,-13.694,-7.242,-6.063,-4.895,117.55,101.3,94.0,90.35,124.8,100.2,89.9,86.6,84.80000000000001,85.25,98.85,144.2,229.95,373.15,498.9500000000001,526.8,515.6,504.4500000000001,-14.119,-14.166,159.8,154.4,-0.1930000000000014,-16.25,0.7040000000000006,-7.299999999999997,-0.0470000000000006,-3.6500000000000057,0.0,34.45,-3.2779999999999987,-24.599999999999994,0.0,-10.299999999999997,-0.04100000000000037,-3.3000000000000114,0.0,-1.799999999999983,0.0909999999999993,0.44999999999998863,0.0,13.599999999999994,0.02800000000000047,45.349999999999994,0.0,85.75,0.16799999999999926,143.2,0.0,125.80000000000013,6.452000000000001,27.849999999999852,1.1790000000000003,-11.199999999999932,1.1680000000000001,-11.14999999999992,-11.739888888888885,-13.926285714285713,-9.908333333333333,441.48333333333335,3464.989,3483.073,3391.204,3463.6866,-34.360999999999876,3430.628
1.33,-11.174,-11.274,-10.617,-10.687,-10.687,-13.958,-13.958,-13.981,-13.981,-13.879,-13.879,-13.833,-13.833,-13.676,-13.676,-7.171,-6.109,-5.143,117.85,102.15,94.0,90.4,123.9,100.15,89.4,86.4,84.7,85.30000000000001,95.8,147.60000000000002,237.3,363.55,493.95,527.55,516.5,506.15,-14.119,-14.172,160.7,156.5,-0.09999999999999964,-15.699999999999989,0.6569999999999983,-8.150000000000006,-0.06999999999999851,-3.5999999999999943,0.0,33.5,-3.271000000000001,-23.75,0.0,-10.75,-0.022999999999999687,-3.0,0.0,-1.7000000000000028,0.10200000000000031,0.6000000000000085,0.0,10.499999999999986,0.045999999999999375,51.800000000000026,0.0,89.69999999999999,0.15700000000000003,126.25,0.0,130.39999999999998,6.505,33.599999999999966,1.0620000000000003,-11.049999999999955,0.9660000000000002,-10.350000000000023,-11.750888888888888,-13.924142857142858,-9.934666666666667,440.8333333333333,3430.628,3464.989,3445.819,3464.3376000000003,18.445999999999913,3449.074
1.33,-11.41,-11.504,-10.644,-10.721,-10.721,-13.932,-13.932,-13.961,-13.961,-13.846,-13.846,-13.814,-13.814,-13.627,-13.627,-7.063,-6.086,-5.275,117.85,102.7,94.05,90.35,121.1,100.25,89.1,86.35,84.9,85.3,98.05,157.5,265.0,377.1,490.1,525.65,514.8499999999999,509.75,-14.105,-14.16,161.6,157.7,-0.09399999999999942,-15.149999999999991,0.8599999999999994,-8.650000000000006,-0.07699999999999996,-3.700000000000003,0.0,30.75,-3.2110000000000003,-20.849999999999994,0.0,-11.150000000000006,-0.028999999999999915,-2.75,0.0,-1.4499999999999886,0.11500000000000021,0.3999999999999915,0.0,12.75,0.03200000000000003,59.45,0.0,107.5,0.1869999999999994,112.10000000000002,0.0,113.0,6.564000000000001,35.549999999999955,0.9769999999999994,-10.800000000000068,0.8109999999999999,-5.099999999999909,-11.765777777777778,-13.898857142857143,-9.915333333333335,447.075,3449.074,3430.628,3493.924,3460.0696,23.509999999999764,3472.584
1.33,-11.439,-11.585,-10.634,-10.716,-10.716,-13.95,-13.95,-13.955,-13.955,-13.835,-13.835,-13.839,-13.839,-13.622,-13.622,-6.952,-6.007,-4.912,117.65,103.35,94.3,90.0,125.3,100.65,88.80000000000001,86.30000000000001,84.8,85.4,105.5,156.85000000000002,282.1,395.75,488.2000000000001,520.8,510.1,514.4000000000001,-14.086,-14.112,163.1,155.8,-0.1460000000000008,-14.300000000000011,0.9510000000000005,-9.049999999999997,-0.08199999999999896,-4.299999999999997,0.0,35.3,-3.234,-24.64999999999999,0.0,-11.849999999999994,-0.005000000000000782,-2.5,0.0,-1.5000000000000142,0.11999999999999922,0.6000000000000085,0.0,20.099999999999994,-0.0039999999999995595,51.35000000000002,0.0,125.25,0.21700000000000053,113.64999999999998,0.0,92.4500000000001,6.67,32.59999999999985,0.9450000000000003,-10.699999999999932,1.0949999999999998,4.300000000000068,-11.74238888888889,-13.902714285714284,-9.825666666666665,451.8916666666667,3472.584,3449.074,3483.073,3441.6958,-81.37999999999965,3391.204
1.33,-11.314,-11.495,-10.607,-10.685,-10.685,-13.917,-13.917,-13.92,-13.92,-13.855,-13.855,-13.829,-13.829,-13.611,-13.611,-11.834,-11.599,-8.552,117.3,103.65,94.8,90.05000000000001,128.25,101.5,88.7,86.0,84.6,85.30000000000001,106.05,136.95,299.29999999999995,421.3,484.85,513.75,512.7,511.15,-14.101,-14.145,165.4,152.5,-0.18099999999999916,-13.649999999999991,0.8879999999999999,-8.850000000000009,-0.07800000000000118,-4.749999999999986,0.0,38.19999999999999,-3.2319999999999993,-26.75,0.0,-12.799999999999997,-0.0030000000000001137,-2.700000000000003,0.0,-1.4000000000000057,0.0649999999999995,0.700000000000017,0.0,20.749999999999986,0.0259999999999998,30.89999999999999,0.0,162.34999999999997,0.21799999999999997,122.00000000000006,0.0,63.55000000000001,1.777000000000001,28.899999999999977,0.23499999999999943,-1.0499999999999545,3.0470000000000006,-1.5500000000000682,-12.501944444444444,-13.887571428571428,-12.172666666666666,457.17499999999995,3391.204,3472.584,3464.989,3414.9305999999997,-60.04100000000017,3331.163
1.33,-11.135,-11.401,-10.611,-10.657,-10.657,-13.918,-13.918,-13.94,-13.94,-13.926,-13.926,-13.9,-13.9,-13.616,-13.616,-10.992,-8.754,-7.038,116.5,103.3,94.85,90.2,128.55,102.05,88.7,85.9,84.65,85.15,101.45,123.05,307.75,446.15,492.75,515.55,515.0,501.75,-14.091,-14.127,167.4,150.3,-0.266,-13.200000000000003,0.7899999999999991,-8.450000000000003,-0.045999999999999375,-4.6499999999999915,0.0,38.35000000000001,-3.2609999999999992,-26.500000000000014,0.0,-13.349999999999994,-0.02200000000000024,-2.799999999999997,0.0,-1.25,0.013999999999999346,0.5,0.0,16.299999999999997,0.0259999999999998,21.599999999999994,0.0,184.7,0.2840000000000007,138.39999999999998,0.0,46.60000000000002,2.6239999999999988,22.799999999999955,2.2380000000000013,-0.5499999999999545,1.7159999999999993,-13.25,-12.21361111111111,-13.924000000000001,-11.319333333333333,463.1583333333333,3331.163,3391.204,3430.628,3386.5017999999995,-42.67900000000009,3288.484
1.33,-11.045,-11.294,-10.606,-10.747,-10.747,-13.987,-13.987,-14.011,-14.011,-13.851,-13.851,-13.836,-13.836,-13.555,-13.555,-6.274,-5.403,-4.555,115.8,103.05,95.45,90.35,132.5,102.65,88.65,85.75,84.6,85.25,99.15,117.15,276.85,461.2000000000001,502.8,524.3,526.5,497.9,-14.138,-14.184,168.4,147.4,-0.24900000000000055,-12.75,0.6880000000000006,-7.599999999999994,-0.14100000000000001,-5.1000000000000085,0.0,42.150000000000006,-3.24,-29.849999999999994,0.0,-14.0,-0.023999999999999133,-2.9000000000000057,0.0,-1.1500000000000057,0.15999999999999837,0.6500000000000057,0.0,13.900000000000006,0.015000000000000568,18.0,0.0,159.70000000000002,0.2810000000000006,184.35000000000008,0.0,41.59999999999991,7.281,21.499999999999943,0.8710000000000004,2.2000000000000455,0.8479999999999999,-28.600000000000023,-11.619500000000002,-13.93342857142857,-9.529666666666666,464.925,3288.484,3331.163,3449.074,3344.4012000000002,-49.91300000000001,3238.571
1.33,-11.007,-11.23,-10.756,-10.783,-10.783,-13.924,-13.924,-13.963,-13.963,-13.851,-13.851,-13.829,-13.829,-13.578,-13.578,-6.365,-5.288,-4.368,115.8,102.75,96.2,90.8,138.55,103.85,88.6,85.6,84.7,85.35,96.8,119.1,233.0,466.65,505.0,519.65,518.25,495.2,-14.075,-14.113,167.5,145.4,-0.22300000000000075,-13.049999999999997,0.4740000000000002,-6.549999999999997,-0.026999999999999247,-5.400000000000006,0.0,47.750000000000014,-3.141,-34.70000000000002,0.0,-15.25,-0.0389999999999997,-3.0,0.0,-0.8999999999999915,0.11199999999999832,0.6499999999999915,0.0,11.450000000000003,0.02200000000000024,22.299999999999997,0.0,113.9,0.2510000000000012,233.64999999999998,0.0,38.35000000000002,7.212999999999999,14.649999999999977,1.077,-1.3999999999999773,0.9199999999999999,-23.05000000000001,-11.603888888888891,-13.900714285714287,-9.501000000000001,456.2916666666667,3238.571,3288.484,3472.584,3280.0928,-87.529,3151.042
1.33,-10.96,-11.22,-10.7,-10.776,-10.776,-13.914,-13.914,-13.93,-13.93,-13.895,-13.895,-13.864,-13.864,-13.666,-13.666,-6.479,-5.206,-4.207,115.3,102.35,96.15,90.9,141.14999999999998,103.35,88.6,85.44999999999999,84.7,85.1,95.75,126.65,208.4,427.1,500.9500000000001,519.65,529.1,490.65,-14.07,-14.136,166.3,145.0,-0.2599999999999998,-12.950000000000003,0.5200000000000014,-6.199999999999989,-0.07600000000000051,-5.25,0.0,50.24999999999997,-3.138,-37.79999999999998,0.0,-14.75,-0.016000000000000014,-3.1500000000000057,0.0,-0.7499999999999858,0.03500000000000014,0.3999999999999915,0.0,10.650000000000006,0.030999999999998806,30.900000000000006,0.0,81.75,0.1980000000000004,218.70000000000002,0.0,73.85000000000008,7.187,18.699999999999875,1.2729999999999997,9.450000000000045,0.9990000000000006,-38.450000000000045,-11.603444444444444,-13.906,-9.514666666666667,445.97499999999997,3151.042,3238.571,3391.204,3241.3196,46.29600000000028,3197.338
1.33,-11.026,-11.287,-10.712,-10.817,-10.817,-13.965,-13.965,-13.993,-13.993,-13.893,-13.893,-13.878,-13.878,-13.679,-13.679,-6.689,-5.454,-4.509,115.0,101.8,96.1,91.35,141.75,102.7,88.5,85.4,84.75,84.9,95.2,137.35,201.6,360.04999999999995,506.8,522.25,536.6,489.9500000000001,-14.106,-14.169,164.0,147.1,-0.261000000000001,-13.200000000000003,0.5750000000000011,-5.700000000000003,-0.10500000000000043,-4.75,0.0,50.400000000000006,-3.1479999999999997,-39.05,0.0,-14.200000000000003,-0.02800000000000047,-3.0999999999999943,0.0,-0.6500000000000057,0.09999999999999964,0.15000000000000568,0.0,10.299999999999997,0.015000000000000568,42.14999999999999,0.0,64.25,0.19899999999999984,158.44999999999996,0.0,146.75000000000006,6.99,15.449999999999989,1.2350000000000003,14.350000000000023,0.9449999999999994,-46.64999999999992,-11.673722222222219,-13.94,-9.648000000000001,436.2083333333334,3197.338,3151.042,3331.163,3243.6344,145.3989999999999,3342.737
1.33,-11.081,-11.291,-10.815,-10.92,-10.92,-13.955,-13.955,-13.988,-13.988,-13.851,-13.851,-13.822,-13.822,-13.645,-13.645,-6.916,-5.859,-5.054,115.05,101.75,96.05,91.8,141.10000000000002,102.05,88.5,85.35,85.3,85.05,92.8,139.05,212.4,319.54999999999995,503.3,521.05,517.45,488.2,-14.111,-14.171,161.7,148.9,-0.21000000000000085,-13.299999999999997,0.47600000000000087,-5.700000000000003,-0.10500000000000043,-4.25,0.0,49.300000000000026,-3.035,-39.050000000000026,0.0,-13.549999999999997,-0.032999999999999474,-3.1500000000000057,0.0,-0.04999999999999716,0.13699999999999868,-0.25,0.0,7.75,0.02900000000000169,46.250000000000014,0.0,73.35,0.1769999999999996,107.14999999999995,0.0,183.75000000000006,6.728999999999999,17.749999999999943,1.0570000000000004,-3.599999999999909,0.8049999999999997,-29.250000000000057,-11.743222222222224,-13.915714285714285,-9.8235,426.9916666666666,3342.737,3197.338,3288.484,3252.9659999999994,-7.595000000000255,3335.142
1.33,-11.144,-11.349,-10.804,-10.864,-10.864,-13.953,-13.953,-13.958,-13.958,-13.871,-13.871,-13.83,-13.83,-13.638,-13.638,-8.115,-9.735,-7.457,114.5,101.45,95.7,92.0,140.0,101.0,88.4,85.35,85.65,85.5,91.5,127.55,228.85,320.75,482.0,517.1500000000001,514.4,484.45,-14.073,-14.11,160.9,150.0,-0.20500000000000007,-13.049999999999997,0.5449999999999999,-5.75,-0.0600000000000005,-3.700000000000003,0.0,48.0,-3.0889999999999986,-39.0,0.0,-12.599999999999994,-0.005000000000000782,-3.0500000000000114,0.0,0.30000000000001137,0.08699999999999974,-0.15000000000000568,0.0,6.0,0.04100000000000037,36.05,0.0,101.3,0.19200000000000017,91.9,0.0,161.25,5.523,35.15000000000009,-1.6199999999999992,-2.7500000000001137,2.2779999999999996,-29.94999999999999,-12.157333333333336,-13.91342857142857,-11.068833333333332,424.59999999999997,3335.142,3342.737,3238.571,3288.9902,83.55000000000018,3418.692
1.33,-11.183,-11.384,-10.797,-10.92,-10.92,-13.921,-13.921,-13.955,-13.955,-13.845,-13.845,-13.815,-13.815,-13.624,-13.624,-13.175,-12.868,-10.919,114.2,101.3,95.2,92.05,139.55,100.5,88.3,85.44999999999999,85.6,85.5,91.15,119.95,250.0,344.0,456.6,501.9,513.3499999999999,484.5,-14.083,-14.138,161.3,150.6,-0.2010000000000005,-12.900000000000006,0.5869999999999997,-6.099999999999994,-0.12299999999999933,-3.1500000000000057,0.0,47.500000000000014,-3.0009999999999994,-39.05000000000001,0.0,-12.200000000000003,-0.034000000000000696,-2.8500000000000085,0.0,0.15000000000000568,0.10999999999999943,-0.09999999999999432,0.0,5.650000000000006,0.030000000000001137,28.799999999999997,0.0,130.05,0.19099999999999895,94.0,0.0,112.60000000000002,0.44899999999999984,45.299999999999955,0.3070000000000004,11.449999999999932,1.9489999999999998,-28.84999999999991,-12.804777777777778,-13.893857142857142,-13.004166666666665,425.05833333333334,3418.692,3335.142,3151.042,3353.9496,57.146999999999935,3475.839
1.33,-11.351,-11.492,-10.818,-10.939,-10.939,-13.909,-13.909,-13.94,-13.94,-13.867,-13.867,-13.845,-13.845,-13.62,-13.62,-6.569,-5.725,-4.994,114.35,101.2,95.05,92.0,141.35,101.1,88.35,85.30000000000001,85.6,85.5,91.35,114.7,243.35,369.2,441.85,487.75,506.05,486.5,-14.072,-14.139,161.7,151.1,-0.14100000000000001,-13.149999999999991,0.6740000000000013,-6.150000000000006,-0.12100000000000044,-3.049999999999997,0.0,49.349999999999994,-2.9700000000000006,-40.25,0.0,-12.75,-0.030999999999998806,-3.049999999999983,0.0,0.29999999999998295,0.07299999999999862,-0.09999999999999432,0.0,5.849999999999994,0.02200000000000024,23.35000000000001,0.0,128.64999999999998,0.22500000000000142,125.85,0.0,72.65000000000003,7.050999999999999,45.89999999999998,0.8440000000000003,18.30000000000001,0.7309999999999999,-19.55000000000001,-11.732722222222222,-13.896714285714285,-9.728833333333334,422.45000000000005,3475.839,3418.692,3197.338,3424.1174,72.33800000000019,3548.177
1.33,-11.427,-11.553,-10.853,-10.921,-10.921,-13.927,-13.927,-13.973,-13.973,-13.883,-13.883,-13.872,-13.872,-13.653,-13.653,-6.557,-5.44,-4.734,114.35,101.0,95.1,91.75,141.9,101.7,88.35,85.19999999999999,85.55000000000001,85.3,91.9,112.2,222.65,389.0,445.15,479.15,504.9,486.7,-14.079,-14.132,161.9,153.1,-0.12600000000000122,-13.349999999999994,0.7000000000000011,-5.900000000000006,-0.06799999999999962,-3.3499999999999943,0.0,50.150000000000006,-3.0060000000000002,-40.2,0.0,-13.350000000000009,-0.04600000000000115,-3.1500000000000057,0.0,0.35000000000002274,0.09000000000000163,-0.2500000000000142,0.0,6.6000000000000085,0.010999999999999233,20.299999999999997,0.0,110.45,0.21899999999999942,166.35,0.0,56.14999999999998,7.096,34.0,1.117,25.75,0.7060000000000004,-18.19999999999999,-11.723444444444445,-13.919714285714283,-9.6515,421.25833333333327,3548.177,3475.839,3342.737,3450.7378,-72.33800000000019,3475.839
1.33,-11.39,-11.585,-10.88,-10.943,-10.943,-13.943,-13.943,-13.968,-13.968,-13.883,-13.883,-13.864,-13.864,-13.686,-13.686,-6.452,-5.363,-4.269,114.7,100.4,94.85,91.25,144.35,101.8,88.45,85.15,85.15,85.05,92.6,124.85,219.85,404.15,463.9,498.3,506.5,484.2,-14.096,-14.164,162.2,155.9,-0.19500000000000028,-14.299999999999997,0.7050000000000001,-5.550000000000011,-0.06299999999999883,-3.5999999999999943,0.0,53.099999999999994,-3.0,-42.55,0.0,-13.349999999999994,-0.025000000000000355,-3.299999999999997,0.0,0.0,0.08500000000000085,-0.10000000000000853,0.0,7.549999999999997,0.01899999999999835,32.25,0.0,95.0,0.17800000000000082,184.29999999999998,0.0,59.75,7.234,34.400000000000034,1.0889999999999995,8.199999999999989,1.0940000000000003,-22.30000000000001,-11.695166666666669,-13.921714285714286,-9.553333333333333,429.4833333333333,3475.839,3548.177,3335.142,3467.4477999999995,-57.146999999999935,3418.692
1.33,-11.343,-11.59,-10.882,-10.996,-10.996,-13.948,-13.948,-13.974,-13.974,-13.89,-13.89,-13.839,-13.839,-13.706,-13.706,-8.664,-6.637,-5.35,115.05,100.25,94.9,91.05,148.7,101.45,88.65,85.25,84.80000000000001,84.55,95.75,176.2,208.2,391.75,472.05,515.4,522.2,483.9,-14.108,-14.185,162.2,157.9,-0.2469999999999999,-14.799999999999997,0.7080000000000002,-5.349999999999994,-0.11400000000000077,-3.8500000000000085,0.0,57.64999999999999,-2.952,-47.249999999999986,0.0,-12.799999999999997,-0.0259999999999998,-3.4000000000000057,0.0,-0.44999999999998863,0.08399999999999963,-0.2500000000000142,0.0,11.200000000000003,0.051000000000000156,80.44999999999999,0.0,32.0,0.1330000000000009,183.55,0.0,80.30000000000001,5.042,43.349999999999966,2.027,6.800000000000068,1.287,-38.30000000000007,-11.953999999999999,-13.923285714285715,-10.317000000000002,432.25000000000006,3418.692,3475.839,3418.692,3474.3923999999997,34.722999999999956,3453.415
1.33,-11.402,-11.539,-10.864,-10.951,-10.951,-13.951,-13.951,-13.988,-13.988,-13.911,-13.911,-13.872,-13.872,-13.718,-13.718,-8.832,-6.665,-5.508,115.5,100.35,94.5,91.15,152.6,102.1,88.8,85.4,84.9,84.6,97.05,173.25,219.75,388.15,485.1,519.55,524.3,485.15,-14.113,-14.192,161.9,157.4,-0.13700000000000045,-15.150000000000006,0.6749999999999989,-5.849999999999994,-0.08699999999999974,-3.3499999999999943,0.0,61.44999999999999,-3.0,-50.5,0.0,-13.299999999999997,-0.036999999999999034,-3.3999999999999915,0.0,-0.5,0.07699999999999996,-0.30000000000001137,0.0,12.450000000000003,0.0389999999999997,76.2,0.0,46.5,0.15399999999999991,168.39999999999998,0.0,96.95000000000005,4.885999999999999,34.44999999999993,2.1670000000000007,4.75,1.157,-39.14999999999998,-11.977333333333332,-13.938857142857144,-10.3855,437.0,3453.415,3418.692,3475.839,3458.261,-58.233000000000175,3395.182
1.33,-11.347,-11.511,-10.917,-10.992,-10.992,-13.987,-13.987,-14.01,-14.01,-13.94,-13.94,-13.912,-13.912,-13.746,-13.746,-8.957,-6.882,-5.284,115.9,100.15,94.25,91.05,153.95,101.55,89.25,85.5,84.8,84.75,96.6,147.4,282.29999999999995,386.6,491.9,532.7,525.6500000000001,495.4,-14.129,-14.222,161.9,155.6,-0.1639999999999997,-15.75,0.5939999999999994,-5.900000000000006,-0.07500000000000107,-3.200000000000003,0.0,62.89999999999999,-2.994999999999999,-52.39999999999999,0.0,-12.299999999999997,-0.022999999999999687,-3.75,0.0,-0.7000000000000028,0.07000000000000028,-0.04999999999999716,0.0,11.849999999999994,0.027999999999998693,50.80000000000001,0.0,134.89999999999995,0.16600000000000037,104.30000000000007,0.0,105.29999999999995,4.789,40.80000000000007,2.075000000000001,-7.0499999999999545,1.5979999999999999,-30.250000000000114,-12.004000000000001,-13.96942857142857,-10.421166666666666,452.425,3395.182,3453.415,3548.177,3416.8838000000005,-53.89099999999962,3341.291
1.33,-11.358,-11.559,-10.896,-10.952,-10.952,-14.003,-14.003,-14.029,-14.029,-13.944,-13.944,-13.923,-13.923,-13.709,-13.709,-8.782,-6.925,-5.582,115.6,100.2,94.1,91.0,158.2,100.95,89.5,85.5,84.80000000000001,85.0,95.85,130.95,308.4,388.7000000000001,491.1,533.95,527.45,498.45,-14.168,-14.267,162.2,153.5,-0.20099999999999874,-15.399999999999991,0.6629999999999985,-6.1000000000000085,-0.05599999999999916,-3.0999999999999943,0.0,67.19999999999999,-3.051,-57.249999999999986,0.0,-11.450000000000003,-0.0259999999999998,-4.0,0.0,-0.6999999999999886,0.08499999999999908,0.19999999999998863,0.0,10.849999999999994,0.021000000000000796,35.099999999999994,0.0,177.45,0.2140000000000004,80.30000000000013,0.0,102.39999999999992,4.927,42.85000000000002,1.8570000000000002,-6.5,1.343,-29.000000000000057,-12.012333333333334,-13.982142857142858,-10.43833333333333,458.0083333333334,3341.291,3395.182,3475.839,3383.3190000000004,-33.276000000000295,3308.015
1.33,-11.381,-11.541,-10.813,-10.892,-10.892,-13.981,-13.981,-14.021,-14.021,-13.929,-13.929,-13.905,-13.905,-13.708,-13.708,-8.622,-6.803,-5.57,115.1,100.45,94.0,91.1,159.85,100.7,89.5,85.65,84.69999999999999,85.4,103.25,126.45,269.55,418.35,496.6,530.3,533.75,498.8,-14.164,-14.217,161.9,152.8,-0.16000000000000014,-14.649999999999991,0.7279999999999998,-6.450000000000003,-0.07899999999999885,-2.9000000000000057,0.0,68.75,-3.0890000000000004,-59.14999999999999,0.0,-11.200000000000003,-0.040000000000000924,-3.8499999999999943,0.0,-0.950000000000017,0.09200000000000053,0.700000000000017,0.0,17.849999999999994,0.02400000000000091,23.200000000000003,0.0,143.10000000000002,0.19699999999999918,148.8,0.0,78.25,5.086,33.69999999999993,1.819,3.4500000000000455,1.2329999999999997,-34.94999999999999,-11.977888888888888,-13.966714285714287,-10.386,457.8916666666667,3308.015,3341.291,3418.692,3345.9204,-76.3159999999998,3231.699
1.33,-11.31,-11.506,-10.819,-10.918,-10.918,-13.992,-13.992,-14.026,-14.026,-13.911,-13.911,-13.901,-13.901,-13.713,-13.713,-8.393,-6.572,-5.448,115.55,100.7,94.05,90.9,163.05,101.5,89.55000000000001,86.0,84.4,85.25,106.15,130.35,225.35,455.6,497.85,521.8499999999999,523.1,501.4,-14.141,-14.206,161.4,154.5,-0.19599999999999973,-14.849999999999994,0.6869999999999994,-6.650000000000006,-0.09899999999999842,-3.1499999999999915,0.0,72.15,-3.0740000000000016,-61.55000000000001,0.0,-11.949999999999989,-0.03399999999999892,-3.5500000000000114,0.0,-1.5999999999999943,0.11500000000000021,0.8499999999999943,0.0,20.900000000000006,0.009999999999999787,24.19999999999999,0.0,95.0,0.1880000000000006,230.25000000000003,0.0,42.25,5.3199999999999985,23.999999999999886,1.8210000000000006,1.2500000000001137,1.1239999999999997,-21.700000000000045,-11.94277777777778,-13.965571428571428,-10.290000000000001,454.19166666666666,3231.699,3308.015,3453.415,3294.7774,-33.99900000000025,3197.7
1.33,-11.242,-11.466,-10.823,-10.839,-10.839,-13.987,-13.987,-13.993,-13.993,-13.902,-13.902,-13.856,-13.856,-13.68,-13.68,-6.219,-5.114,-4.241,115.65,100.7,94.15,90.8,165.8,104.75,89.4,86.19999999999999,84.25,84.8,101.3,156.65,200.05,428.55,500.5,518.5999999999999,518.55,500.45,-14.128,-14.18,160.7,157.2,-0.22399999999999842,-14.950000000000003,0.6429999999999989,-6.549999999999997,-0.016000000000000014,-3.3500000000000085,0.0,75.00000000000001,-3.1479999999999997,-61.05000000000001,0.0,-15.349999999999994,-0.006000000000000227,-3.200000000000017,0.0,-1.9499999999999886,0.09100000000000108,0.5499999999999972,0.0,16.5,0.045999999999999375,55.35000000000001,0.0,43.400000000000006,0.17600000000000016,228.5,0.0,71.94999999999999,7.460999999999999,18.09999999999991,1.1050000000000004,-0.049999999999954525,0.8730000000000002,-18.099999999999966,-11.645499999999998,-13.945714285714285,-9.465,444.45,3197.7,3231.699,3395.182,3274.9568,98.37900000000036,3296.079
1.33,-11.164,-11.417,-10.775,-10.888,-10.888,-13.983,-13.983,-13.999,-13.999,-13.896,-13.896,-13.866,-13.866,-13.692,-13.692,-6.254,-5.119,-4.223,115.2,100.6,94.4,90.65,165.6,106.65,88.85,86.19999999999999,84.35,85.05,97.85,157.95,217.35,379.55,508.75,516.75,517.4,495.35,-14.113,-14.179,160.0,158.9,-0.2530000000000001,-14.600000000000009,0.6419999999999995,-6.199999999999989,-0.11299999999999955,-3.75,0.0,74.94999999999999,-3.0950000000000006,-58.94999999999999,0.0,-17.80000000000001,-0.016000000000000014,-2.6500000000000057,0.0,-1.8499999999999943,0.10299999999999976,0.7000000000000028,0.0,12.799999999999997,0.030000000000001137,60.099999999999994,0.0,59.400000000000006,0.1739999999999995,162.20000000000002,0.0,129.2,7.438000000000001,8.0,1.1349999999999998,0.6499999999999773,0.8959999999999999,-22.049999999999955,-11.644444444444442,-13.946000000000002,-9.474333333333332,439.19166666666666,3296.079,3197.7,3341.291,3282.697,83.91300000000001,3379.992
1.33,-11.144,-11.334,-10.823,-11.004,-11.004,-13.947,-13.947,-14.0,-14.0,-13.86,-13.86,-13.855,-13.855,-13.686,-13.686,-6.64,-5.493,-4.473,114.9,100.95,94.65,90.6,165.35000000000002,105.05,88.6,86.15,84.35,85.25,95.9,160.5,263.45,344.9,500.8,517.5999999999999,519.75,491.3,-14.124,-14.176,160.4,160.2,-0.1899999999999995,-13.950000000000003,0.5109999999999992,-6.299999999999997,-0.18099999999999916,-4.050000000000011,0.0,74.75000000000003,-2.9429999999999996,-60.300000000000026,0.0,-16.450000000000003,-0.053000000000000824,-2.4499999999999886,0.0,-1.8000000000000114,0.14000000000000057,0.9000000000000057,0.0,10.650000000000006,0.004999999999999005,64.6,0.0,102.94999999999999,0.16900000000000048,81.44999999999999,0.0,155.90000000000003,7.046,16.799999999999898,1.1469999999999994,2.150000000000091,1.0200000000000005,-28.44999999999999,-11.70061111111111,-13.924142857142856,-9.638833333333334,439.6333333333334,3379.992,3296.079,3308.015,3313.947,84.27299999999968,3464.265
1.33,-11.168,-11.341,-10.892,-10.932,-10.932,-13.929,-13.929,-13.949,-13.949,-13.896,-13.896,-13.855,-13.855,-13.642,-13.642,-7.096,-5.976,-4.848,114.3,101.2,94.75,90.7,165.64999999999998,103.45,88.6,86.0,84.55000000000001,85.55000000000001,94.25,166.60000000000002,299.54999999999995,359.1,481.55,517.7,520.05,490.9500000000001,-14.115,-14.176,161.3,161.9,-0.17300000000000004,-13.099999999999994,0.44899999999999984,-6.450000000000003,-0.040000000000000924,-4.049999999999997,0.0,74.94999999999997,-2.997,-62.199999999999974,0.0,-14.850000000000009,-0.019999999999999574,-2.5999999999999943,0.0,-1.4499999999999886,0.05299999999999905,1.0,0.0,8.699999999999989,0.04100000000000037,72.35000000000002,0.0,132.94999999999993,0.21300000000000097,59.55000000000007,0.0,122.44999999999999,6.545999999999999,36.150000000000034,1.12,2.349999999999909,1.1280000000000001,-29.099999999999852,-11.76261111111111,-13.914714285714286,-9.843166666666667,444.81666666666666,3464.265,3379.992,3231.699,3355.5412000000006,-24.5949999999998,3439.67
1.33,-11.264,-11.464,-10.906,-10.963,-10.963,-13.955,-13.955,-13.985,-13.985,-13.879,-13.879,-13.826,-13.826,-13.631,-13.631,-7.216,-6.197,-5.146,113.75,101.15,94.6,90.85,167.35000000000002,102.5,88.8,85.5,84.7,85.9,92.45,156.5,302.6,402.4,466.3,509.55,517.6500000000001,490.6,-14.113,-14.164,162.2,161.9,-0.20000000000000107,-12.599999999999994,0.5579999999999998,-6.550000000000011,-0.05699999999999861,-3.75,0.0,76.50000000000003,-2.992000000000001,-64.85000000000002,0.0,-13.700000000000003,-0.02999999999999936,-3.299999999999997,0.0,-0.7999999999999972,0.10599999999999987,1.2000000000000028,0.0,6.549999999999997,0.05299999999999905,64.05,0.0,146.10000000000002,0.19500000000000028,99.79999999999995,0.0,63.900000000000034,6.415,43.25,1.0190000000000001,8.10000000000008,1.0510000000000002,-27.050000000000068,-11.815055555555555,-13.923428571428571,-9.941166666666668,448.18333333333334,3439.67,3464.265,3197.7,3395.8334000000004,-40.509000000000015,3399.161
1.33,-11.362,-11.558,-10.849,-10.945,-10.945,-13.925,-13.925,-13.963,-13.963,-13.854,-13.854,-13.826,-13.826,-13.626,-13.626,-7.528,-6.496,-5.664,113.7,100.85,94.55,91.1,169.64999999999998,102.35,88.75,85.35,84.75,86.1,91.3,157.8,314.15,443.65,457.85,504.5,518.0999999999999,482.3,-14.099,-14.16,163.4,160.4,-0.19599999999999973,-12.850000000000009,0.7089999999999996,-6.299999999999997,-0.09600000000000009,-3.450000000000003,0.0,78.54999999999998,-2.9800000000000004,-67.29999999999998,0.0,-13.599999999999994,-0.03799999999999848,-3.4000000000000057,0.0,-0.5999999999999943,0.10899999999999999,1.3499999999999943,0.0,5.200000000000003,0.027999999999998693,66.50000000000001,0.0,156.34999999999997,0.20000000000000107,129.5,0.0,14.200000000000045,6.098,46.64999999999998,1.0319999999999991,13.599999999999909,0.8320000000000007,-35.7999999999999,-11.874166666666664,-13.901428571428571,-10.127666666666666,453.425,3399.161,3439.67,3296.079,3395.9057999999995,-102.72000000000025,3296.441
1.33,-11.276,-11.48,-10.931,-11.031,-11.031,-13.917,-13.917,-13.949,-13.949,-13.845,-13.845,-13.822,-13.822,-13.626,-13.626,-9.661,-7.838,-6.463,113.75,100.15,95.05,91.15,171.35,102.65,88.75,85.5,84.9,85.85,91.25,155.45,310.15,460.7,474.1,508.25,516.55,486.9500000000001,-14.097,-14.147,164.8,158.3,-0.20400000000000063,-13.599999999999994,0.5490000000000013,-5.1000000000000085,-0.10000000000000142,-3.8999999999999915,0.0,80.19999999999999,-2.8859999999999992,-68.69999999999999,0.0,-13.900000000000006,-0.03200000000000003,-3.25,0.0,-0.5999999999999943,0.1039999999999992,0.9499999999999886,0.0,5.400000000000006,0.023000000000001464,64.19999999999999,0.0,154.7,0.19599999999999973,150.55,0.0,13.400000000000034,3.965,34.14999999999998,1.8229999999999995,8.299999999999955,1.375,-29.599999999999852,-12.112722222222223,-13.892,-10.839333333333334,459.45000000000005,3296.441,3399.161,3379.992,3359.375,-99.10299999999961,3197.338
1.33,-11.08,-11.343,-10.931,-11.007,-11.007,-13.925,-13.925,-13.94,-13.94,-13.843,-13.843,-13.798,-13.798,-13.609,-13.609,-10.467,-9.853,-7.511,114.4,99.3,94.9,91.0,172.05,102.1,88.55,85.5,84.95,85.75,93.85,146.7,298.1,469.15,499.45,522.8,530.85,490.8,-14.08,-14.138,165.9,155.1,-0.2629999999999999,-15.100000000000009,0.4120000000000008,-4.3999999999999915,-0.07600000000000051,-3.9000000000000057,0.0,81.05000000000001,-2.918000000000001,-69.95000000000002,0.0,-13.549999999999997,-0.014999999999998792,-3.049999999999997,0.0,-0.5499999999999972,0.09699999999999953,0.7999999999999972,0.0,8.099999999999994,0.04499999999999993,52.849999999999994,0.0,151.40000000000003,0.18900000000000006,171.04999999999995,0.0,30.30000000000001,3.1419999999999995,23.349999999999966,0.6140000000000008,8.050000000000068,2.3419999999999996,-40.05000000000001,-12.301611111111113,-13.887714285714285,-11.474499999999999,468.52500000000003,3197.338,3296.441,3464.265,3306.7130000000006,3.6169999999997344,3200.955
1.33,-11.077,-11.372,-10.862,-10.937,-10.937,-13.941,-13.941,-13.947,-13.947,-13.906,-13.906,-13.884,-13.884,-13.613,-13.613,-10.332,-9.791,-7.632,115.15,99.4,94.7,90.65,169.60000000000002,100.9,88.25,85.45,85.0,85.55000000000001,96.9,133.4,292.6,477.65,520.9,536.3,535.1,490.4500000000001,-14.07,-14.153,165.6,153.5,-0.29499999999999993,-15.75,0.5099999999999998,-4.700000000000003,-0.07499999999999929,-4.049999999999997,0.0,78.95000000000002,-3.0040000000000013,-68.70000000000002,0.0,-12.650000000000006,-0.005999999999998451,-2.799999999999997,0.0,-0.45000000000000284,0.04099999999999859,0.5500000000000114,0.0,11.349999999999994,0.02200000000000024,36.5,0.0,159.20000000000002,0.2710000000000008,185.04999999999995,0.0,43.25,3.280999999999999,15.399999999999977,0.5410000000000004,-1.1999999999999318,2.1590000000000007,-44.64999999999992,-12.306777777777777,-13.92457142857143,-11.477500000000001,475.50000000000006,3200.955,3197.338,3439.67,3239.1494,-99.10300000000007,3101.852
1.33,-11.03,-11.324,-10.885,-11.013,-11.013,-13.965,-13.965,-13.993,-13.993,-13.918,-13.918,-13.894,-13.894,-13.617,-13.617,-7.041,-6.024,-5.129,115.6,99.55,94.3,91.3,168.0,99.85,88.15,85.35,85.1,85.5,95.7,122.25,274.1,465.8,527.3,529.35,525.6,499.55,-14.135,-14.199,164.9,152.4,-0.2940000000000005,-16.049999999999997,0.43900000000000006,-5.25,-0.1280000000000001,-3.0,0.0,76.7,-2.952,-68.15,0.0,-11.699999999999989,-0.02800000000000047,-2.8000000000000114,0.0,-0.25,0.07500000000000107,0.4000000000000057,0.0,10.200000000000003,0.023999999999999133,26.549999999999997,0.0,151.85000000000002,0.27699999999999925,191.7,0.0,61.49999999999994,6.5760000000000005,2.050000000000068,1.0170000000000003,-3.75,0.8950000000000005,-26.05000000000001,-11.790722222222222,-13.949428571428573,-9.886999999999999,470.28333333333336,3101.852,3200.955,3399.161,3184.1002,22.063000000000102,3123.915
1.33,-10.923,-11.189,-10.889,-11.013,-11.013,-13.968,-13.968,-14.02,-14.02,-13.812,-13.812,-13.804,-13.804,-13.622,-13.622,-6.803,-5.692,-4.842,116.05,99.8,93.6,91.25,169.1,99.0,88.3,85.2,85.25,85.85,93.5,120.2,253.75,452.2,520.2,525.4,516.4000000000001,505.9,-14.138,-14.176,163.2,150.5,-0.266,-16.25,0.3000000000000007,-6.200000000000003,-0.12400000000000055,-2.3499999999999943,0.0,77.85,-2.955,-70.1,0.0,-10.700000000000003,-0.0519999999999996,-3.0999999999999943,0.0,0.04999999999999716,0.20800000000000018,0.5999999999999943,0.0,7.650000000000006,0.007999999999999119,26.700000000000003,0.0,133.55,0.18200000000000038,198.45,0.0,68.00000000000006,6.819,5.199999999999932,1.1109999999999998,-8.999999999999886,0.8500000000000005,-10.500000000000114,-11.712000000000003,-13.914857142857143,-9.730833333333333,462.3083333333334,3123.915,3101.852,3296.441,3158.0586,42.31800000000021,3166.233
1.33,-11.368,-11.497,-10.8,-10.824,-10.824,-13.884,-13.884,-13.893,-13.893,-14.457,-14.457,-14.412,-14.412,-14.251,-14.251,-6.936,-5.65,-4.501,116.65,100.35,93.45,91.05,167.7,98.95,88.45,84.95,85.4,86.1,92.05,117.55,220.1,446.25,510.6,523.4,514.3,494.3,-14.134,-14.317,162.3,150.4,-0.12899999999999956,-16.30000000000001,0.6969999999999992,-6.8999999999999915,-0.023999999999999133,-2.4000000000000057,0.0,76.64999999999999,-3.0600000000000005,-68.74999999999999,0.0,-10.5,-0.009000000000000341,-3.5,0.0,0.45000000000000284,-0.5640000000000001,0.6999999999999886,0.0,5.950000000000003,0.04499999999999993,25.5,0.0,102.55,0.16100000000000136,226.15,0.0,64.35000000000002,7.3149999999999995,12.799999999999955,1.2859999999999996,-9.100000000000023,1.149,-19.999999999999943,-11.899666666666668,-14.125714285714285,-10.000166666666667,451.4916666666666,3166.233,3123.915,3197.338,3165.5094,68.35899999999992,3234.592
1.33,-11.433,-11.573,-10.598,-10.652,-10.652,-14.494,-14.494,-14.529,-14.529,-14.468,-14.468,-14.433,-14.433,-14.269,-14.269,-6.925,-5.79,-4.815,116.95,100.6,93.5,90.7,168.15,98.6,88.35,84.85,85.55,87.65,93.3,118.55,215.35,431.55,509.4,536.25,534.8,491.1,-14.668,-14.733,161.1,151.9,-0.14000000000000057,-16.35000000000001,0.9749999999999996,-7.099999999999994,-0.053999999999998494,-2.799999999999997,0.0,77.45,-3.8420000000000005,-69.55000000000001,0.0,-10.25,-0.03500000000000014,-3.5,0.0,0.7000000000000028,0.06099999999999994,2.1000000000000085,0.0,5.6499999999999915,0.03500000000000014,25.25,0.0,96.8,0.1639999999999997,216.20000000000002,0.0,77.84999999999997,7.344,26.850000000000023,1.1349999999999998,-1.4500000000000455,0.9749999999999996,-43.69999999999993,-12.045777777777777,-14.487857142857141,-10.083499999999999,453.075,3234.592,3166.233,3200.955,3194.734,112.48599999999988,3347.078
1.33,-11.572,-11.71,-10.909,-10.957,-10.957,-14.498,-14.498,-14.55,-14.55,-14.385,-14.385,-14.366,-14.366,-14.167,-14.167,-6.917,-6.034,-5.239,116.55,100.65,93.5,90.2,167.85000000000002,98.1,88.6,84.9,85.25,87.4,100.7,117.9,220.1,394.4,516.15,540.25,531.45,499.8,-14.68,-14.71,159.7,151.5,-0.13800000000000168,-15.899999999999991,0.8010000000000002,-7.150000000000006,-0.04800000000000004,-3.299999999999997,0.0,77.65000000000002,-3.5409999999999986,-69.75000000000003,0.0,-9.5,-0.05200000000000138,-3.6999999999999886,0.0,0.3499999999999943,0.16500000000000092,2.1500000000000057,0.0,13.299999999999997,0.019000000000000128,17.200000000000003,0.0,102.19999999999999,0.19899999999999984,174.29999999999998,0.0,121.75,7.25,24.100000000000023,0.883,-8.799999999999955,0.7949999999999999,-31.650000000000034,-12.12372222222222,-14.461714285714288,-10.148333333333333,450.3583333333334,3347.078,3234.592,3101.852,3253.4723999999997,48.465999999999894,3395.544
1.31,-11.637,-11.762,-10.954,-11.022,-11.022,-14.46,-14.46,-14.486,-14.486,-14.397,-14.397,-14.389,-14.389,-14.197,-14.197,-6.94,-5.818,-4.876,115.3,101.1,93.75,90.05,170.55,97.45,88.45,85.1,84.75,86.5,99.6,115.15,205.85,384.55,510.15,535.2,525.1,509.55,-14.636,-14.669,158.9,151.7,-0.125,-14.200000000000003,0.8079999999999998,-7.349999999999994,-0.06799999999999962,-3.700000000000003,0.0,80.50000000000001,-3.4380000000000006,-73.10000000000001,0.0,-9.0,-0.0259999999999998,-3.3500000000000085,0.0,-0.3499999999999943,0.08900000000000041,1.75,0.0,13.099999999999994,0.008000000000000895,15.550000000000011,0.0,90.69999999999999,0.19200000000000017,178.70000000000002,0.0,125.59999999999997,7.256999999999999,25.050000000000068,1.1220000000000008,-10.100000000000023,0.9419999999999993,-15.550000000000011,-12.104944444444447,-14.439285714285717,-10.0695,445.06666666666666,3395.544,3347.078,3123.915,3314.0192,31.105000000000018,3426.649
1.31,-11.634,-11.778,-10.812,-10.88,-10.88,-14.484,-14.484,-14.49,-14.49,-14.434,-14.434,-14.389,-14.389,-14.198,-14.198,-6.842,-5.771,-4.714,114.3,101.45,94.25,90.0,172.1,96.85,88.4,85.35,84.65,86.45,96.0,112.1,214.55,388.15,502.85,537.8,530.7,518.5,-14.661,-14.76,159.1,150.7,-0.14400000000000013,-12.849999999999994,0.9660000000000011,-7.200000000000003,-0.06800000000000139,-4.25,0.0,82.1,-3.603999999999999,-75.25,0.0,-8.449999999999989,-0.006000000000000227,-3.0500000000000114,0.0,-0.6999999999999886,0.05600000000000094,1.7999999999999972,0.0,9.549999999999997,0.04499999999999993,16.099999999999994,0.0,102.45000000000002,0.19099999999999895,173.59999999999997,0.0,114.70000000000005,7.356000000000001,34.94999999999993,1.0709999999999997,-7.099999999999909,1.0569999999999995,-12.200000000000045,-12.072277777777778,-14.457857142857142,-10.018666666666666,448.7583333333334,3426.649,3395.544,3166.233,3381.0763999999995,74.86999999999989,3501.519
1.31,-11.646,-11.834,-10.679,-10.754,-10.754,-14.475,-14.475,-14.516,-14.516,-14.457,-14.457,-14.429,-14.429,-14.257,-14.257,-10.591,-10.084,-8.032,114.55,101.65,94.15,90.0,173.60000000000002,96.5,88.44999999999999,85.5,84.85,86.5,93.75,115.15,219.95,379.0,497.6,537.4000000000001,540.55,508.3,-14.657,-14.699,159.0,151.1,-0.18799999999999883,-12.899999999999991,1.1549999999999994,-7.5,-0.07499999999999929,-4.150000000000006,0.0,83.60000000000002,-3.721,-77.10000000000002,0.0,-8.050000000000011,-0.04100000000000037,-2.9499999999999886,0.0,-0.6500000000000057,0.058999999999999275,1.6500000000000057,0.0,7.25,0.02800000000000047,21.400000000000006,0.0,104.79999999999998,0.1720000000000006,159.05,0.0,118.60000000000002,3.6660000000000004,39.80000000000007,0.5069999999999997,3.1499999999998636,2.0519999999999996,-32.24999999999994,-12.702333333333335,-14.474999999999998,-11.941666666666665,447.1333333333334,3501.519,3426.649,3234.592,3458.1164,118.27300000000014,3619.792
1.31,-11.634,-11.819,-10.599,-10.741,-10.741,-14.513,-14.513,-14.559,-14.559,-14.471,-14.471,-14.445,-14.445,-14.258,-14.258,-13.396,-11.155,-8.496,114.65,101.4,94.35,90.25,172.35,96.1,88.6,85.65,84.95,86.55,91.85,129.5,215.05,375.3,497.1,527.05,530.05,500.6,-14.69,-14.733,159.1,153.3,-0.1850000000000005,-13.25,1.2200000000000006,-7.050000000000011,-0.14199999999999946,-4.099999999999994,0.0,82.1,-3.7720000000000002,-76.25,0.0,-7.5,-0.045999999999999375,-2.9499999999999886,0.0,-0.7000000000000028,0.08799999999999919,1.5999999999999943,0.0,5.299999999999997,0.0259999999999998,37.650000000000006,0.0,85.55000000000001,0.18700000000000117,160.25,0.0,121.80000000000001,0.8619999999999983,29.949999999999932,2.2410000000000014,3.0,2.658999999999999,-29.449999999999932,-12.948500000000003,-14.504428571428573,-12.668,440.85833333333335,3619.792,3501.519,3347.078,3497.6852,-74.86999999999989,3544.922
1.31,-11.525,-11.737,-10.853,-10.959,-10.959,-14.527,-14.527,-14.564,-14.564,-14.458,-14.458,-14.431,-14.431,-14.251,-14.251,-13.608,-13.424,-11.108,114.85,100.8,94.55,90.4,167.10000000000002,95.95,88.65,85.6,84.9,86.05000000000001,90.3,135.6,219.75,389.8,493.85,524.2,529.5,496.35,-14.695,-14.763,158.9,155.3,-0.21199999999999974,-14.049999999999997,0.8840000000000003,-6.25,-0.10599999999999987,-4.1499999999999915,0.0,76.70000000000002,-3.5679999999999996,-71.15000000000002,0.0,-7.299999999999997,-0.03700000000000081,-3.0500000000000114,0.0,-0.6999999999999886,0.10599999999999987,1.1500000000000057,0.0,4.249999999999986,0.027000000000001023,45.3,0.0,84.15,0.17999999999999972,170.05,0.0,104.05000000000001,0.6429999999999989,30.350000000000023,0.18400000000000105,5.2999999999999545,2.315999999999999,-33.14999999999998,-13.257500000000002,-14.504142857142856,-13.512166666666667,442.24166666666673,3544.922,3619.792,3395.544,3535.0837999999994,37.61499999999978,3582.537
1.31,-11.131,-11.409,-10.886,-11.041,-11.041,-14.524,-14.524,-14.554,-14.554,-13.9,-13.9,-13.856,-13.856,-13.697,-13.697,-13.62,-13.447,-11.068,115.05,100.55,94.8,90.45,167.7,96.5,88.65,85.65,85.05,85.9,90.0,141.85,248.1,392.3,485.1,513.35,520.4000000000001,492.25,-14.688,-14.766,159.1,156.0,-0.27800000000000047,-14.5,0.5230000000000015,-5.75,-0.15500000000000114,-4.349999999999994,0.0,77.24999999999999,-3.4829999999999988,-71.19999999999999,0.0,-7.849999999999994,-0.030000000000001137,-3.0,0.0,-0.6000000000000085,0.6539999999999999,0.8500000000000085,0.0,4.099999999999994,0.04400000000000048,51.849999999999994,0.0,106.25,0.1590000000000007,144.20000000000002,0.0,92.80000000000001,0.07699999999999996,28.25,0.17300000000000004,7.050000000000068,2.3789999999999996,-28.15000000000009,-13.039166666666667,-14.258857142857142,-13.230833333333331,441.9166666666667,3582.537,3544.922,3426.649,3556.279,-49.91199999999981,3532.625
1.31,-11.096,-11.406,-10.928,-11.022,-11.022,-13.959,-13.959,-13.985,-13.985,-13.887,-13.887,-13.859,-13.859,-13.679,-13.679,-13.63,-13.419,-11.132,114.8,100.5,94.7,90.7,166.9,97.2,88.4,85.85,85.05000000000001,85.8,91.2,145.55,279.7,398.75,488.75,511.8,513.1,489.45,-14.123,-14.181,159.9,155.9,-0.3100000000000005,-14.299999999999997,0.47799999999999976,-5.799999999999997,-0.09399999999999942,-4.0,0.0,76.2,-2.9369999999999994,-69.7,0.0,-8.799999999999997,-0.0259999999999998,-2.5500000000000114,0.0,-0.799999999999983,0.09799999999999898,0.7499999999999858,0.0,5.400000000000006,0.02800000000000047,54.35000000000001,0.0,134.14999999999998,0.17999999999999972,119.05000000000001,0.0,90.0,0.04899999999999949,23.05000000000001,0.2110000000000003,1.3000000000000114,2.287000000000001,-23.650000000000034,-12.910722222222226,-13.931571428571429,-13.233000000000002,446.92499999999995,3532.625,3582.537,3501.519,3553.3131999999996,-45.934999999999945,3486.69
1.31,-11.008,-11.309,-11.001,-11.083,-11.083,-13.969,-13.969,-13.987,-13.987,-13.881,-13.881,-13.859,-13.859,-13.661,-13.661,-13.602,-13.429,-11.13,114.75,100.45,94.1,90.95,162.45,97.65,88.0,85.9,85.15,85.6,90.8,138.39999999999998,277.9,410.6,493.55,516.2,518.95,486.0,-14.113,-14.167,161.0,155.3,-0.30100000000000016,-14.299999999999997,0.30799999999999983,-6.3500000000000085,-0.08200000000000074,-3.1499999999999915,0.0,71.49999999999999,-2.8859999999999992,-64.79999999999998,0.0,-9.650000000000006,-0.018000000000000682,-2.0999999999999943,0.0,-0.75,0.10599999999999987,0.44999999999998863,0.0,5.200000000000003,0.02200000000000024,47.59999999999998,0.0,139.5,0.1980000000000004,132.70000000000005,0.0,82.94999999999999,0.058999999999999275,22.650000000000034,0.17300000000000004,2.75,2.2989999999999995,-32.950000000000045,-12.908833333333332,-13.933285714285715,-13.223666666666666,450.5333333333333,3486.69,3532.625,3619.792,3512.2974000000004,-71.97699999999986,3414.713
1.31,-11.008,-11.306,-10.994,-11.078,-11.078,-13.962,-13.962,-13.976,-13.976,-13.864,-13.864,-13.851,-13.851,-13.653,-13.653,-13.519,-13.279,-11.184,115.1,100.4,93.8,91.05,158.65,98.0,87.6,85.94999999999999,85.35,85.95,91.1,130.3,268.04999999999995,439.95,497.5,520.75,524.15,483.7,-14.106,-14.145,162.0,155.0,-0.29800000000000004,-14.699999999999989,0.3119999999999994,-6.6000000000000085,-0.08399999999999963,-2.75,0.0,67.60000000000001,-2.8840000000000003,-60.650000000000006,0.0,-10.400000000000006,-0.014000000000001123,-1.6500000000000057,0.0,-0.5999999999999943,0.1120000000000001,0.6000000000000085,0.0,5.1499999999999915,0.0129999999999999,39.20000000000002,0.0,137.74999999999994,0.1980000000000004,171.90000000000003,0.0,57.55000000000001,0.13400000000000034,23.25,0.2400000000000002,3.3999999999999773,2.0950000000000006,-40.44999999999999,-12.892111111111111,-13.922142857142857,-13.189833333333333,455.68333333333334,3414.713,3486.69,3544.922,3457.8992,-141.78200000000015,3272.931
1.31,-11.044,-11.338,-10.999,-11.118,-11.118,-13.928,-13.928,-13.955,-13.955,-13.861,-13.861,-13.836,-13.836,-13.643,-13.643,-7.112,-6.104,-5.262,115.4,100.3,93.9,91.0,156.05,98.1,87.5,85.75,85.7,86.75,93.05,138.10000000000002,257.45,450.05,503.65,523.9000000000001,527.65,483.85,-14.104,-14.164,162.7,153.4,-0.2939999999999987,-15.100000000000009,0.33899999999999864,-6.3999999999999915,-0.11899999999999977,-2.9000000000000057,0.0,65.05000000000001,-2.8100000000000005,-57.95000000000002,0.0,-10.599999999999994,-0.026999999999999247,-1.75,0.0,-0.04999999999999716,0.09399999999999942,1.0499999999999972,0.0,6.299999999999997,0.025000000000000355,45.050000000000026,0.0,119.34999999999997,0.19299999999999962,192.60000000000002,0.0,53.599999999999966,6.531000000000001,20.250000000000114,1.008,3.7499999999998863,0.8420000000000005,-43.799999999999955,-11.807833333333335,-13.903428571428572,-9.933333333333334,457.7583333333334,3272.931,3414.713,3582.537,3392.2164,-18.807999999999993,3254.123
1.31,-11.243,-11.417,-10.959,-11.09,-11.09,-13.927,-13.927,-13.961,-13.961,-13.895,-13.895,-13.871,-13.871,-13.682,-13.682,-7.052,-5.961,-5.077,116.1,100.4,93.8,90.65,154.64999999999998,98.05,87.69999999999999,85.4,85.7,87.3,96.05,152.75,236.1,442.85,515.1,529.0,531.6500000000001,482.2,-14.099,-14.132,163.6,153.1,-0.1739999999999995,-15.699999999999989,0.4580000000000002,-6.6000000000000085,-0.13100000000000023,-3.1499999999999915,0.0,63.99999999999997,-2.8369999999999997,-56.59999999999998,0.0,-10.350000000000009,-0.034000000000000696,-2.299999999999983,0.0,0.29999999999999716,0.06600000000000072,1.5999999999999943,0.0,8.75,0.023999999999999133,56.7,0.0,83.35,0.18900000000000006,206.75000000000003,0.0,72.25,6.630000000000001,13.899999999999977,1.0909999999999993,2.650000000000091,0.8840000000000003,-49.4500000000001,-11.808944444444442,-13.919571428571427,-9.8875,456.15000000000003,3254.123,3272.931,3532.625,3338.9031999999997,11.93600000000015,3266.059
1.31,-11.33,-11.525,-10.991,-11.094,-11.094,-13.965,-13.965,-13.987,-13.987,-13.944,-13.944,-13.903,-13.903,-13.659,-13.659,-7.02,-5.936,-4.965,117.2,100.9,93.85,90.3,153.75,97.65,87.94999999999999,85.0,85.55,86.9,100.7,164.5,247.55,418.1,525.45,536.05,537.0999999999999,482.8,-14.127,-14.211,164.3,153.6,-0.19500000000000028,-16.299999999999997,0.5340000000000007,-7.050000000000011,-0.10299999999999976,-3.549999999999997,0.0,63.45,-2.8710000000000004,-56.099999999999994,0.0,-9.700000000000017,-0.02200000000000024,-2.9499999999999886,0.0,0.5499999999999972,0.04299999999999926,1.3500000000000085,0.0,13.799999999999997,0.04100000000000037,63.8,0.0,83.05000000000001,0.24399999999999977,170.55,0.0,107.35000000000002,6.639000000000001,10.599999999999909,1.0839999999999996,1.0499999999999545,0.9710000000000001,-54.2999999999999,-11.826166666666666,-13.956428571428573,-9.857,457.8416666666667,3266.059,3254.123,3486.69,3296.2961999999998,7.596000000000004,3273.655
1.31,-11.324,-11.551,-10.982,-11.1,-11.1,-14.024,-14.024,-14.036,-14.036,-13.962,-13.962,-13.911,-13.911,-13.685,-13.685,-10.428,-9.88,-7.56,116.95,101.25,94.05,90.3,153.65,97.25,88.15,85.05,85.35,86.3,100.95,176.75,275.95,396.0,520.45,532.0,534.55,484.45,-14.15,-14.225,164.2,153.6,-0.2270000000000003,-15.700000000000003,0.5690000000000008,-7.200000000000003,-0.11800000000000033,-3.75,0.0,63.35000000000001,-2.9239999999999995,-56.400000000000006,0.0,-9.099999999999994,-0.012000000000000455,-3.1000000000000085,0.0,0.29999999999999716,0.07399999999999984,0.9500000000000028,0.0,14.650000000000006,0.051000000000000156,75.8,0.0,99.19999999999999,0.2259999999999991,120.05000000000001,0.0,124.45000000000005,3.2569999999999997,11.549999999999955,0.548,2.5499999999999545,2.320000000000001,-50.099999999999966,-12.397833333333333,-13.993571428571428,-11.524833333333333,457.2333333333333,3273.655,3266.059,3414.713,3149.161,-594.6180000000004,2679.037
1.31,-11.271,-11.542,-10.994,-11.112,-11.112,-14.02,-14.02,-14.051,-14.051,-13.954,-13.954,-13.928,-13.928,-13.645,-13.645,-10.437,-9.852,-7.621,115.15,101.5,94.0,90.2,152.45,96.5,88.25,85.25,85.44999999999999,86.2,96.3,172.0,305.75,406.2000000000001,501.8,526.8499999999999,523.95,485.6,-14.169,-14.24,163.9,154.2,-0.270999999999999,-13.650000000000006,0.548,-7.5,-0.11800000000000033,-3.799999999999997,0.0,62.249999999999986,-2.9079999999999995,-55.94999999999999,0.0,-8.25,-0.031000000000000583,-3.0,0.0,0.19999999999998863,0.09699999999999953,0.7500000000000142,0.0,10.099999999999994,0.0259999999999998,75.7,0.0,133.75,0.28300000000000125,100.4500000000001,0.0,95.59999999999991,3.208,25.049999999999898,0.5849999999999991,-2.8999999999998636,2.231,-38.35000000000002,-12.396500000000003,-13.996857142857143,-11.521333333333333,458.35833333333335,2679.037,3273.655,3272.931,2864.3664,-830.0789999999997,1848.958
1.31,-11.208,-11.462,-11.005,-11.137,-11.137,-14.014,-14.014,-14.041,-14.041,-13.891,-13.891,-13.883,-13.883,-13.601,-13.601,-10.758,-10.502,-8.625,113.5,101.95,94.2,90.35,151.25,95.95,88.4,85.3,85.5,86.35,92.9,156.6,329.35,428.4,486.65,515.6500000000001,516.3,484.2,-14.173,-14.228,164.4,154.2,-0.25399999999999956,-11.549999999999997,0.45699999999999896,-7.75,-0.13199999999999967,-3.8500000000000085,0.0,60.900000000000006,-2.876999999999999,-55.3,0.0,-7.549999999999997,-0.027000000000001023,-3.1000000000000085,0.0,0.20000000000000284,0.15000000000000036,0.8499999999999943,0.0,6.550000000000011,0.008000000000000895,63.69999999999999,0.0,172.75000000000003,0.28199999999999825,99.04999999999995,0.0,58.25,2.8430000000000017,29.000000000000114,0.25599999999999845,0.6499999999998636,1.8770000000000007,-32.099999999999966,-12.483000000000002,-13.967857142857143,-11.828333333333333,460.0916666666667,1848.958,2679.037,3254.123,2836.9504,1268.085,3117.043
1.31,-11.118,-11.411,-11.027,-11.12,-11.12,-14.013,-14.013,-14.003,-14.003,-13.869,-13.869,-13.834,-13.834,-13.581,-13.581,-10.67,-10.397,-8.287,113.45,102.2,94.45,90.5,150.95,96.1,88.65,85.65,85.7,86.55000000000001,90.2,141.65,339.35,453.1,480.15,501.9500000000001,504.5,483.75,-14.115,-14.141,165.3,153.1,-0.29299999999999926,-11.25,0.38400000000000034,-7.75,-0.09299999999999997,-3.950000000000003,0.0,60.44999999999999,-2.8930000000000007,-54.849999999999994,0.0,-7.449999999999989,0.009999999999999787,-3.0,0.0,0.04999999999999716,0.13400000000000034,0.8500000000000085,0.0,3.6499999999999915,0.03500000000000014,51.45,0.0,197.70000000000002,0.2530000000000001,113.75,0.0,27.049999999999955,2.9109999999999996,21.800000000000125,0.2729999999999997,2.5499999999998977,2.1099999999999994,-20.75,-12.430555555555554,-13.943428571428571,-11.725,460.4666666666667,3117.043,1848.958,3266.059,2829.3550000000005,111.03899999999976,3228.082
1.31,-11.249,-11.457,-11.031,-11.098,-11.098,-13.935,-13.935,-13.966,-13.966,-13.864,-13.864,-13.828,-13.828,-13.584,-13.584,-10.598,-10.331,-8.301,114.4,101.2,94.4,90.5,149.89999999999998,96.35,88.65,85.65,85.9,87.3,90.15,133.45,314.7,479.65,479.3,497.65,499.9,481.4500000000001,-14.083,-14.153,167.0,150.1,-0.20800000000000018,-13.200000000000003,0.42600000000000016,-6.799999999999997,-0.06700000000000017,-3.9000000000000057,0.0,59.39999999999998,-2.8369999999999997,-53.54999999999998,0.0,-7.699999999999989,-0.030999999999998806,-3.0,0.0,0.25,0.10199999999999854,1.3999999999999915,0.0,2.8500000000000085,0.036000000000001364,43.29999999999998,0.0,181.25,0.24399999999999977,164.95,0.0,-0.3499999999999659,2.985999999999999,18.349999999999966,0.26700000000000124,2.25,2.0299999999999994,-18.449999999999875,-12.41761111111111,-13.908285714285714,-11.704333333333333,458.77500000000003,3228.082,3117.043,3273.655,2815.683,-22.786999999999807,3205.295
1.31,-11.349,-11.522,-11.071,-11.152,-11.152,-13.92,-13.92,-13.953,-13.953,-13.944,-13.944,-13.934,-13.934,-13.33,-13.33,-7.265,-6.476,-5.707,115.45,100.2,94.85,90.5,152.8,96.6,88.75,85.7,85.80000000000001,87.6,91.05,139.3,289.9,488.35,487.3,519.85,512.95,475.5,-14.081,-14.153,168.4,148.0,-0.17300000000000004,-15.25,0.4510000000000005,-5.3500000000000085,-0.08099999999999952,-4.349999999999994,0.0,62.30000000000001,-2.7680000000000007,-56.20000000000002,0.0,-7.849999999999994,-0.032999999999999474,-3.049999999999997,0.0,0.10000000000000853,0.008999999999998565,1.799999999999983,0.0,3.450000000000003,0.010000000000001563,48.250000000000014,0.0,150.59999999999997,0.6039999999999992,198.45000000000005,0.0,-1.0500000000000114,6.065,32.55000000000001,0.7889999999999997,-6.899999999999977,0.7690000000000001,-37.450000000000045,-11.880888888888888,-13.938285714285714,-10.007,462.3083333333334,3205.295,3228.082,2679.037,2929.9046,44.84999999999991,3250.145
1.31,-11.365,-11.629,-11.09,-11.182,-11.182,-13.999,-13.999,-14.041,-14.041,-13.993,-13.993,-13.979,-13.979,-9.344,-9.344,-7.244,-7.729,-6.736,115.65,99.75,95.5,90.75,155.05,97.05,88.55000000000001,85.9,85.80000000000001,87.05000000000001,92.35,138.6,276.1,467.15,505.85,527.05,530.5999999999999,474.5,-14.151,-14.232,168.2,147.0,-0.26399999999999935,-15.900000000000006,0.5389999999999997,-4.25,-0.09200000000000053,-4.75,0.0,64.30000000000001,-2.817,-58.000000000000014,0.0,-8.499999999999986,-0.041999999999999815,-2.6500000000000057,0.0,-0.09999999999999432,0.04800000000000004,1.25,0.0,5.299999999999983,0.014000000000001123,46.25,0.0,137.50000000000003,4.635,191.04999999999995,0.0,38.700000000000045,2.0999999999999996,21.199999999999932,-0.4850000000000003,3.5499999999999545,0.9930000000000003,-56.09999999999991,-11.603833333333332,-14.00642857142857,-9.062666666666667,463.5416666666667,3250.145,3205.295,1848.958,3206.525,-18.085000000000036,3232.06
1.31,-11.245,-11.541,-11.082,-11.149,-11.149,-14.058,-14.058,-14.071,-14.071,-14.01,-14.01,-13.957,-13.957,-9.059,-9.059,-6.957,-6.299,-5.632,115.7,100.1,95.2,90.8,156.4,97.25,88.1,85.95,85.8,86.65,93.5,146.05,277.6,444.85,512.35,527.1,522.85,477.4,-14.184,-14.266,165.4,146.7,-0.29600000000000115,-15.600000000000009,0.45899999999999963,-4.8999999999999915,-0.0669999999999984,-4.400000000000006,0.0,65.60000000000001,-2.9090000000000007,-59.150000000000006,0.0,-9.150000000000006,-0.0129999999999999,-2.1499999999999915,0.0,-0.15000000000000568,0.06099999999999994,0.8500000000000085,0.0,6.849999999999994,0.05299999999999905,52.55000000000001,0.0,131.55,4.8980000000000015,167.25,0.0,67.5,2.1019999999999994,14.75,0.6579999999999995,-4.25,0.6670000000000007,-45.450000000000045,-11.40911111111111,-14.033571428571431,-8.493833333333333,460.35833333333335,3232.06,3250.145,3117.043,3219.4734,-50.27500000000009,3181.785
1.31,-11.116,-11.462,-11.057,-11.146,-11.146,-14.057,-14.057,-14.088,-14.088,-14.004,-14.004,-13.959,-13.959,-9.157,-9.157,-6.802,-5.878,-5.054,115.9,100.7,94.3,91.2,161.0,97.1,88.1,86.1,85.75,86.45,92.4,157.15,270.85,422.1,505.8,526.25,517.65,477.6,-14.192,-14.267,161.9,146.9,-0.3460000000000001,-15.200000000000003,0.40499999999999936,-6.400000000000006,-0.08900000000000041,-3.0999999999999943,0.0,69.8,-2.9109999999999996,-63.900000000000006,0.0,-9.0,-0.030999999999998806,-2.0,0.0,-0.3499999999999943,0.08399999999999963,0.7000000000000028,0.0,5.950000000000003,0.04499999999999993,64.75,0.0,113.70000000000002,4.802,151.25,0.0,83.69999999999999,2.3550000000000004,20.44999999999999,0.9239999999999995,-8.600000000000023,0.8239999999999998,-40.049999999999955,-11.343944444444444,-14.036714285714286,-8.3345,453.375,3181.785,3232.06,3228.082,3197.1932,-65.10399999999981,3116.681
1.31,-11.12,-11.423,-11.06,-11.204,-11.204,-14.047,-14.047,-14.083,-14.083,-13.978,-13.978,-13.961,-13.961,-9.593,-9.593,-6.472,-5.562,-4.853,116.4,100.9,93.65,91.8,160.95,97.4,88.3,85.94999999999999,85.9,86.35,89.85,153.9,281.15,407.5,496.4,523.75,513.85,476.35,-14.191,-14.281,158.9,147.8,-0.3030000000000008,-15.5,0.36299999999999955,-7.25,-0.14400000000000013,-1.8500000000000085,0.0,69.14999999999999,-2.843,-63.54999999999998,0.0,-9.100000000000009,-0.03599999999999959,-2.3500000000000085,0.0,-0.04999999999998295,0.10500000000000043,0.44999999999998863,0.0,3.5,0.01699999999999946,64.05000000000001,0.0,127.24999999999997,4.368,126.35000000000002,0.0,88.89999999999998,3.1209999999999996,27.350000000000023,0.9100000000000001,-9.899999999999977,0.7090000000000005,-37.5,-11.345666666666668,-14.025285714285713,-8.339,449.8333333333333,3116.681,3181.785,3205.295,3201.0271999999995,107.7840000000001,3224.465
1.31,-11.089,-11.412,-11.086,-11.211,-11.211,-14.052,-14.052,-14.07,-14.07,-14.003,-14.003,-13.968,-13.968,-9.075,-9.075,-13.364,-13.144,-11.157,116.95,100.95,93.9,91.65,159.55,98.05,88.5,85.65,86.2,86.35,88.5,167.75,295.65,407.3,488.3,519.45,512.2,477.45,-14.188,-14.275,156.7,149.0,-0.3230000000000004,-16.0,0.3260000000000005,-7.049999999999997,-0.125,-2.25,0.0,67.9,-2.8409999999999993,-61.500000000000014,0.0,-9.549999999999997,-0.018000000000000682,-2.8499999999999943,0.0,0.5499999999999972,0.06700000000000017,0.14999999999999147,0.0,2.1500000000000057,0.03500000000000014,79.25,0.0,127.89999999999998,4.893000000000001,111.65000000000003,0.0,81.0,-4.2890000000000015,31.150000000000034,0.22000000000000064,-7.25,1.987,-34.75000000000006,-12.444999999999999,-14.031142857142857,-11.6305,450.05833333333334,3224.465,3116.681,3250.145,3221.0648,125.86799999999994,3350.333
1.31,-11.213,-11.45,-11.095,-11.176,-11.176,-14.066,-14.066,-14.091,-14.091,-14.033,-14.033,-13.971,-13.971,-8.846,-8.846,-12.662,-11.927,-11.007,117.5,101.0,94.1,90.8,153.15,98.3,88.7,85.75,86.05,86.25,87.75,190.85,303.7,403.65,475.55,513.5,508.85,479.0,-14.202,-14.299,155.1,150.2,-0.2370000000000001,-16.5,0.35499999999999865,-6.900000000000006,-0.08099999999999952,-3.299999999999997,0.0,62.35000000000001,-2.8900000000000006,-54.85000000000001,0.0,-9.599999999999994,-0.02499999999999858,-2.950000000000003,0.0,0.29999999999999716,0.05799999999999983,0.20000000000000284,0.0,1.5,0.06199999999999939,103.1,0.0,112.85,5.125,99.94999999999999,0.0,71.90000000000003,-3.8160000000000007,37.94999999999999,0.7350000000000012,-4.649999999999977,0.9199999999999999,-29.850000000000023,-12.317777777777778,-14.050142857142857,-11.209833333333334,447.375,3350.333,3224.465,3232.06,3237.8471999999997,-34.360999999999876,3315.972
1.31,-11.365,-11.532,-11.103,-11.176,-11.176,-14.073,-14.073,-14.114,-14.114,-14.034,-14.034,-13.99,-13.99,-8.887,-8.887,-12.559,-11.75,-11.019,117.85,101.25,94.4,90.2,146.14999999999998,98.3,88.75,85.85,85.5,85.9,87.85,196.1,351.1,404.65,470.85,501.85,505.95,480.25,-14.225,-14.293,154.7,152.6,-0.16699999999999982,-16.599999999999994,0.42900000000000027,-6.849999999999994,-0.0730000000000004,-4.200000000000003,0.0,55.949999999999974,-2.8970000000000002,-47.84999999999998,0.0,-9.549999999999997,-0.04100000000000037,-2.9000000000000057,0.0,-0.3499999999999943,0.08000000000000007,0.4000000000000057,0.0,1.9499999999999886,0.04400000000000048,108.25,0.0,155.00000000000003,5.103,53.549999999999955,0.0,66.20000000000005,-3.671999999999999,31.0,0.8089999999999993,4.099999999999966,0.7309999999999999,-25.69999999999999,-12.326444444444448,-14.061714285714288,-11.182,452.4416666666666,3315.972,3350.333,3181.785,3266.9994,11.573999999999614,3327.546
1.33,-11.495,-11.671,-11.102,-11.213,-11.213,-14.081,-14.081,-14.119,-14.119,-13.94,-13.94,-13.911,-13.911,-12.42,-12.42,-11.408,-10.517,-10.561,117.75,101.8,94.35,90.35,144.75,97.3,88.75,86.0,85.25,85.65,94.35,184.5,380.75,409.4,468.35,500.1,497.25,477.9500000000001,-14.23,-14.299,155.4,150.6,-0.17600000000000016,-15.950000000000003,0.5689999999999991,-7.450000000000003,-0.11099999999999888,-4.0,0.0,54.400000000000006,-2.8680000000000003,-47.45,0.0,-8.549999999999997,-0.038000000000000256,-2.75,0.0,-0.75,0.17900000000000027,0.4000000000000057,0.0,8.699999999999989,0.028999999999999915,90.15,0.0,196.25,1.4909999999999997,28.649999999999977,0.0,58.950000000000045,1.0120000000000005,31.75,0.891,-2.8500000000000227,-0.04400000000000048,-19.299999999999898,-12.562333333333333,-14.027285714285714,-11.872833333333332,455.6333333333334,3327.546,3315.972,3116.681,3295.2112,-69.80600000000004,3257.74
1.33,-11.443,-11.671,-11.122,-11.22,-11.22,-14.102,-14.102,-14.033,-14.033,-13.92,-13.92,-13.874,-13.874,-12.306,-12.306,-11.73,-10.739,-10.634,117.1,102.65,94.35,90.6,145.45,96.2,88.75,86.19999999999999,85.25,85.45,104.95,173.75,382.75,417.85,464.75,496.6,496.25,476.7000000000001,-14.162,-14.211,156.9,147.0,-0.22799999999999976,-14.449999999999989,0.5489999999999995,-8.300000000000011,-0.09800000000000075,-3.75,0.0,54.849999999999994,-2.8819999999999997,-49.249999999999986,0.0,-7.450000000000003,0.06900000000000084,-2.5500000000000114,0.0,-0.9499999999999886,0.11299999999999955,0.20000000000000284,0.0,19.5,0.045999999999999375,68.8,0.0,209.0,1.5680000000000014,35.10000000000002,0.0,46.89999999999998,0.5759999999999987,31.850000000000023,0.9909999999999997,-0.35000000000002274,0.10500000000000043,-19.549999999999898,-12.56938888888889,-13.997714285714284,-11.9315,455.81666666666666,3257.74,3327.546,3224.465,3292.1730000000002,-48.465999999999894,3209.274
1.33,-11.286,-11.574,-11.096,-11.187,-11.187,-13.992,-13.992,-14.009,-14.009,-13.811,-13.811,-13.769,-13.769,-8.403,-8.403,-11.864,-10.978,-10.754,116.4,103.2,94.7,90.9,148.4,95.55,88.9,86.19999999999999,85.25,85.5,103.2,163.85,356.6,457.35,465.1,498.4,500.75,473.65,-14.146,-14.225,160.4,145.8,-0.28800000000000026,-13.200000000000003,0.47799999999999976,-8.5,-0.0909999999999993,-3.799999999999997,0.0,57.5,-2.8050000000000015,-52.85000000000001,0.0,-6.6499999999999915,-0.01699999999999946,-2.700000000000017,0.0,-0.9499999999999886,0.1980000000000004,0.25,0.0,17.700000000000003,0.041999999999999815,60.64999999999999,0.0,192.75000000000003,5.366,100.75,0.0,7.75,-3.4610000000000003,33.299999999999955,0.886000000000001,2.3500000000000227,0.2240000000000002,-27.100000000000023,-12.105222222222222,-13.913285714285715,-10.695166666666667,458.6416666666667,3209.274,3257.74,3350.333,3255.353,-43.04099999999971,3166.233
1.33,-11.268,-11.522,-11.101,-11.21,-11.21,-13.867,-13.867,-13.9,-13.9,-13.886,-13.886,-13.864,-13.864,-8.749,-8.749,-12.459,-11.803,-10.975,115.85,102.9,95.0,90.85,149.5,96.1,89.05,86.15,85.6,85.65,97.25,159.64999999999998,336.85,463.1,468.55,525.6,518.3,473.85,-13.928,-14.147,162.4,145.1,-0.25399999999999956,-12.949999999999989,0.4209999999999994,-7.900000000000006,-0.10899999999999999,-4.150000000000006,0.0,58.650000000000006,-2.657,-53.400000000000006,0.0,-7.049999999999997,-0.032999999999999474,-2.8999999999999915,0.0,-0.5500000000000114,0.014000000000001123,0.05000000000001137,0.0,11.599999999999994,0.021999999999998465,62.39999999999998,0.0,177.20000000000005,5.115,126.25,0.0,5.449999999999989,-3.709999999999999,57.05000000000001,0.6559999999999988,-7.300000000000068,0.8280000000000012,-44.44999999999993,-12.226666666666667,-13.881428571428572,-11.099833333333331,464.37499999999994,3166.233,3209.274,3315.972,3242.7662,86.80499999999984,3253.038
1.33,-11.213,-11.511,-11.132,-11.222,-11.222,-13.878,-13.878,-13.93,-13.93,-13.93,-13.93,-13.896,-13.896,-9.019,-9.019,-13.278,-13.005,-11.054,115.2,102.55,95.45,90.85,150.25,96.65,89.35,86.1,85.7,85.85,93.85,166.45,314.4,459.85,479.65,519.9,507.95,472.5,-14.034,-14.171,163.1,144.5,-0.29800000000000004,-12.650000000000006,0.37899999999999956,-7.099999999999994,-0.08999999999999986,-4.6000000000000085,0.0,59.400000000000006,-2.6560000000000006,-53.599999999999994,0.0,-7.300000000000011,-0.0519999999999996,-3.25,0.0,-0.3999999999999915,0.0,0.14999999999999147,0.0,8.0,0.03399999999999892,72.6,0.0,147.95,4.877000000000001,145.45000000000005,0.0,19.799999999999955,-4.259,40.25,0.2729999999999997,-11.949999999999989,1.9510000000000005,-35.44999999999999,-12.385722222222224,-13.910285714285715,-11.545166666666667,459.0416666666667,3253.038,3166.233,3327.546,3196.8316,-155.16499999999996,3097.873
1.33,-11.137,-11.48,-11.168,-11.228,-11.228,-13.997,-13.997,-14.003,-14.003,-13.92,-13.92,-13.878,-13.878,-9.034,-9.034,-11.675,-10.48,-10.556,115.1,102.5,95.95,90.95,150.64999999999998,96.9,89.55000000000001,86.19999999999999,85.75,85.9,92.65,169.55,310.75,445.9,488.65,522.2,506.8,471.8,-14.086,-14.219,162.2,144.9,-0.34299999999999997,-12.599999999999994,0.31200000000000117,-6.549999999999997,-0.0600000000000005,-5.0,0.0,59.699999999999974,-2.769,-53.74999999999997,0.0,-7.349999999999994,-0.006000000000000227,-3.3500000000000227,0.0,-0.44999999999998863,0.08300000000000018,0.15000000000000568,0.0,6.75,0.041999999999999815,76.9,0.0,141.2,4.843999999999999,135.14999999999998,0.0,42.75,-2.641,33.55000000000007,1.1950000000000003,-15.400000000000034,-0.07599999999999874,-35.0,-12.145333333333333,-13.959714285714286,-10.776166666666667,457.6833333333334,3097.873,3253.038,3257.74,3178.5302,68.36000000000013,3166.233
1.33,-11.152,-11.444,-11.136,-11.216,-11.216,-13.979,-13.979,-13.996,-13.996,-13.893,-13.893,-13.864,-13.864,-9.026,-9.026,-9.822,-9.668,-10.178,115.1,102.25,95.95,91.15,150.1,96.8,88.85,86.30000000000001,85.85,86.5,94.3,171.5,329.9,440.7,492.7000000000001,524.45,510.85,472.9,-14.093,-14.232,161.3,148.6,-0.2920000000000016,-12.849999999999994,0.3080000000000016,-6.299999999999997,-0.08000000000000007,-4.799999999999997,0.0,58.94999999999999,-2.763,-53.3,0.0,-7.950000000000003,-0.017000000000001236,-2.549999999999983,0.0,-0.45000000000001705,0.10299999999999976,0.6500000000000057,0.0,7.799999999999997,0.028999999999999915,77.2,0.0,158.39999999999998,4.838000000000001,110.80000000000001,0.0,52.000000000000114,-0.7959999999999994,31.749999999999943,0.15399999999999991,-13.600000000000023,-0.5100000000000016,-37.950000000000045,-11.963777777777779,-13.942857142857145,-10.264000000000001,461.9166666666667,3166.233,3097.873,3209.274,3175.3472,27.12599999999975,3193.359
1.33,-11.249,-11.467,-11.117,-11.223,-11.223,-13.964,-13.964,-13.983,-13.983,-13.939,-13.939,-13.909,-13.909,-8.742,-8.742,-9.616,-8.735,-8.844,115.45,101.7,95.7,91.7,147.60000000000002,96.8,88.35,86.55,85.9,86.6,97.75,167.65,341.54999999999995,430.6,491.05,522.55,509.55,476.65,-14.066,-14.177,160.7,148.8,-0.21799999999999997,-13.75,0.34999999999999964,-6.0,-0.10599999999999987,-4.0,0.0,55.90000000000002,-2.7409999999999997,-50.800000000000026,0.0,-8.450000000000003,-0.019000000000000128,-1.7999999999999972,0.0,-0.6499999999999915,0.04400000000000048,0.6999999999999886,0.0,11.150000000000006,0.02999999999999936,69.9,0.0,173.89999999999995,5.167,89.05000000000007,0.0,60.44999999999999,-0.8739999999999988,31.499999999999943,0.8810000000000002,-12.999999999999943,-0.10899999999999999,-32.900000000000034,-11.80822222222222,-13.95442857142857,-9.764666666666667,461.99166666666673,3193.359,3166.233,3166.233,3181.5682,3.979000000000269,3197.338
1.33,-11.203,-11.468,-11.164,-11.206,-11.206,-13.996,-13.996,-14.017,-14.017,-13.838,-13.838,-13.803,-13.803,-13.409,-13.409,-7.624,-6.142,-4.909,115.75,101.2,95.4,92.25,145.45,97.45,88.4,86.6,86.19999999999999,86.69999999999999,97.25,148.10000000000002,326.4,426.7,487.7,520.5999999999999,509.8,480.0,-14.087,-14.184,160.4,147.0,-0.26500000000000057,-14.549999999999997,0.30400000000000027,-5.799999999999997,-0.041999999999999815,-3.1500000000000057,0.0,53.19999999999999,-2.790000000000001,-47.999999999999986,0.0,-9.049999999999997,-0.02099999999999902,-1.8000000000000114,0.0,-0.4000000000000057,0.17900000000000027,0.5,0.0,10.550000000000011,0.034999999999998366,50.85000000000002,0.0,178.29999999999995,0.39400000000000013,100.30000000000001,0.0,61.0,5.785000000000001,32.89999999999992,1.4819999999999993,-10.799999999999898,1.2330000000000005,-29.80000000000001,-11.835999999999997,-13.929285714285712,-9.882666666666667,458.5333333333333,3197.338,3193.359,3253.038,3175.8536,27.126999999999953,3224.465
1.33,-11.219,-11.499,-11.152,-11.209,-11.209,-13.914,-13.914,-13.925,-13.925,-13.91,-13.91,-13.855,-13.855,-8.505,-8.505,-7.644,-6.283,-5.324,115.65,101.05,95.45,92.45,149.60000000000002,98.45,88.5,86.1,86.35,86.7,98.8,145.7,325.2,445.55,484.8,517.45,508.85,481.75,-14.011,-14.138,161.5,145.9,-0.28000000000000114,-14.600000000000009,0.3470000000000013,-5.599999999999994,-0.057000000000000384,-3.0,0.0,57.15000000000002,-2.705,-51.15000000000002,0.0,-9.950000000000003,-0.011000000000001009,-2.4000000000000057,0.0,0.25,0.015000000000000568,0.3500000000000085,0.0,12.099999999999994,0.054999999999999716,46.89999999999999,0.0,179.5,5.35,120.35000000000002,0.0,39.25,0.8610000000000007,32.650000000000034,1.3609999999999998,-8.600000000000023,0.9590000000000005,-27.100000000000023,-11.319833333333332,-13.907571428571428,-8.352666666666666,460.59999999999997,3224.465,3197.338,3097.873,3195.8190000000004,-26.765000000000327,3197.7
1.33,-11.145,-11.462,-11.12,-11.208,-11.208,-13.955,-13.955,-13.984,-13.984,-13.948,-13.948,-13.93,-13.93,-8.868,-8.868,-7.631,-6.277,-5.219,116.15,101.2,95.3,92.25,162.2,99.35,88.55,85.7,86.35,86.65,98.25,151.4,290.95000000000005,453.05,488.5,527.95,532.95,483.45,-14.07,-14.211,161.7,146.0,-0.31700000000000017,-14.950000000000003,0.3420000000000005,-5.900000000000006,-0.08800000000000097,-3.049999999999997,0.0,69.94999999999999,-2.747,-62.849999999999994,0.0,-10.799999999999997,-0.028999999999999915,-2.8499999999999943,0.0,0.6499999999999915,0.03599999999999959,0.30000000000001137,0.0,11.599999999999994,0.018000000000000682,53.150000000000006,0.0,139.55000000000004,5.061999999999999,162.09999999999997,0.0,35.44999999999999,1.237,39.450000000000045,1.354,5.0,1.0579999999999998,-49.50000000000006,-11.368888888888888,-13.957714285714287,-8.4655,462.80833333333334,3197.7,3224.465,3166.233,3219.5458000000003,87.16700000000037,3284.867
1.33,-10.958,-11.365,-11.124,-11.249,-11.249,-14.013,-14.013,-14.044,-14.044,-13.935,-13.935,-13.896,-13.896,-9.183,-9.183,-8.861,-8.747,-7.152,116.2,101.35,94.9,92.0,170.35,99.7,88.7,85.55,86.25,86.44999999999999,97.05,158.05,281.70000000000005,442.45,495.4,526.9,522.65,497.1,-14.099,-14.219,159.9,147.7,-0.40700000000000003,-14.850000000000009,0.24099999999999966,-6.449999999999989,-0.125,-2.9000000000000057,0.0,78.35,-2.7639999999999993,-70.64999999999999,0.0,-11.0,-0.031000000000000583,-3.1500000000000057,0.0,0.7000000000000028,0.10899999999999999,0.19999999999998863,0.0,10.600000000000009,0.0389999999999997,61.000000000000014,0.0,123.65000000000003,4.713000000000001,160.74999999999994,0.0,52.94999999999999,0.3219999999999992,31.5,0.11400000000000077,-4.25,1.5949999999999998,-25.549999999999955,-11.713722222222222,-13.982857142857144,-9.503666666666668,461.03333333333336,3284.867,3197.7,3193.359,3231.6986,-30.744000000000142,3254.123
1.33,-10.976,-11.351,-11.128,-11.211,-11.211,-13.988,-13.988,-14.028,-14.028,-13.902,-13.902,-13.86,-13.86,-12.665,-12.665,-7.347,-5.899,-4.897,115.2,101.7,94.7,91.9,166.7,99.2,88.75,85.75,86.1,86.25,98.55,169.05,297.79999999999995,430.4500000000001,498.65,525.65,519.1,495.55,-14.086,-14.237,158.6,149.4,-0.375,-13.5,0.22300000000000075,-7.0,-0.08300000000000018,-2.799999999999997,0.0,74.79999999999998,-2.7769999999999992,-67.49999999999999,0.0,-10.450000000000003,-0.040000000000000924,-3.0,0.0,0.3499999999999943,0.12600000000000122,0.15000000000000568,0.0,12.299999999999997,0.041999999999999815,70.50000000000001,0.0,128.74999999999994,1.1950000000000003,132.65000000000015,0.0,68.19999999999987,5.317999999999999,27.0,1.4480000000000004,-6.5499999999999545,1.0019999999999998,-23.55000000000001,-11.716999999999999,-13.956571428571428,-9.5555,461.20000000000005,3254.123,3284.867,3197.338,3234.1580000000004,-44.48799999999983,3209.635
1.33,-11.155,-11.351,-11.042,-11.131,-11.131,-13.95,-13.95,-13.977,-13.977,-13.906,-13.906,-13.855,-13.855,-12.646,-12.646,-8.921,-8.798,-6.776,114.3,102.1,94.8,91.75,161.75,98.65,88.6,85.85,86.45,86.55,98.1,172.9,319.1,410.75,492.5,524.35,517.5,490.2,-14.063,-14.202,158.1,150.6,-0.1960000000000015,-12.200000000000003,0.30900000000000105,-7.299999999999997,-0.08900000000000041,-3.049999999999997,0.0,70.0,-2.818999999999999,-63.099999999999994,0.0,-10.050000000000011,-0.027000000000001023,-2.75,0.0,0.6000000000000085,0.07099999999999973,0.09999999999999432,0.0,11.549999999999997,0.051000000000000156,74.80000000000001,0.0,146.20000000000002,1.2089999999999996,91.64999999999998,0.0,81.75,3.7250000000000014,31.850000000000023,0.12299999999999933,-6.850000000000023,2.0220000000000002,-27.30000000000001,-12.054055555555557,-13.93157142857143,-10.607000000000001,459.0666666666666,3209.635,3254.123,3224.465,3233.3622000000005,10.850999999999658,3220.486
1.33,-11.42,-11.559,-11.102,-11.21,-11.21,-13.964,-13.964,-14.0,-14.0,-13.899,-13.899,-13.884,-13.884,-12.603,-12.603,-8.363,-6.179,-5.117,113.9,102.25,94.9,91.25,158.8,98.0,88.85,85.95,86.65,87.05,95.85,178.1,337.55,417.35,486.3,518.8499999999999,516.3,490.0,-14.07,-14.228,159.8,150.6,-0.13899999999999935,-11.650000000000006,0.45699999999999896,-7.349999999999994,-0.10800000000000054,-3.6500000000000057,0.0,67.55000000000001,-2.7539999999999996,-60.80000000000001,0.0,-9.150000000000006,-0.03599999999999959,-2.8999999999999915,0.0,0.7000000000000028,0.10100000000000087,0.3999999999999915,0.0,8.799999999999997,0.014999999999998792,82.25,0.0,159.45000000000002,1.2810000000000006,79.80000000000001,0.0,68.94999999999999,4.24,32.5499999999999,2.1839999999999993,-2.5499999999999545,1.0620000000000003,-26.299999999999955,-11.825555555555557,-13.944285714285714,-9.791500000000001,461.05833333333334,3220.486,3209.635,3197.7,3246.8892,44.84900000000016,3265.335
1.33,-11.443,-11.634,-11.11,-11.238,-11.238,-13.976,-13.976,-14.007,-14.007,-13.913,-13.913,-13.874,-13.874,-12.433,-12.433,-7.844,-6.459,-5.249,114.3,101.45,94.8,90.95,158.8,97.4,89.05,86.0,86.7,87.95,93.05,157.7,358.6,435.7,480.8,514.2,511.2000000000001,489.9,-14.073,-14.213,162.1,149.3,-0.19100000000000072,-12.849999999999994,0.5240000000000009,-6.650000000000006,-0.1280000000000001,-3.8499999999999943,0.0,67.85000000000001,-2.7380000000000013,-61.400000000000006,0.0,-8.350000000000009,-0.030999999999998806,-3.049999999999997,0.0,0.7000000000000028,0.09399999999999942,1.25,0.0,5.099999999999994,0.0389999999999997,64.64999999999999,0.0,200.90000000000003,1.4410000000000007,77.09999999999997,0.0,45.10000000000002,4.5889999999999995,33.400000000000034,1.3850000000000007,-2.999999999999943,1.21,-21.300000000000125,-11.812277777777776,-13.952285714285713,-9.715333333333335,465.06666666666666,3265.335,3220.486,3284.867,3256.9442,69.80699999999979,3335.142
1.33,-11.457,-11.676,-11.127,-11.197,-11.197,-13.988,-13.988,-14.004,-14.004,-13.911,-13.911,-13.874,-13.874,-12.328,-12.328,-8.216,-6.481,-5.318,114.75,100.45,95.1,91.3,158.5,97.15,89.7,86.15,86.6,88.75,91.5,142.55,356.2,447.9500000000001,480.7,506.05,506.65,490.1,-14.068,-14.224,164.5,146.6,-0.21899999999999942,-14.299999999999997,0.5489999999999995,-5.3500000000000085,-0.06999999999999851,-3.799999999999997,0.0,67.2,-2.7910000000000004,-61.349999999999994,0.0,-7.450000000000003,-0.016000000000000014,-3.549999999999997,0.0,0.44999999999998863,0.09299999999999997,2.1500000000000057,0.0,2.75,0.036999999999999034,51.05000000000001,0.0,213.64999999999998,1.5460000000000012,91.75000000000011,0.0,32.749999999999886,4.112,25.350000000000023,1.7349999999999994,0.5999999999999659,1.1630000000000003,-16.549999999999955,-11.826611111111113,-13.954285714285714,-9.7575,464.60833333333335,3335.142,3265.335,3254.123,3249.4934000000003,-118.27299999999968,3216.869
1.33,-11.28,-11.558,-11.082,-11.187,-11.187,-13.958,-13.958,-13.995,-13.995,-13.894,-13.894,-13.864,-13.864,-12.423,-12.423,-8.355,-7.066,-5.853,115.35,99.7,95.5,91.2,155.8,97.2,89.85,86.35,86.7,88.5,90.1,137.60000000000002,332.65,459.3,487.0,503.75,503.55,487.5,-14.07,-14.211,166.1,143.1,-0.27800000000000047,-15.649999999999991,0.4759999999999991,-4.200000000000003,-0.10499999999999865,-4.299999999999997,0.0,64.60000000000001,-2.771000000000001,-58.60000000000001,0.0,-7.3500000000000085,-0.036999999999999034,-3.5,0.0,0.3500000000000085,0.10099999999999909,1.7999999999999972,0.0,1.5999999999999943,0.02999999999999936,47.50000000000003,0.0,195.04999999999995,1.4410000000000007,126.65000000000003,0.0,27.69999999999999,4.068,16.75,1.2890000000000006,-0.19999999999998863,1.213,-16.05000000000001,-11.879777777777779,-13.936857142857145,-9.997333333333334,462.2916666666667,3216.869,3335.142,3209.635,3244.7916,-30.742999999999938,3186.126
1.33,-11.07,-11.487,-11.127,-11.266,-11.266,-13.949,-13.949,-13.987,-13.987,-13.926,-13.926,-13.911,-13.911,-9.118,-9.118,-8.632,-7.388,-6.415,116.4,99.6,95.2,91.3,150.9,97.8,89.80000000000001,86.65,86.45,87.94999999999999,89.65,138.60000000000002,289.0,466.05,493.75,507.85,503.75,485.05,-14.06,-14.188,166.7,140.8,-0.4169999999999998,-16.80000000000001,0.35999999999999943,-4.3999999999999915,-0.13899999999999935,-3.9000000000000057,0.0,59.60000000000001,-2.683,-53.10000000000001,0.0,-7.999999999999986,-0.038000000000000256,-3.1500000000000057,0.0,-0.20000000000000284,0.06099999999999994,1.4999999999999858,0.0,1.700000000000017,0.015000000000000568,48.95000000000002,0.0,150.39999999999998,4.792999999999999,177.05,0.0,27.69999999999999,0.48600000000000065,14.100000000000023,1.2439999999999998,-4.100000000000023,0.9729999999999999,-18.69999999999999,-11.579611111111111,-13.947857142857144,-9.097,457.57500000000005,3186.126,3216.869,3220.486,3239.0768000000003,5.7859999999996035,3191.912
1.33,-10.98,-11.397,-11.128,-11.243,-11.243,-14.006,-14.006,-14.003,-14.003,-13.932,-13.932,-13.907,-13.907,-9.023,-9.023,-12.308,-12.725,-9.436,117.4,100.0,94.55,91.4,148.5,97.85,89.65,87.0,86.1,87.55,89.55,138.60000000000002,277.6,454.0,497.55,511.0,505.1,483.15,-14.081,-14.251,166.1,140.0,-0.4169999999999998,-17.400000000000006,0.26900000000000013,-5.450000000000003,-0.11500000000000021,-3.1499999999999915,0.0,57.099999999999994,-2.763,-50.650000000000006,0.0,-8.199999999999989,0.0030000000000001137,-2.6500000000000057,0.0,-0.9000000000000057,0.07099999999999973,1.4500000000000028,0.0,2.0,0.025000000000000355,49.050000000000026,0.0,139.0,4.884,176.39999999999998,0.0,43.55000000000001,-3.285,13.449999999999989,-0.4169999999999998,-5.899999999999977,3.2889999999999997,-21.950000000000045,-12.233444444444446,-13.969857142857142,-11.070333333333332,454.73333333333335,3191.912,3186.126,3265.335,3237.5578,65.82799999999997,3257.74
1.33,-11.001,-11.379,-11.112,-11.216,-11.216,-13.999,-13.999,-14.024,-14.024,-13.947,-13.947,-13.904,-13.904,-9.194,-9.194,-13.336,-13.041,-10.859,117.7,100.4,93.9,91.85,145.55,98.05,89.55000000000001,87.1,86.25,87.69999999999999,88.69999999999999,140.15,276.45,429.3,496.35,512.05,506.25,482.5,-14.076,-14.232,163.9,140.5,-0.3780000000000001,-17.299999999999997,0.26699999999999946,-6.5,-0.1039999999999992,-2.0500000000000114,0.0,53.70000000000002,-2.7830000000000013,-47.500000000000014,0.0,-8.499999999999986,-0.02499999999999858,-2.450000000000017,0.0,-0.8499999999999943,0.07699999999999996,1.4499999999999886,0.0,1.0,0.04299999999999926,51.45000000000002,0.0,136.29999999999998,4.709999999999999,152.85000000000002,0.0,67.05000000000001,-4.1419999999999995,15.699999999999932,0.29499999999999993,-5.7999999999999545,2.1820000000000004,-23.75,-12.405333333333333,-13.977714285714285,-11.588,450.4833333333333,3257.74,3191.912,3335.142,3236.6898,73.06200000000035,3330.802
1.33,-11.051,-11.368,-11.15,-11.268,-11.268,-13.987,-13.987,-14.025,-14.025,-13.955,-13.955,-13.934,-13.934,-9.48,-9.48,-13.308,-13.072,-10.937,117.35,100.9,93.45,91.65,142.0,97.85,89.5,87.0,86.44999999999999,88.05,87.75,165.1,282.0,412.25,490.5,511.1,504.4,482.3,-14.081,-14.27,161.9,141.6,-0.31700000000000017,-16.44999999999999,0.21799999999999997,-7.450000000000003,-0.11800000000000033,-1.7999999999999972,0.0,50.349999999999994,-2.7189999999999994,-44.150000000000006,0.0,-8.349999999999994,-0.038000000000000256,-2.5,0.0,-0.5500000000000114,0.07000000000000028,1.6000000000000085,0.0,-0.29999999999999716,0.021000000000000796,77.35,0.0,116.9,4.453999999999999,130.25,0.0,78.25,-3.8279999999999994,20.600000000000023,0.23600000000000065,-6.7000000000000455,2.135,-22.099999999999966,-12.454666666666666,-13.981142857142856,-11.701833333333333,447.0916666666667,3330.802,3257.74,3216.869,3261.8633999999997,11.934999999999945,3342.737
1.33,-11.11,-11.417,-11.126,-11.261,-11.261,-14.006,-14.006,-14.035,-14.035,-13.965,-13.965,-13.939,-13.939,-9.491,-9.491,-13.29,-13.025,-10.946,116.3,101.55,93.5,91.15,137.25,98.0,89.4,86.75,86.15,88.35,86.9,172.85,292.65,408.5,482.15,511.75,500.15,482.55,-14.102,-14.28,160.7,142.7,-0.3070000000000004,-14.75,0.29100000000000037,-8.049999999999997,-0.1349999999999998,-2.3499999999999943,0.0,46.099999999999994,-2.745000000000001,-39.25,0.0,-8.599999999999994,-0.028999999999999915,-2.6500000000000057,0.0,-0.5999999999999943,0.07000000000000028,2.1999999999999886,0.0,-1.4499999999999886,0.0259999999999998,85.94999999999999,0.0,119.79999999999998,4.448,115.85000000000002,0.0,73.64999999999998,-3.7989999999999995,29.600000000000023,0.2649999999999988,-11.600000000000023,2.0790000000000006,-17.599999999999966,-12.461555555555554,-13.992999999999999,-11.697000000000001,446.2916666666667,3342.737,3330.802,3186.126,3299.8407999999995,33.27599999999984,3376.013
1.33,-11.256,-11.481,-11.157,-11.192,-11.192,-14.031,-14.031,-14.035,-14.035,-13.931,-13.931,-13.903,-13.903,-10.983,-10.983,-11.535,-11.129,-9.967,115.25,102.0,93.6,90.65,136.05,97.8,89.19999999999999,86.9,86.0,89.30000000000001,87.8,161.2,329.45,406.5,472.5,508.3,500.6,480.55,-14.112,-14.294,159.9,144.0,-0.22499999999999964,-13.25,0.32399999999999984,-8.400000000000006,-0.03500000000000014,-2.9499999999999886,0.0,45.400000000000006,-2.8390000000000004,-38.250000000000014,0.0,-8.600000000000009,-0.0039999999999995595,-2.299999999999983,0.0,-0.9000000000000057,0.10400000000000098,3.3000000000000114,0.0,-1.5000000000000142,0.027999999999998693,73.39999999999999,0.0,168.25,2.92,77.05000000000001,0.0,66.0,-0.5519999999999996,35.80000000000001,0.4060000000000006,-7.699999999999989,1.161999999999999,-20.05000000000001,-12.370833333333334,-13.985285714285714,-11.416666666666666,449.65000000000003,3376.013,3342.737,3191.912,3335.9375999999997,-3.6169999999997344,3372.396
1.33,-11.284,-11.54,-11.125,-11.208,-11.208,-13.984,-13.984,-14.01,-14.01,-13.917,-13.917,-13.893,-13.893,-11.168,-11.168,-10.308,-10.349,-9.574,114.8,101.8,93.9,90.1,134.1,97.1,89.35,86.85,86.05,92.3,89.6,154.7,342.15,407.3,468.7000000000001,497.3,500.75,479.75,-14.074,-14.24,159.9,145.3,-0.25599999999999845,-13.0,0.41499999999999915,-7.8999999999999915,-0.08300000000000018,-3.8000000000000114,0.0,44.0,-2.776,-37.0,0.0,-7.75,-0.0259999999999998,-2.5,0.0,-0.7999999999999972,0.09299999999999997,6.25,0.0,-2.700000000000003,0.023999999999999133,65.1,0.0,187.45,2.7250000000000014,65.15000000000003,0.0,61.40000000000009,0.8599999999999994,28.59999999999991,-0.04100000000000037,3.4499999999999886,0.7750000000000004,-21.0,-12.252222222222223,-13.959285714285715,-11.076666666666666,449.325,3372.396,3376.013,3257.74,3356.6262,-11.213000000000193,3361.183
1.33,-11.249,-11.558,-11.099,-11.235,-11.235,-13.984,-13.984,-14.011,-14.011,-13.965,-13.965,-13.93,-13.93,-11.472,-11.472,-10.25,-10.364,-9.788,114.9,101.15,94.35,90.1,133.7,97.0,89.45,86.65,86.0,95.6,92.05,157.25,329.85,421.65,468.75,496.85,493.8,479.85,-14.061,-14.239,160.9,145.8,-0.3089999999999993,-13.75,0.45899999999999963,-6.800000000000011,-0.13599999999999923,-4.25,0.0,43.599999999999994,-2.7490000000000006,-36.69999999999999,0.0,-7.549999999999997,-0.026999999999999247,-2.799999999999997,0.0,-0.6500000000000057,0.045999999999999375,9.599999999999994,0.0,-3.549999999999997,0.03500000000000014,65.2,0.0,172.60000000000002,2.458,91.79999999999995,0.0,47.10000000000002,1.2219999999999995,28.100000000000023,-0.11400000000000077,-3.0500000000000114,0.5760000000000005,-13.949999999999989,-12.305666666666669,-13.978571428571428,-11.212666666666665,448.4583333333333,3361.183,3372.396,3330.802,3358.2176,-22.423999999999978,3338.759
1.33,-11.245,-11.566,-11.143,-11.303,-11.303,-14.039,-14.039,-14.058,-14.058,-13.965,-13.965,-13.937,-13.937,-11.605,-11.605,-9.088,-8.45,-8.369,115.3,100.35,94.7,90.15,133.05,97.35,89.35,86.6,85.95,96.05,96.45,169.3,324.65,439.9,467.5,504.5,495.4500000000001,479.3,-14.135,-14.252,162.7,145.6,-0.3210000000000015,-14.950000000000003,0.42300000000000004,-5.6499999999999915,-0.16000000000000014,-4.549999999999997,0.0,42.900000000000006,-2.735999999999999,-35.70000000000002,0.0,-8.0,-0.019000000000000128,-2.75,0.0,-0.6499999999999915,0.09299999999999997,10.099999999999994,0.0,0.4000000000000057,0.02800000000000047,72.85000000000001,0.0,155.34999999999997,2.331999999999999,115.25,0.0,27.600000000000023,2.5170000000000012,37.0,0.6379999999999999,-9.049999999999898,0.08099999999999952,-16.15000000000009,-12.093055555555555,-14.008714285714285,-10.509,451.8833333333334,3338.759,3361.183,3342.737,3366.3918000000003,44.84900000000016,3383.608
1.33,-11.235,-11.534,-11.11,-11.249,-11.249,-14.033,-14.033,-14.048,-14.048,-14.026,-14.026,-13.978,-13.978,-10.861,-10.861,-9.071,-8.409,-8.313,115.8,99.8,94.65,90.45,129.15,97.25,89.15,86.6,85.85,94.85,97.8,195.0,331.1,444.3,468.45,514.55,514.8499999999999,475.55,-14.13,-14.268,163.9,145.6,-0.29900000000000126,-16.0,0.42400000000000126,-5.1499999999999915,-0.13900000000000112,-4.200000000000003,0.0,38.7,-2.783999999999999,-31.900000000000006,0.0,-8.099999999999994,-0.015000000000000568,-2.5500000000000114,0.0,-0.75,0.02200000000000024,9.0,0.0,2.950000000000003,0.04800000000000004,97.2,0.0,136.10000000000002,3.116999999999999,113.19999999999999,0.0,24.149999999999977,1.790000000000001,46.099999999999966,0.661999999999999,0.2999999999999545,0.09600000000000009,-39.2999999999999,-12.003444444444444,-14.02742857142857,-10.248833333333334,458.1333333333334,3383.608,3338.759,3376.013,3381.7998,69.44499999999971,3453.053
1.33,-11.241,-11.528,-11.127,-11.239,-11.239,-14.059,-14.059,-14.103,-14.103,-14.047,-14.047,-13.994,-13.994,-9.101,-9.101,-9.141,-8.531,-8.458,117.2,99.95,94.35,90.8,127.8,97.6,89.35,86.65,85.95,96.35,94.8,222.15,342.6,440.65,473.8,524.2,521.5,478.9,-14.172,-14.301,164.7,145.5,-0.2870000000000008,-17.25,0.4009999999999998,-5.6000000000000085,-0.1120000000000001,-3.549999999999997,0.0,37.0,-2.8199999999999985,-30.200000000000003,0.0,-8.25,-0.04400000000000048,-2.6999999999999886,0.0,-0.7000000000000028,0.05599999999999916,10.399999999999991,0.0,-1.5499999999999972,0.053000000000000824,127.35000000000001,0.0,120.45000000000002,4.892999999999999,98.04999999999995,0.0,33.150000000000034,-0.03999999999999915,50.400000000000034,0.6099999999999994,-2.7000000000000455,0.0730000000000004,-42.60000000000002,-11.839555555555556,-14.058857142857141,-9.720999999999998,463.60833333333335,3453.053,3383.608,3372.396,3388.7441999999996,-45.934999999999945,3407.118
1.33,-11.134,-11.498,-11.127,-11.282,-11.282,-14.084,-14.084,-14.139,-14.139,-14.019,-14.019,-13.989,-13.989,-9.248,-9.248,-9.161,-8.652,-8.606,118.0,100.15,93.65,91.1,128.85,97.75,89.3,86.5,85.75,95.9,95.85,206.65,367.6,438.05,482.65,525.55,515.55,483.2000000000001,-14.183,-14.305,164.6,145.6,-0.363999999999999,-17.849999999999994,0.37099999999999866,-6.5,-0.15499999999999936,-2.5500000000000114,0.0,37.75,-2.8019999999999996,-31.099999999999994,0.0,-8.450000000000003,-0.054999999999999716,-2.799999999999997,0.0,-0.75,0.11999999999999922,10.150000000000006,0.0,-0.05000000000001137,0.02999999999999936,110.80000000000001,0.0,160.95000000000002,4.741000000000001,70.44999999999999,0.0,44.599999999999966,0.08699999999999974,42.89999999999998,0.5090000000000003,-10.0,0.045999999999999375,-32.34999999999985,-11.87222222222222,-14.06757142857143,-9.817333333333334,468.7666666666667,3407.118,3453.053,3361.183,3392.5782,-26.764999999999873,3380.353
1.33,-11.078,-11.461,-11.187,-11.29,-11.29,-14.083,-14.083,-14.095,-14.095,-14.007,-14.007,-13.96,-13.96,-8.901,-8.901,-9.126,-8.458,-8.375,118.5,101.05,93.1,91.3,129.8,98.2,88.94999999999999,86.35,85.55000000000001,93.6,99.0,189.95,391.8,437.45,482.7000000000001,522.7,512.75,481.8,-14.171,-14.315,164.8,145.1,-0.3830000000000009,-17.450000000000003,0.2740000000000009,-7.950000000000003,-0.10299999999999976,-1.7999999999999972,0.0,38.500000000000014,-2.793000000000001,-31.60000000000001,0.0,-9.250000000000014,-0.012000000000000455,-2.5999999999999943,0.0,-0.799999999999983,0.08800000000000097,8.049999999999983,0.0,5.400000000000006,0.04699999999999882,90.94999999999999,0.0,201.85000000000002,5.059000000000001,45.64999999999998,0.0,45.250000000000114,-0.22499999999999964,39.99999999999994,0.6679999999999993,-9.950000000000045,0.08300000000000018,-30.94999999999999,-11.797611111111113,-14.047142857142859,-9.620166666666666,471.53333333333336,3380.353,3407.118,3338.759,3384.9102,-79.9340000000002,3300.419
1.33,-11.146,-11.467,-11.164,-11.247,-11.247,-14.076,-14.076,-14.091,-14.091,-14.081,-14.081,-14.053,-14.053,-8.807,-8.807,-8.962,-8.402,-8.332,119.15,101.45,93.0,91.1,130.55,98.65,88.45,86.6,85.35,91.65,101.4,176.05,367.3,440.25,481.5,516.3,509.6,481.7000000000001,-14.154,-14.31,165.0,144.1,-0.32099999999999973,-17.700000000000003,0.3030000000000008,-8.450000000000003,-0.08300000000000018,-1.9000000000000057,0.0,39.45000000000002,-2.8290000000000006,-31.900000000000006,0.0,-10.200000000000003,-0.014999999999998792,-1.8500000000000085,0.0,-1.25,0.009999999999999787,6.300000000000011,0.0,9.75,0.027999999999998693,74.65,0.0,191.25,5.246,72.94999999999999,0.0,41.25,-0.15499999999999936,34.799999999999955,0.5600000000000005,-6.699999999999932,0.06999999999999851,-27.89999999999992,-11.787944444444442,-14.078428571428573,-9.560500000000001,466.10833333333335,3300.419,3380.353,3383.608,3369.7915999999996,7.596000000000004,3308.015
1.33,-11.101,-11.446,-11.165,-11.271,-11.271,-14.136,-14.136,-14.166,-14.166,-14.063,-14.063,-14.038,-14.038,-9.154,-9.154,-9.077,-8.498,-8.462,119.0,101.7,93.7,90.4,131.55,98.4,88.1,86.55000000000001,85.25,90.8,103.45,158.60000000000002,332.70000000000005,446.7000000000001,480.6,513.45,505.85,482.5,-14.247,-14.346,164.3,143.8,-0.34499999999999886,-17.299999999999997,0.2810000000000006,-8.0,-0.10600000000000165,-3.299999999999997,0.0,41.150000000000006,-2.8649999999999984,-33.150000000000006,0.0,-10.300000000000011,-0.030000000000001137,-1.549999999999983,0.0,-1.3000000000000114,0.10299999999999976,5.549999999999997,0.0,12.650000000000006,0.025000000000000355,55.15000000000002,0.0,174.10000000000002,4.884,114.00000000000006,0.0,33.89999999999992,0.07699999999999996,32.85000000000002,0.5790000000000006,-7.600000000000023,0.03599999999999959,-23.350000000000023,-11.855833333333331,-14.109714285714286,-9.7305,460.3,3308.015,3300.419,3453.053,3334.78,-30.019999999999982,3277.995
1.33,-11.11,-11.469,-11.202,-11.32,-11.32,-14.122,-14.122,-14.137,-14.137,-14.052,-14.052,-14.05,-14.05,-9.427,-9.427,-9.17,-8.474,-8.399,118.35,102.15,94.05,89.95,129.75,97.95,88.0,86.3,85.1,90.4,104.95,151.55,298.54999999999995,454.4,479.9500000000001,511.8,505.1,482.6,-14.232,-14.32,162.7,145.3,-0.359,-16.19999999999999,0.26699999999999946,-8.100000000000009,-0.11800000000000033,-4.099999999999994,0.0,39.8,-2.8019999999999996,-31.799999999999997,0.0,-9.950000000000003,-0.015000000000000568,-1.7000000000000028,0.0,-1.2000000000000028,0.08500000000000085,5.300000000000011,0.0,14.549999999999997,0.0019999999999988916,46.60000000000001,0.0,146.99999999999994,4.623000000000001,155.85000000000002,0.0,25.550000000000125,0.2569999999999997,31.84999999999991,0.6959999999999997,-6.699999999999989,0.07500000000000107,-22.5,-11.89111111111111,-14.095999999999998,-9.8245,455.40000000000003,3277.995,3308.015,3407.118,3320.3848,57.146999999999935,3335.142
1.33,-11.157,-11.457,-11.192,-11.295,-11.295,-14.12,-14.12,-14.137,-14.137,-14.01,-14.01,-13.98,-13.98,-12.019,-12.019,-9.117,-8.513,-8.38,118.1,102.75,94.0,90.75,126.3,97.5,88.19999999999999,85.85,85.0,89.9,100.25,157.2,265.79999999999995,447.8,482.7000000000001,509.65,501.7,480.7,-14.239,-14.341,160.4,148.4,-0.3000000000000007,-15.349999999999994,0.26500000000000057,-8.75,-0.10299999999999976,-3.25,0.0,35.55,-2.8249999999999993,-28.799999999999997,0.0,-9.300000000000011,-0.017000000000001236,-2.3499999999999943,0.0,-0.8499999999999943,0.12700000000000067,4.900000000000006,0.0,10.349999999999994,0.02999999999999936,56.94999999999999,0.0,108.59999999999997,1.9610000000000003,182.00000000000006,0.0,34.90000000000009,2.9019999999999992,26.949999999999875,0.604000000000001,-7.949999999999989,0.13299999999999912,-21.0,-12.163222222222222,-14.073428571428574,-10.671333333333335,448.0583333333332,3335.142,3277.995,3380.353,3321.904,52.807000000000244,3387.949
1.33,-11.349,-11.525,-11.165,-11.256,-11.256,-14.062,-14.062,-14.085,-14.085,-13.984,-13.984,-13.957,-13.957,-13.808,-13.808,-7.973,-6.801,-5.894,118.35,102.65,94.2,90.35,125.25,97.25,88.4,85.55,85.25,91.0,96.15,162.60000000000002,246.95,418.8,486.5,511.4,501.2,481.05,-14.19,-14.293,158.8,150.8,-0.17600000000000016,-15.699999999999989,0.3600000000000012,-8.450000000000003,-0.09100000000000108,-3.8500000000000085,0.0,34.900000000000006,-2.805999999999999,-28.0,0.0,-8.849999999999994,-0.023000000000001464,-2.8500000000000085,0.0,-0.29999999999999716,0.10100000000000087,5.75,0.0,5.150000000000006,0.026999999999999247,66.45000000000002,0.0,84.34999999999997,0.1490000000000009,171.85000000000002,0.0,67.69999999999999,5.835,24.899999999999977,1.1719999999999997,-10.199999999999989,0.907,-20.149999999999977,-12.056166666666664,-14.031285714285714,-10.3735,440.98333333333335,3387.949,3335.142,3300.419,3354.0222000000003,73.06100000000015,3461.01
1.33,-11.474,-11.62,-11.144,-11.276,-11.276,-14.046,-14.046,-14.076,-14.076,-13.996,-13.996,-13.984,-13.984,-13.839,-13.839,-8.0,-6.613,-5.713,119.2,102.3,94.15,90.55,125.1,97.3,88.6,85.5,85.2,93.05,93.65,170.6,270.7,388.35,487.15,526.85,517.05,479.35,-14.187,-14.267,159.2,152.4,-0.14599999999999902,-16.900000000000006,0.4759999999999991,-8.149999999999991,-0.13199999999999967,-3.6000000000000085,0.0,34.55,-2.7699999999999996,-27.799999999999997,0.0,-8.700000000000003,-0.030000000000001137,-3.0999999999999943,0.0,-0.29999999999999716,0.08000000000000007,7.849999999999994,0.0,0.6000000000000085,0.012000000000000455,76.94999999999999,0.0,100.1,0.14499999999999957,117.65000000000003,0.0,98.79999999999995,5.839,39.700000000000045,1.3869999999999996,-9.800000000000068,0.9000000000000004,-37.69999999999993,-12.055444444444442,-14.031428571428568,-10.331333333333333,444.90833333333325,3461.01,3387.949,3308.015,3411.2416000000003,133.10199999999986,3594.112
1.33,-11.486,-11.714,-11.209,-11.316,-11.316,-14.058,-14.058,-14.09,-14.09,-13.991,-13.991,-13.976,-13.976,-13.822,-13.822,-13.443,-13.233,-10.979,119.0,102.2,94.6,90.6,123.55,96.85,88.85,85.5,85.35,92.1,93.1,182.7,288.5,357.0,486.25,530.8,529.0,481.3,-14.199,-14.288,160.2,153.4,-0.22799999999999976,-16.799999999999997,0.5050000000000008,-7.6000000000000085,-0.1070000000000011,-4.0,0.0,32.95,-2.741999999999999,-26.700000000000003,0.0,-8.0,-0.03200000000000003,-3.3499999999999943,0.0,-0.15000000000000568,0.0990000000000002,6.75,0.0,1.0,0.014999999999998792,89.6,0.0,105.80000000000001,0.1540000000000017,68.5,0.0,129.25,0.37899999999999956,44.549999999999955,0.20999999999999908,-1.7999999999999545,2.2540000000000013,-47.69999999999999,-13.03166666666667,-14.036285714285714,-13.2125,445.4750000000001,3594.112,3461.01,3277.995,3495.0089999999996,102.7199999999998,3696.832
1.33,-11.369,-11.64,-11.194,-11.294,-11.294,-14.069,-14.069,-14.08,-14.08,-14.0,-14.0,-13.968,-13.968,-13.802,-13.802,-10.467,-8.157,-6.563,119.2,102.3,94.95,90.95,122.4,96.35,88.7,85.65,85.6,92.95,94.1,182.4,299.1,372.6,467.9500000000001,526.25,536.75,486.6,-14.194,-14.297,161.2,153.8,-0.2710000000000008,-16.900000000000006,0.44599999999999973,-7.349999999999994,-0.09999999999999964,-4.0,0.0,31.450000000000003,-2.7750000000000004,-26.05000000000001,0.0,-7.6499999999999915,-0.010999999999999233,-3.049999999999997,0.0,-0.05000000000001137,0.08000000000000007,7.3500000000000085,0.0,1.1499999999999915,0.03200000000000003,88.30000000000001,0.0,116.70000000000002,0.16600000000000037,73.5,0.0,95.35000000000008,3.334999999999999,58.2999999999999,2.3100000000000005,10.5,1.5940000000000003,-50.14999999999998,-12.32311111111111,-14.038,-11.1265,448.2083333333333,3696.832,3594.112,3335.142,3556.5686,-53.891999999999825,3642.94
1.33,-11.29,-11.537,-11.162,-11.275,-11.275,-14.055,-14.055,-14.089,-14.089,-13.986,-13.986,-13.947,-13.947,-13.784,-13.784,-10.228,-8.044,-6.621,119.1,102.65,94.65,90.95,122.25,96.2,88.5,85.69999999999999,85.6,92.25,93.9,176.75,316.35,412.15,455.9,505.3,528.75,494.8,-14.191,-14.278,162.4,151.7,-0.24700000000000166,-16.44999999999999,0.375,-8.0,-0.11299999999999955,-3.700000000000003,0.0,31.299999999999997,-2.7799999999999994,-26.049999999999997,0.0,-7.700000000000003,-0.034000000000000696,-2.8000000000000114,0.0,-0.09999999999999432,0.10299999999999976,6.650000000000006,0.0,1.6500000000000057,0.03900000000000148,82.85,0.0,139.60000000000002,0.16299999999999848,95.79999999999995,0.0,43.75,3.556000000000001,49.400000000000034,2.1839999999999993,23.44999999999999,1.423,-33.94999999999999,-12.286333333333335,-14.02957142857143,-11.068,452.2083333333333,3642.94,3696.832,3387.949,3599.2479999999996,-41.59400000000005,3601.346
1.33,-11.217,-11.491,-11.15,-11.315,-11.315,-14.047,-14.047,-14.078,-14.078,-13.956,-13.956,-13.921,-13.921,-13.724,-13.724,-9.931,-7.626,-6.396,118.3,103.2,94.35,91.35,121.55,96.5,88.05,85.6,85.95,91.45,103.1,172.10000000000002,324.15,430.45,449.0,503.0,511.2000000000001,500.4500000000001,-14.176,-14.265,163.5,148.0,-0.27399999999999913,-15.099999999999994,0.3409999999999993,-8.850000000000009,-0.16499999999999915,-3.0,0.0,30.200000000000003,-2.732000000000001,-25.049999999999997,0.0,-8.450000000000003,-0.030999999999998806,-2.450000000000003,0.0,0.3500000000000085,0.12199999999999989,5.5,0.0,11.649999999999991,0.03500000000000014,69.00000000000003,0.0,152.04999999999995,0.19699999999999918,106.30000000000001,0.0,18.55000000000001,3.793000000000001,54.0,2.304999999999999,8.200000000000102,1.2300000000000004,-10.75,-12.216277777777776,-14.011857142857142,-10.886999999999999,453.04166666666674,3601.346,3642.94,3461.01,3617.4047999999993,-49.552000000000135,3551.794
1.33,-11.179,-11.506,-11.126,-11.217,-11.217,-14.021,-14.021,-14.044,-14.044,-14.015,-14.015,-14.02,-14.02,-9.323,-9.323,-9.784,-7.059,-5.608,118.0,103.7,94.25,91.7,121.4,97.05,87.65,85.55000000000001,86.25,92.6,100.8,183.7,332.0,442.2000000000001,463.95,501.6,509.45,495.4,-14.174,-14.268,164.6,145.5,-0.32699999999999996,-14.299999999999997,0.3800000000000008,-9.450000000000003,-0.09100000000000108,-2.549999999999997,0.0,29.700000000000003,-2.8040000000000003,-24.35000000000001,0.0,-9.399999999999991,-0.022999999999999687,-2.0999999999999943,0.0,0.6999999999999886,0.028999999999999915,6.349999999999994,0.0,8.200000000000003,-0.004999999999999005,82.89999999999999,0.0,148.3,4.696999999999999,110.2000000000001,0.0,21.749999999999886,-0.4610000000000003,37.650000000000034,2.7250000000000005,7.849999999999966,1.4510000000000005,-14.050000000000011,-11.641222222222222,-14.025714285714285,-9.186166666666665,457.43333333333334,3551.794,3601.346,3594.112,3611.3284,11.93600000000015,3563.73
1.33,-11.221,-11.516,-11.15,-11.209,-11.209,-14.081,-14.081,-14.11,-14.11,-14.044,-14.044,-14.027,-14.027,-9.472,-9.472,-9.868,-7.217,-5.548,118.3,103.9,94.35,91.55,122.3,97.25,87.5,85.35,86.7,93.3,98.2,194.6,326.0,453.2,482.1,519.55,516.1,489.05,-14.236,-14.327,165.4,144.4,-0.29499999999999993,-14.399999999999991,0.36599999999999966,-9.550000000000011,-0.058999999999999275,-2.799999999999997,0.0,30.75,-2.872,-25.049999999999997,0.0,-9.75,-0.028999999999999915,-2.1500000000000057,0.0,1.3500000000000085,0.06599999999999895,6.599999999999994,0.0,4.900000000000006,0.017000000000001236,96.39999999999999,0.0,131.4,4.555,127.19999999999999,0.0,28.900000000000034,-0.3960000000000008,37.44999999999993,2.6510000000000007,-3.449999999999932,1.6689999999999996,-27.05000000000001,-11.689222222222222,-14.071,-9.267333333333333,464.3333333333334,3563.73,3551.794,3696.832,3576.9678,-38.70100000000002,3525.029
1.33,-11.3,-11.559,-11.11,-11.189,-11.189,-14.107,-14.107,-14.13,-14.13,-14.063,-14.063,-14.04,-14.04,-9.514,-9.514,-10.058,-7.742,-6.213,118.5,103.2,94.9,91.3,122.5,97.45,87.4,85.1,86.4,94.05,100.45,202.5,323.7,441.2000000000001,488.9,521.0,515.9,486.05,-14.223,-14.315,164.6,144.6,-0.25899999999999856,-15.299999999999997,0.44899999999999984,-8.299999999999997,-0.07900000000000063,-3.6000000000000085,0.0,31.200000000000003,-2.9179999999999993,-25.049999999999997,0.0,-10.049999999999997,-0.023000000000001464,-2.3000000000000114,0.0,1.3000000000000114,0.06700000000000017,7.6499999999999915,0.0,6.400000000000006,0.023000000000001464,102.05,0.0,121.19999999999999,4.526,117.50000000000011,0.0,47.699999999999875,-0.5440000000000005,32.10000000000002,2.316,-5.100000000000023,1.529,-29.849999999999966,-11.781555555555554,-14.091428571428574,-9.513499999999999,462.79166666666674,3525.029,3563.73,3642.94,3528.2843999999996,-125.50599999999986,3399.523
1.33,-11.362,-11.576,-11.113,-11.215,-11.215,-14.121,-14.121,-14.138,-14.138,-14.017,-14.017,-13.982,-13.982,-10.588,-10.588,-10.014,-7.789,-6.279,118.8,102.8,95.1,91.05,123.3,97.8,87.5,84.9,86.15,93.4,102.4,202.75,324.1,430.75,486.2,514.2,508.9,482.5,-14.249,-14.338,164.0,145.5,-0.2140000000000004,-16.0,0.46300000000000097,-7.700000000000003,-0.10200000000000031,-4.049999999999997,0.0,32.25,-2.9060000000000006,-25.5,0.0,-10.299999999999997,-0.01699999999999946,-2.5999999999999943,0.0,1.25,0.12100000000000044,7.25,0.0,9.0,0.03500000000000014,100.35,0.0,121.35000000000002,3.394,106.64999999999998,0.0,55.44999999999999,0.5739999999999998,28.000000000000057,2.2249999999999996,-5.300000000000068,1.5099999999999998,-26.399999999999977,-11.903055555555556,-14.076285714285714,-9.873333333333333,457.77500000000003,3399.523,3525.029,3601.346,3471.2095999999997,-83.55099999999993,3315.972
1.33,-11.187,-11.838,-11.157,-11.278,-11.278,-14.078,-14.078,-14.115,-14.115,-13.861,-13.861,-13.821,-13.821,-10.494,-10.494,-9.632,-6.922,-5.573,118.75,102.95,95.5,91.3,125.1,98.45,87.75,84.85,86.05,92.55,102.5,214.75,328.9,431.5,480.2,508.7,502.1,481.95,-14.217,-14.298,164.3,147.1,-0.6509999999999998,-15.799999999999997,0.6809999999999992,-7.450000000000003,-0.12100000000000044,-4.200000000000003,0.0,33.8,-2.799999999999999,-26.64999999999999,0.0,-10.700000000000003,-0.03700000000000081,-2.9000000000000057,0.0,1.2000000000000028,0.25399999999999956,6.5,0.0,9.950000000000003,0.040000000000000924,112.25,0.0,114.14999999999998,3.327,102.60000000000002,0.0,48.69999999999999,0.8620000000000001,28.5,2.71,-6.599999999999966,1.3489999999999993,-20.150000000000034,-11.755722222222223,-13.989857142857144,-9.489333333333333,455.55833333333334,3315.972,3399.523,3551.794,3443.7934,98.74099999999999,3414.713
1.33,-11.071,-11.298,-11.164,-11.264,-11.264,-14.001,-14.001,-13.987,-13.987,-14.042,-14.042,-13.826,-13.826,-10.66,-10.66,-7.664,-5.968,-4.755,118.35,103.1,95.25,91.95,125.45,99.45,87.94999999999999,84.75,85.9,91.45,98.25,241.95,344.20000000000005,432.7,472.9500000000001,509.25,506.3,479.05,-14.094,-14.117,164.9,148.7,-0.2270000000000003,-15.25,0.13400000000000034,-7.849999999999994,-0.09999999999999964,-3.299999999999997,0.0,33.5,-2.737,-26.0,0.0,-11.500000000000014,0.013999999999999346,-3.1999999999999886,0.0,1.1500000000000057,-0.054999999999999716,5.549999999999997,0.0,6.799999999999997,0.2159999999999993,143.7,0.0,102.25000000000006,3.1660000000000004,88.49999999999994,0.0,40.250000000000114,2.9960000000000004,36.2999999999999,1.6959999999999997,-2.9499999999999886,1.213,-27.25,-11.526666666666664,-13.983714285714285,-8.922166666666667,457.40833333333336,3414.713,3315.972,3563.73,3426.2152,61.12599999999975,3475.839
1.33,-11.194,-11.354,-11.196,-11.301,-11.301,-14.11,-14.11,-14.127,-14.127,-14.038,-14.038,-13.998,-13.998,-10.743,-10.743,-7.758,-6.401,-5.304,117.45,103.2,94.8,92.15,125.45,100.8,88.25,84.9,86.1,90.55,95.85,263.7,358.6,431.05,468.05,506.85,510.65,476.5,-14.221,-14.375,165.0,149.6,-0.15999999999999837,-14.25,0.15799999999999947,-8.400000000000006,-0.10500000000000043,-2.6499999999999915,0.0,33.3,-2.8089999999999993,-24.650000000000006,0.0,-12.549999999999997,-0.017000000000001236,-3.3499999999999943,0.0,1.1999999999999886,0.08900000000000041,4.450000000000003,0.0,5.299999999999997,0.040000000000000924,167.85,0.0,94.90000000000003,3.254999999999999,72.44999999999999,0.0,37.0,2.9850000000000003,38.80000000000001,1.3570000000000002,3.7999999999999545,1.0969999999999995,-34.14999999999998,-11.657833333333333,-14.078285714285714,-9.157833333333334,458.61666666666673,3475.839,3414.713,3525.029,3454.4270000000006,190.24900000000025,3666.088
1.33,-11.089,-11.297,-11.139,-11.287,-11.287,-14.129,-14.129,-14.144,-14.144,-13.954,-13.954,-13.958,-13.958,-10.613,-10.613,-7.739,-6.137,-4.837,116.4,103.2,94.85,92.25,122.9,101.7,88.35,85.25,86.19999999999999,90.95,94.0,269.65,381.7000000000001,428.95,467.25,506.9,509.5,474.35,-14.248,-14.307,167.6,150.5,-0.20800000000000018,-13.200000000000003,0.15800000000000125,-8.350000000000009,-0.14800000000000146,-2.5999999999999943,0.0,30.650000000000006,-2.8419999999999987,-21.200000000000003,0.0,-13.350000000000009,-0.015000000000000568,-3.0999999999999943,0.0,0.9499999999999886,0.1899999999999995,4.750000000000014,0.0,3.049999999999997,-0.0039999999999995595,175.64999999999998,0.0,112.05000000000013,3.3450000000000006,47.249999999999886,0.0,38.30000000000001,2.8739999999999997,39.64999999999998,1.6020000000000003,2.6000000000000227,1.2999999999999998,-35.14999999999998,-11.578222222222223,-14.058857142857144,-8.982833333333332,461.44166666666666,3666.088,3475.839,3399.523,3555.6277999999998,239.43899999999985,3905.527
1.33,-11.276,-11.551,-11.191,-11.282,-11.282,-14.043,-14.043,-14.037,-14.037,-14.049,-14.049,-13.995,-13.995,-8.886,-8.886,-7.456,-6.073,-5.08,116.0,103.05,95.05,92.15,120.3,101.4,88.7,85.5,86.35,90.7,93.6,273.8,405.35,431.7,466.2,510.9,509.95,472.5,-14.199,-14.291,169.7,150.0,-0.27500000000000036,-12.950000000000003,0.35999999999999943,-8.0,-0.0909999999999993,-2.8999999999999915,0.0,28.14999999999999,-2.7609999999999992,-18.89999999999999,0.0,-12.700000000000003,0.005999999999998451,-3.200000000000003,0.0,0.8499999999999943,-0.011999999999998678,4.3500000000000085,0.0,2.8999999999999915,0.05400000000000027,180.20000000000002,0.0,131.55,5.109,26.349999999999966,0.0,34.5,1.4299999999999988,44.69999999999999,1.383,-0.9499999999999886,0.9930000000000003,-37.44999999999999,-11.400611111111113,-14.03614285714286,-8.395999999999999,466.09999999999997,3905.527,3666.088,3315.972,3627.1699999999996,-231.84400000000005,3673.683
1.33,-11.367,-11.572,-13.063,-13.483,-13.483,-14.122,-14.122,-14.137,-14.137,-14.006,-14.006,-14.017,-14.017,-8.52,-8.52,-7.187,-5.915,-4.96,116.25,102.6,95.0,91.8,119.15,100.2,89.19999999999999,85.6,86.19999999999999,90.3,93.55,287.5,411.85,432.45,464.4500000000001,513.4,511.8,470.35,-14.239,-14.33,170.7,148.9,-0.2049999999999983,-13.650000000000006,-1.4910000000000014,-7.599999999999994,-0.41999999999999993,-3.200000000000003,0.0,27.35000000000001,-0.6389999999999993,-18.950000000000003,0.0,-11.000000000000014,-0.015000000000000568,-3.5999999999999943,0.0,0.5999999999999943,0.13100000000000023,4.1000000000000085,0.0,3.25,-0.010999999999999233,193.95,0.0,124.35000000000002,5.497,20.599999999999966,0.0,32.000000000000114,1.3329999999999993,48.949999999999875,1.2720000000000002,-1.599999999999966,0.9550000000000001,-41.44999999999999,-11.701888888888892,-14.078142857142856,-8.1865,467.3833333333334,3673.683,3905.527,3414.713,3666.5942000000005,-61.84900000000016,3611.834
1.33,-11.465,-11.674,-10.569,-10.985,-10.985,-14.062,-14.062,-14.095,-14.095,-14.021,-14.021,-13.987,-13.987,-8.738,-8.738,-7.247,-5.945,-4.868,116.45,101.7,95.25,91.8,118.45,99.8,89.3,85.80000000000001,86.1,90.45,96.0,256.75,411.05,436.15,463.4500000000001,504.9,501.9,470.0,-14.244,-14.303,171.0,146.8,-0.20899999999999963,-14.75,1.1049999999999986,-6.450000000000003,-0.4159999999999986,-3.450000000000003,0.0,26.650000000000006,-3.077,-18.650000000000006,0.0,-10.5,-0.03300000000000125,-3.499999999999986,0.0,0.29999999999998295,0.07399999999999984,4.3500000000000085,0.0,5.549999999999997,0.034000000000000696,160.75,0.0,154.3,5.2490000000000006,25.099999999999966,0.0,27.300000000000125,1.4909999999999997,41.449999999999875,1.3019999999999996,-3.0,1.077,-31.899999999999977,-11.308,-14.049000000000001,-8.253833333333334,464.57500000000005,3611.834,3673.683,3475.839,3657.4074,-181.92899999999963,3429.905
1.33,-11.596,-11.781,-10.555,-10.611,-10.611,-14.106,-14.106,-14.133,-14.133,-14.034,-14.034,-14.006,-14.006,-9.034,-9.034,-7.403,-5.768,-4.66,116.5,101.25,95.35,92.05,119.5,100.95,89.35,86.25,86.4,92.25,100.4,220.75,414.25,448.6,462.2,504.85,502.3,468.75,-14.232,-14.324,170.8,145.5,-0.1850000000000005,-15.25,1.2260000000000009,-5.900000000000006,-0.05600000000000094,-3.299999999999997,0.0,27.450000000000003,-3.494999999999999,-18.549999999999997,0.0,-11.600000000000009,-0.026999999999999247,-3.0999999999999943,0.0,0.15000000000000568,0.09899999999999842,5.849999999999994,0.0,8.150000000000006,0.02800000000000047,120.35,0.0,193.5,4.9719999999999995,34.35000000000002,0.0,13.599999999999966,1.6310000000000011,42.650000000000034,1.6349999999999998,-2.5500000000000114,1.1079999999999997,-33.55000000000001,-11.31172222222222,-14.078857142857144,-8.3175,466.82500000000005,3429.905,3611.834,3666.088,3600.1881999999996,-49.91300000000001,3379.992
1.33,-11.541,-11.691,-10.612,-10.729,-10.729,-14.101,-14.101,-14.129,-14.129,-13.827,-13.827,-13.773,-13.773,-8.76,-8.76,-9.016,-8.898,-6.908,116.65,101.15,94.9,91.95,119.55,101.15,89.2,86.30000000000001,86.5,92.85,97.15,194.9,383.45,450.85,463.3,497.4,492.75,469.5,-14.232,-14.308,169.7,148.2,-0.15000000000000036,-15.5,1.0790000000000006,-6.25,-0.1169999999999991,-2.950000000000003,0.0,27.599999999999994,-3.3720000000000017,-18.39999999999999,0.0,-11.950000000000003,-0.027999999999998693,-2.8999999999999915,0.0,0.19999999999998863,0.3019999999999996,6.349999999999994,0.0,4.300000000000011,0.05400000000000027,97.75,0.0,188.54999999999998,5.013,67.40000000000003,0.0,12.449999999999989,-0.2560000000000002,34.099999999999966,0.11800000000000033,-4.649999999999977,1.9899999999999993,-23.25,-11.627999999999998,-13.983857142857143,-9.3525,459.5416666666667,3379.992,3429.905,3905.527,3492.0428,-15.192000000000007,3364.8
1.33,-11.383,-11.647,-11.202,-11.308,-11.308,-13.911,-13.911,-13.935,-13.935,-13.778,-13.778,-13.74,-13.74,-13.538,-13.538,-9.155,-9.026,-7.179,116.6,101.35,94.15,92.1,119.35,100.35,89.55000000000001,86.1,86.5,92.6,93.05,189.65,340.85,450.55,466.9,492.55,486.9500000000001,464.4,-13.948,-14.155,168.4,150.2,-0.2640000000000011,-15.25,0.4450000000000003,-7.199999999999989,-0.10599999999999987,-2.0500000000000114,0.0,27.25,-2.6029999999999998,-19.0,0.0,-10.799999999999983,-0.02400000000000091,-3.450000000000017,0.0,0.4000000000000057,0.15700000000000003,6.099999999999994,0.0,0.45000000000000284,0.038000000000000256,96.60000000000001,0.0,151.20000000000002,0.20199999999999996,109.69999999999999,0.0,16.349999999999966,4.383000000000001,25.650000000000034,0.12899999999999956,-5.599999999999909,1.8469999999999995,-22.550000000000125,-12.222888888888892,-13.855428571428572,-11.029333333333334,450.36666666666673,3364.8,3379.992,3673.683,3435.547,26.403999999999996,3391.204
1.33,-11.336,-11.608,-11.187,-11.297,-11.297,-13.845,-13.845,-13.874,-13.874,-13.763,-13.763,-13.725,-13.725,-13.601,-13.601,-7.923,-6.322,-5.066,116.5,101.35,93.65,92.05,117.35,100.05,89.6,86.0,86.55,91.9,92.15,193.3,299.4,455.65,471.15,494.1,480.85,462.55,-13.953,-14.073,167.5,152.0,-0.27200000000000024,-15.150000000000006,0.42100000000000115,-7.699999999999989,-0.11000000000000121,-1.6000000000000085,0.0,25.299999999999997,-2.548,-17.299999999999997,0.0,-10.450000000000003,-0.028999999999999915,-3.5999999999999943,0.0,0.5499999999999972,0.11100000000000065,5.3500000000000085,0.0,0.25,0.038000000000000256,101.15,0.0,106.09999999999997,0.12399999999999878,156.25,0.0,15.5,5.678000000000001,22.950000000000045,1.601,-13.25,1.2560000000000002,-18.30000000000001,-11.869555555555555,-13.812714285714287,-10.039666666666667,443.95,3391.204,3364.8,3611.834,3414.3520000000003,114.65499999999975,3505.859
1.33,-11.168,-11.495,-11.258,-11.353,-11.353,-13.824,-13.824,-13.851,-13.851,-13.752,-13.752,-13.724,-13.724,-13.609,-13.609,-8.011,-6.399,-5.082,116.4,101.7,93.4,91.9,117.35,99.9,89.6,86.05,86.55,91.65,93.8,200.95,285.85,451.25,475.65,509.8,502.25,462.8,-13.946,-14.128,166.5,152.9,-0.32699999999999996,-14.700000000000003,0.2370000000000001,-8.299999999999997,-0.09500000000000064,-1.5,0.0,25.44999999999999,-2.471,-17.44999999999999,0.0,-10.300000000000011,-0.027000000000001023,-3.549999999999997,0.0,0.5,0.0990000000000002,5.1000000000000085,0.0,2.1499999999999915,0.02800000000000047,107.14999999999999,0.0,84.90000000000003,0.11500000000000021,165.39999999999998,0.0,24.399999999999977,5.598000000000001,34.150000000000034,1.6119999999999992,-7.550000000000011,1.3170000000000002,-39.44999999999999,-11.868833333333333,-13.796857142857144,-10.072333333333335,447.9333333333334,3505.859,3391.204,3429.905,3476.7072,235.82200000000012,3741.681
1.33,-11.099,-11.372,-11.259,-11.368,-11.368,-13.836,-13.836,-13.861,-13.861,-13.787,-13.787,-13.754,-13.754,-13.656,-13.656,-8.148,-6.568,-5.433,116.35,101.6,93.55,91.3,119.75,99.5,89.75,86.15,86.3,91.3,96.3,224.05,302.25,421.95,493.8,523.0,522.1,466.9,-13.942,-14.094,165.4,154.1,-0.2729999999999997,-14.75,0.11299999999999955,-8.049999999999997,-0.10899999999999999,-2.25,0.0,28.450000000000003,-2.468,-20.25,0.0,-9.75,-0.025000000000000355,-3.5999999999999943,0.0,0.14999999999999147,0.07399999999999984,5.0,0.0,5.0,0.03300000000000125,127.75000000000001,0.0,78.19999999999999,0.09799999999999898,119.69999999999999,0.0,71.85000000000002,5.508000000000001,29.19999999999999,1.58,-0.8999999999999773,1.1349999999999998,-55.200000000000045,-11.911277777777778,-13.817428571428575,-10.202499999999999,455.0,3741.681,3505.859,3379.992,3571.9038,114.29399999999987,3855.975
1.33,-11.051,-11.321,-11.255,-11.342,-11.342,-13.876,-13.876,-13.891,-13.891,-13.793,-13.793,-13.753,-13.753,-13.633,-13.633,-8.086,-6.68,-5.707,116.2,101.45,93.6,90.95,122.3,99.2,89.6,86.30000000000001,85.95,90.8,100.95,235.05,318.20000000000005,398.5,508.5,532.7,528.45,481.9500000000001,-13.959,-14.111,164.5,154.8,-0.2699999999999996,-14.75,0.06599999999999895,-7.8500000000000085,-0.08699999999999974,-2.6499999999999915,0.0,31.349999999999994,-2.533999999999999,-23.099999999999994,0.0,-9.600000000000009,-0.015000000000000568,-3.299999999999983,0.0,-0.3500000000000085,0.09800000000000075,4.849999999999994,0.0,10.150000000000006,0.03999999999999915,134.10000000000002,0.0,83.15000000000003,0.120000000000001,80.29999999999995,0.0,110.0,5.546999999999999,24.200000000000045,1.4060000000000006,-4.25,0.9729999999999999,-46.49999999999994,-11.926444444444448,-13.839,-10.248666666666667,461.38333333333344,3855.975,3741.681,3364.8,3670.0666000000006,-0.3609999999998763,3855.614
1.33,-11.044,-11.287,-11.221,-11.275,-11.275,-13.872,-13.872,-13.89,-13.89,-13.775,-13.775,-13.744,-13.744,-13.597,-13.597,-9.839,-7.817,-6.082,116.95,101.4,93.8,90.5,125.45,98.2,89.4,86.30000000000001,85.8,90.65,102.5,224.75,355.5,414.85,499.25,531.1500000000001,519.6500000000001,494.3,-13.965,-14.122,163.7,155.8,-0.24300000000000033,-15.549999999999997,0.06600000000000072,-7.6000000000000085,-0.05400000000000027,-3.299999999999997,0.0,34.95,-2.5969999999999995,-27.25,0.0,-8.799999999999997,-0.018000000000000682,-3.0999999999999943,0.0,-0.5000000000000142,0.11500000000000021,4.8500000000000085,0.0,11.849999999999994,0.031000000000000583,122.25,0.0,130.75,0.14700000000000024,59.35000000000002,0.0,84.39999999999998,3.757999999999999,31.90000000000009,2.0220000000000002,-11.5,1.7350000000000003,-25.35000000000008,-12.088666666666668,-13.83114285714286,-10.779333333333334,469.11666666666673,3855.614,3855.975,3391.204,3748.5532,-71.97699999999986,3783.637
1.33,-11.036,-11.307,-11.183,-11.276,-11.276,-13.861,-13.861,-13.88,-13.88,-13.774,-13.774,-13.694,-13.694,-13.528,-13.528,-11.107,-11.085,-8.495,118.05,101.3,93.9,90.65,127.05,97.4,89.7,86.45,85.65,89.94999999999999,100.5,223.15,383.5,430.35,482.4,521.25,514.5,511.8,-13.959,-14.09,164.0,157.2,-0.2710000000000008,-16.75,0.12400000000000055,-7.3999999999999915,-0.09299999999999997,-3.25,0.0,36.39999999999999,-2.585000000000001,-29.64999999999999,0.0,-7.700000000000003,-0.019000000000000128,-3.25,0.0,-0.7999999999999972,0.10600000000000165,4.299999999999983,0.0,10.550000000000011,0.0799999999999983,122.65,0.0,160.35,0.16600000000000037,46.85000000000002,0.0,52.049999999999955,2.421000000000001,38.85000000000002,0.021999999999998465,-6.75,2.5900000000000016,-2.6999999999999886,-12.45772222222222,-13.817714285714287,-11.906166666666666,473.9666666666667,3783.637,3855.614,3505.859,3802.6619999999994,-7.234000000000378,3776.403
1.33,-11.082,-11.35,-11.113,-11.226,-11.226,-13.827,-13.827,-13.864,-13.864,-13.733,-13.733,-13.729,-13.729,-13.564,-13.564,-10.65,-9.143,-7.259,118.05,101.0,94.05,90.75,126.4,97.25,89.80000000000001,86.35,86.0,90.0,96.45,210.8,374.85,456.9500000000001,482.9,509.05,510.75,512.9,-13.942,-14.064,164.8,155.7,-0.2679999999999989,-17.049999999999997,0.2370000000000001,-6.950000000000003,-0.11300000000000132,-3.299999999999997,0.0,35.650000000000006,-2.600999999999999,-29.150000000000006,0.0,-7.449999999999989,-0.03700000000000081,-3.450000000000017,0.0,-0.3499999999999943,0.13100000000000023,4.0,0.0,6.450000000000003,0.004000000000001336,114.35000000000001,0.0,164.05,0.16499999999999915,82.10000000000008,0.0,25.949999999999875,2.9139999999999997,26.150000000000034,1.5069999999999997,1.6999999999999886,1.8840000000000003,2.1499999999999773,-12.249055555555556,-13.796714285714287,-11.318166666666665,474.56666666666666,3776.403,3783.637,3741.681,3822.5550000000003,64.7430000000004,3841.146
1.33,-11.12,-11.338,-10.948,-11.026,-11.026,-13.828,-13.828,-13.854,-13.854,-13.768,-13.768,-13.755,-13.755,-13.575,-13.575,-7.234,-5.811,-4.721,116.55,101.65,94.1,90.8,123.65,97.2,89.85,86.3,86.15,91.3,93.55,212.8,368.05,484.9500000000001,492.65,506.6,506.8,513.4,-13.966,-14.092,166.0,155.1,-0.21799999999999997,-14.899999999999991,0.3899999999999988,-7.550000000000011,-0.0779999999999994,-3.299999999999997,0.0,32.85000000000001,-2.8019999999999996,-26.450000000000003,0.0,-7.3500000000000085,-0.0259999999999998,-3.549999999999997,0.0,-0.14999999999999147,0.08599999999999852,5.1499999999999915,0.0,2.25,0.0129999999999999,119.25000000000001,0.0,155.25,0.1800000000000015,116.90000000000009,0.0,7.699999999999875,6.340999999999999,13.950000000000045,1.423,0.19999999999998863,1.0899999999999999,6.599999999999966,-11.710222222222221,-13.807857142857143,-9.778500000000001,478.74166666666673,3841.146,3776.403,3855.975,3818.0699999999997,-7.596000000000004,3833.55
1.33,-11.138,-11.298,-10.911,-10.974,-10.974,-13.826,-13.826,-13.856,-13.856,-13.808,-13.808,-13.757,-13.757,-13.567,-13.567,-6.94,-5.678,-4.513,114.95,102.65,94.05,91.05,119.85,97.2,89.85,86.5,86.25,91.05,92.4,216.5,361.8,491.45,504.9,518.4000000000001,517.85,507.4,-13.967,-14.136,168.6,155.9,-0.16000000000000014,-12.299999999999997,0.38700000000000045,-8.600000000000009,-0.06300000000000061,-3.0,0.0,28.799999999999997,-2.8520000000000003,-22.64999999999999,0.0,-7.3500000000000085,-0.02999999999999936,-3.3499999999999943,0.0,-0.25,0.04800000000000004,4.799999999999997,0.0,1.3500000000000085,0.051000000000000156,124.1,0.0,145.3,0.1899999999999995,129.64999999999998,0.0,13.449999999999989,6.627,13.500000000000114,1.2620000000000005,-0.5500000000000682,1.165,-10.450000000000045,-11.669666666666666,-13.819571428571427,-9.670333333333332,483.6333333333334,3833.55,3841.146,3855.614,3827.3292,68.35999999999967,3901.91
1.33,-11.145,-11.308,-10.896,-10.991,-10.991,-13.873,-13.873,-13.895,-13.895,-13.802,-13.802,-13.757,-13.757,-13.562,-13.562,-6.87,-5.31,-4.211,114.15,102.7,93.75,91.1,118.65,97.15,89.7,86.5,86.5,91.65,91.75,229.45,366.15,486.9500000000001,519.2,525.8,527.9,503.25,-13.978,-14.134,170.5,157.2,-0.16300000000000026,-11.450000000000003,0.41199999999999903,-8.950000000000003,-0.09499999999999886,-2.6500000000000057,0.0,27.55000000000001,-2.8819999999999997,-21.5,0.0,-7.450000000000003,-0.02200000000000024,-3.200000000000003,0.0,0.0,0.09299999999999997,5.150000000000006,0.0,0.09999999999999432,0.04499999999999993,137.7,0.0,136.7,0.19500000000000028,120.80000000000013,0.0,32.24999999999994,6.691999999999999,6.599999999999909,1.5600000000000005,2.1000000000000227,1.0989999999999993,-24.649999999999977,-11.638888888888893,-13.84242857142857,-9.545333333333334,488.2083333333333,3901.91,3833.55,3783.637,3833.4055999999996,-87.89100000000008,3814.019
1.33,-11.249,-11.45,-10.889,-11.001,-11.001,-13.864,-13.864,-13.891,-13.891,-13.737,-13.737,-13.751,-13.751,-13.53,-13.53,-9.17,-6.599,-5.167,115.0,101.9,93.65,91.25,118.2,97.05,89.25,86.5,86.6,92.6,90.85,240.65,373.55,482.65,519.7,530.8,517.3,503.1,-13.977,-14.117,170.6,157.4,-0.20099999999999874,-13.099999999999994,0.5609999999999999,-8.25,-0.1120000000000001,-2.4000000000000057,0.0,26.950000000000003,-2.8630000000000013,-21.150000000000006,0.0,-7.799999999999997,-0.026999999999999247,-2.75,0.0,0.09999999999999432,0.15399999999999991,6.0,0.0,-1.75,-0.013999999999999346,149.8,0.0,132.9,0.22100000000000009,109.09999999999997,0.0,37.05000000000007,4.359999999999999,11.099999999999909,2.5709999999999997,-13.5,1.4320000000000004,-14.199999999999932,-11.892888888888889,-13.819285714285714,-10.291166666666667,487.84999999999997,3814.019,3901.91,3776.403,3831.8866000000003,-45.210999999999785,3768.808
1.33,-11.215,-11.438,-10.966,-11.075,-11.075,-13.821,-13.821,-13.842,-13.842,-13.766,-13.766,-13.757,-13.757,-13.484,-13.484,-9.623,-9.512,-6.907,116.2,100.85,94.45,91.15,120.3,97.0,88.65,86.6,86.25,92.4,90.7,238.8,380.25,482.4500000000001,517.9,525.25,513.95,516.0,-13.97,-14.116,170.9,156.8,-0.22300000000000075,-15.350000000000009,0.4720000000000013,-6.3999999999999915,-0.10899999999999999,-3.299999999999997,0.0,29.14999999999999,-2.7460000000000004,-23.299999999999997,0.0,-8.349999999999994,-0.021000000000000796,-2.0500000000000114,0.0,-0.3499999999999943,0.07600000000000051,6.150000000000006,0.0,-1.7000000000000028,0.009000000000000341,148.10000000000002,0.0,141.45,0.2729999999999997,102.2000000000001,0.0,35.449999999999875,3.8610000000000007,7.350000000000023,0.11099999999999888,-11.299999999999955,2.6050000000000004,2.0499999999999545,-12.175055555555558,-13.802142857142858,-11.127833333333333,489.3,3768.808,3814.019,3841.146,3832.5375999999997,75.59299999999985,3844.401
1.33,-11.194,-11.458,-11.01,-11.083,-11.083,-13.831,-13.831,-13.849,-13.849,-13.772,-13.772,-13.722,-13.722,-13.493,-13.493,-13.48,-13.263,-11.048,116.5,99.7,94.95,90.8,123.6,97.2,88.5,86.5,86.0,91.3,95.65,226.05,399.85,488.5,512.0,524.8,515.35,526.75,-13.954,-14.09,171.6,155.5,-0.26399999999999935,-16.799999999999997,0.4480000000000004,-4.75,-0.0730000000000004,-4.150000000000006,0.0,32.8,-2.7479999999999993,-26.39999999999999,0.0,-8.700000000000003,-0.018000000000000682,-2.0,0.0,-0.5,0.07699999999999996,5.299999999999997,0.0,4.3500000000000085,0.05000000000000071,130.4,0.0,173.8,0.2289999999999992,88.64999999999998,0.0,23.5,0.0129999999999999,12.799999999999955,0.21700000000000053,-9.449999999999932,2.215,11.399999999999977,-12.830722222222223,-13.803714285714287,-13.083166666666669,494.5416666666667,3844.401,3768.808,3833.55,3834.0568,-3.2549999999996544,3841.146
1.33,-11.171,-11.442,-10.723,-10.775,-10.775,-13.837,-13.837,-13.87,-13.87,-13.741,-13.741,-13.712,-13.712,-13.465,-13.465,-10.504,-8.105,-6.298,116.8,99.6,94.65,90.8,124.15,97.2,88.55,86.1,85.95,90.7,94.1,212.25,400.85,492.9500000000001,506.0,526.85,518.7,507.9500000000001,-13.951,-14.096,171.8,153.2,-0.2710000000000008,-17.200000000000003,0.7189999999999994,-4.949999999999989,-0.0519999999999996,-3.8500000000000085,0.0,33.35000000000001,-3.0619999999999994,-26.950000000000003,0.0,-8.650000000000006,-0.032999999999999474,-2.450000000000003,0.0,-0.14999999999999147,0.12899999999999956,4.75,0.0,3.3999999999999915,0.028999999999999915,118.15,0.0,188.60000000000002,0.2469999999999999,92.10000000000008,0.0,13.049999999999898,2.9610000000000003,20.850000000000023,2.398999999999999,-8.149999999999977,1.8070000000000004,-10.749999999999943,-12.057944444444443,-13.801142857142858,-10.924833333333332,492.21666666666675,3841.146,3844.401,3901.91,3813.5127999999995,-41.95600000000013,3799.19
1.33,-11.194,-11.421,-10.572,-10.698,-10.698,-13.815,-13.815,-13.836,-13.836,-13.762,-13.762,-13.742,-13.742,-13.466,-13.466,-10.168,-8.003,-6.736,116.45,100.85,93.8,91.25,123.05,97.45,88.7,85.85,85.9,90.25,92.3,193.0,383.4,503.5,501.4,522.8499999999999,515.3,497.4,-13.936,-14.063,171.8,151.9,-0.22699999999999854,-15.600000000000009,0.8490000000000002,-7.049999999999997,-0.12600000000000122,-2.549999999999997,0.0,31.799999999999997,-3.116999999999999,-25.599999999999994,0.0,-8.75,-0.021000000000000796,-2.8500000000000085,0.0,0.05000000000001137,0.07399999999999984,4.349999999999994,0.0,2.049999999999997,0.019999999999999574,100.7,0.0,190.39999999999998,0.2760000000000016,120.10000000000002,0.0,-2.1000000000000227,3.298,21.449999999999932,2.164999999999999,-7.5499999999999545,1.2670000000000003,-17.899999999999977,-12.040666666666665,-13.795428571428571,-10.930166666666667,487.30833333333334,3799.19,3841.146,3814.019,3810.4746,-0.36200000000008004,3798.828
1.33,-11.187,-11.436,-10.924,-11.001,-11.001,-13.837,-13.837,-13.855,-13.855,-13.771,-13.771,-13.701,-13.701,-13.45,-13.45,-9.833,-7.568,-6.14,115.9,101.7,93.05,91.95,120.5,98.2,88.75,85.75,86.25,90.6,92.25,175.6,351.7,506.4,497.65,525.1,524.4,493.85,-13.942,-14.074,171.3,150.1,-0.24900000000000055,-14.200000000000003,0.5120000000000005,-8.650000000000006,-0.07699999999999996,-1.0999999999999943,0.0,28.549999999999997,-2.8360000000000003,-22.299999999999997,0.0,-9.450000000000003,-0.018000000000000682,-3.0,0.0,0.5,0.08399999999999963,4.349999999999994,0.0,1.6500000000000057,0.07000000000000028,83.35,0.0,176.1,0.2510000000000012,154.7,0.0,-8.75,3.616999999999999,27.450000000000045,2.2650000000000006,-0.7000000000000455,1.428,-30.549999999999955,-12.017666666666665,-13.803857142857144,-10.690333333333333,483.18333333333334,3798.828,3799.19,3768.808,3830.9462,72.33800000000019,3871.166
1.33,-11.126,-11.435,-10.954,-11.041,-11.041,-13.842,-13.842,-13.851,-13.851,-13.745,-13.745,-13.705,-13.705,-13.486,-13.486,-9.266,-7.095,-5.825,115.6,101.85,92.65,91.8,120.4,99.05,88.95,85.85,86.35,90.8,94.35,167.35,331.15,498.65,497.95,524.2,519.7,494.85,-13.928,-14.044,170.0,148.9,-0.30900000000000105,-13.75,0.48099999999999987,-9.199999999999989,-0.08699999999999974,-0.8500000000000085,0.0,28.60000000000001,-2.801,-21.35000000000001,0.0,-10.099999999999994,-0.009000000000000341,-3.1000000000000085,0.0,0.5,0.10600000000000165,4.450000000000003,0.0,3.549999999999997,0.03999999999999915,73.0,0.0,163.79999999999998,0.21899999999999942,167.5,0.0,-0.6999999999999886,4.220000000000001,26.250000000000057,2.1710000000000003,-4.5,1.2699999999999996,-24.850000000000023,-11.94672222222222,-13.797285714285715,-10.477166666666667,477.75,3871.166,3798.828,3844.401,3855.3242,95.125,3966.291
1.33,-11.135,-11.414,-10.99,-11.104,-11.104,-13.812,-13.812,-13.839,-13.839,-13.769,-13.769,-13.741,-13.741,-13.525,-13.525,-9.25,-6.873,-5.516,115.8,101.55,93.25,91.0,118.45,100.3,89.05000000000001,86.0,86.0,90.55,95.8,173.8,295.45,472.25,497.55,522.95,514.5,493.5,-13.931,-14.079,168.7,148.5,-0.2789999999999999,-14.25,0.4239999999999995,-8.299999999999997,-0.11399999999999899,-2.25,0.0,27.450000000000003,-2.708,-18.150000000000006,0.0,-11.249999999999986,-0.027000000000001023,-3.0500000000000114,0.0,0.0,0.07000000000000028,4.549999999999997,0.0,5.25,0.02800000000000047,78.00000000000001,0.0,121.64999999999998,0.2159999999999993,176.8,0.0,25.30000000000001,4.275,25.400000000000034,2.377,-8.450000000000045,1.3570000000000002,-21.0,-11.930999999999997,-13.797285714285715,-10.405,466.0333333333333,3966.291,3871.166,3841.146,3881.0766000000003,3.6169999999997344,3969.908
1.33,-11.196,-11.446,-11.041,-11.142,-11.142,-13.831,-13.831,-13.865,-13.865,-13.779,-13.779,-13.741,-13.741,-13.528,-13.528,-9.891,-7.246,-5.788,115.65,100.85,93.8,90.4,116.8,101.05,89.1,86.0,85.5,90.1,102.7,198.7,271.9,448.25,501.65,529.0999999999999,531.4000000000001,493.35,-13.949,-14.08,167.2,149.2,-0.25,-14.800000000000011,0.40499999999999936,-7.049999999999997,-0.10099999999999909,-3.3999999999999915,0.0,26.39999999999999,-2.689,-15.75,0.0,-11.950000000000003,-0.034000000000000696,-3.0999999999999943,0.0,-0.5,0.0860000000000003,4.599999999999994,0.0,12.600000000000009,0.038000000000000256,95.99999999999999,0.0,73.19999999999999,0.2129999999999992,176.35000000000002,0.0,53.39999999999998,3.6370000000000005,27.449999999999932,2.6449999999999996,2.300000000000182,1.4580000000000002,-38.05000000000007,-12.02111111111111,-13.813,-10.620333333333333,462.60833333333335,3969.908,3966.291,3799.19,3938.1512000000002,114.6550000000002,4084.563
1.33,-11.141,-11.454,-11.045,-11.122,-11.122,-13.854,-13.854,-13.865,-13.865,-13.789,-13.789,-13.739,-13.739,-13.566,-13.566,-9.856,-7.413,-5.862,115.3,100.25,94.2,89.8,119.8,100.9,88.9,86.15,85.0,89.6,105.8,218.0,277.7,414.25,502.9,528.55,519.8,491.3,-13.956,-14.094,165.7,150.7,-0.3130000000000006,-15.049999999999997,0.4090000000000007,-6.049999999999997,-0.07699999999999996,-4.400000000000006,0.0,30.0,-2.7319999999999993,-18.89999999999999,0.0,-12.0,-0.011000000000001009,-2.75,0.0,-1.1500000000000057,0.07600000000000051,4.599999999999994,0.0,16.200000000000003,0.049999999999998934,112.2,0.0,59.69999999999999,0.17300000000000004,136.55,0.0,88.64999999999998,3.710000000000001,25.649999999999977,2.4429999999999996,-8.75,1.5510000000000002,-28.499999999999943,-12.03561111111111,-13.82214285714286,-10.667,455.75,4084.563,3969.908,3798.828,4000.6512000000002,26.765000000000327,4111.328
1.33,-11.103,-11.454,-11.058,-11.116,-11.116,-13.865,-13.865,-13.881,-13.881,-13.795,-13.795,-13.754,-13.754,-13.586,-13.586,-9.414,-7.338,-5.876,115.35,100.05,94.25,90.35,123.25,100.2,88.94999999999999,86.3,84.80000000000001,89.15,103.2,208.7,307.15,395.25,494.2000000000001,527.55,518.45,489.95,-13.961,-14.111,164.7,153.6,-0.35100000000000087,-15.299999999999997,0.3960000000000008,-5.799999999999997,-0.05799999999999983,-3.9000000000000057,0.0,32.900000000000006,-2.7490000000000006,-23.049999999999997,0.0,-11.250000000000014,-0.016000000000000014,-2.6499999999999915,0.0,-1.4999999999999858,0.0860000000000003,4.349999999999994,0.0,14.049999999999997,0.04100000000000037,105.49999999999999,0.0,98.44999999999999,0.16799999999999926,88.10000000000002,0.0,98.9500000000001,4.172000000000001,33.34999999999985,2.0759999999999996,-9.099999999999909,1.4619999999999997,-28.500000000000057,-12.013166666666667,-13.833714285714288,-10.592333333333334,455.425,4111.328,4084.563,3871.166,4050.7814,10.488999999999578,4121.817
1.33,-11.073,-11.387,-11.064,-11.191,-11.191,-13.855,-13.855,-13.887,-13.887,-13.749,-13.749,-13.706,-13.706,-13.526,-13.526,-11.313,-11.002,-8.606,115.55,100.1,93.75,90.75,124.15,99.6,89.0,86.2,84.94999999999999,88.94999999999999,101.7,197.6,348.9,396.9,487.7,516.6,514.8,490.75,-13.967,-14.096,164.1,156.3,-0.31400000000000006,-15.450000000000003,0.3230000000000004,-6.349999999999994,-0.12700000000000067,-3.0,0.0,33.400000000000006,-2.6639999999999997,-24.55000000000001,0.0,-10.599999999999994,-0.03200000000000003,-2.799999999999997,0.0,-1.2500000000000142,0.1379999999999999,4.0,0.0,12.750000000000014,0.04300000000000104,95.89999999999999,0.0,151.29999999999998,0.17999999999999972,48.0,0.0,90.80000000000001,2.212999999999999,28.900000000000034,0.31099999999999994,-1.8000000000000682,2.396000000000001,-24.049999999999955,-12.45961111111111,-13.81257142857143,-11.9465,459.2749999999999,4121.817,4111.328,3966.291,4085.7928,19.53099999999995,4141.348
1.33,-11.13,-11.39,-11.096,-11.208,-11.208,-13.835,-13.835,-13.851,-13.851,-13.742,-13.742,-13.708,-13.708,-13.541,-13.541,-9.415,-7.062,-5.372,116.05,100.2,93.35,91.0,124.3,100.05,89.19999999999999,86.15,85.19999999999999,88.7,99.3,206.5,347.15,429.1,476.35,510.1,506.9500000000001,491.75,-13.937,-14.068,164.0,158.4,-0.2599999999999998,-15.849999999999994,0.2940000000000005,-6.8500000000000085,-0.1120000000000001,-2.3499999999999943,0.0,33.3,-2.6270000000000007,-24.25,0.0,-10.850000000000009,-0.016000000000000014,-3.049999999999983,0.0,-0.950000000000017,0.10899999999999999,3.500000000000014,0.0,10.599999999999994,0.034000000000000696,107.2,0.0,140.64999999999998,0.16699999999999982,81.95000000000005,0.0,47.25,4.126000000000001,33.75,2.352999999999999,-3.1499999999999204,1.6900000000000004,-15.200000000000102,-11.957500000000001,-13.794857142857143,-10.439833333333334,460.23333333333335,4141.348,4121.817,3969.908,4119.2852,-3.9780000000000655,4137.37
1.33,-11.099,-11.411,-11.06,-11.174,-11.174,-13.827,-13.827,-13.836,-13.836,-13.744,-13.744,-13.699,-13.699,-13.548,-13.548,-9.257,-6.793,-5.448,116.95,100.65,93.2,91.2,123.95,101.1,89.69999999999999,86.1,85.65,88.85,97.05,204.55,331.7,454.1,468.3,496.45,508.55,488.55,-13.932,-14.067,164.3,158.9,-0.3119999999999994,-16.299999999999997,0.3509999999999991,-7.450000000000003,-0.11399999999999899,-2.0,0.0,32.75,-2.6530000000000005,-22.85000000000001,0.0,-11.400000000000006,-0.009000000000000341,-3.5999999999999943,0.0,-0.44999999999998863,0.09200000000000053,3.1999999999999886,0.0,8.200000000000003,0.04499999999999993,107.50000000000001,0.0,127.14999999999998,0.1509999999999998,122.40000000000003,0.0,14.199999999999989,4.291,28.149999999999977,2.4639999999999995,12.100000000000023,1.3449999999999998,-20.0,-11.929111111111114,-13.787571428571427,-10.382166666666667,457.94166666666666,4137.37,4141.348,4084.563,4105.4686,-121.88999999999987,4015.48
1.33,-11.119,-11.454,-11.088,-11.206,-11.206,-13.819,-13.819,-13.827,-13.827,-13.749,-13.749,-13.737,-13.737,-13.581,-13.581,-9.758,-7.092,-5.658,117.45,101.1,93.0,90.75,125.1,101.05,89.65,86.05,85.94999999999999,89.55,96.8,203.9,345.4,463.4,470.05,497.35,507.7000000000001,484.0,-13.94,-14.071,164.1,157.4,-0.33500000000000085,-16.35000000000001,0.36600000000000144,-8.099999999999994,-0.11800000000000033,-2.25,0.0,34.349999999999994,-2.6130000000000013,-24.049999999999997,0.0,-11.399999999999991,-0.007999999999999119,-3.6000000000000085,0.0,-0.10000000000000853,0.0779999999999994,3.6000000000000085,0.0,7.25,0.012000000000000455,107.10000000000001,0.0,141.49999999999997,0.15600000000000058,118.0,0.0,6.650000000000034,3.8230000000000004,27.30000000000001,2.6659999999999995,10.35000000000008,1.4339999999999993,-23.700000000000102,-12.000388888888887,-13.789571428571426,-10.567833333333333,461.31666666666666,4015.48,4137.37,4111.328,4097.9456,58.233000000000175,4073.713
1.33,-11.101,-11.387,-11.127,-11.242,-11.242,-13.83,-13.83,-13.855,-13.855,-13.776,-13.776,-13.739,-13.739,-13.533,-13.533,-9.878,-7.936,-6.194,117.4,101.45,92.9,90.45,126.35,100.9,89.1,86.25,86.05,90.25,97.1,198.65,348.4,464.75,486.5,507.9,508.15,486.1,-13.982,-14.094,164.4,156.2,-0.2859999999999996,-15.950000000000003,0.2599999999999998,-8.549999999999997,-0.11500000000000021,-2.450000000000003,0.0,35.89999999999999,-2.587999999999999,-25.44999999999999,0.0,-11.800000000000011,-0.025000000000000355,-2.8499999999999943,0.0,-0.20000000000000284,0.07900000000000063,4.200000000000003,0.0,6.849999999999994,0.036999999999999034,101.55000000000001,0.0,149.74999999999997,0.2060000000000013,116.35000000000002,0.0,21.75,3.6549999999999994,21.399999999999977,1.9420000000000002,0.25,1.742,-22.049999999999955,-12.087388888888889,-13.808714285714286,-10.802166666666666,466.9666666666667,4073.713,4015.48,4121.817,4072.8443999999995,-77.40200000000004,3996.311
1.33,-11.041,-11.351,-11.124,-11.246,-11.246,-13.841,-13.841,-13.866,-13.866,-13.781,-13.781,-13.747,-13.747,-13.545,-13.545,-12.805,-12.438,-9.387,117.6,101.55,93.05,90.2,125.8,100.15,88.55,86.65,85.95,91.15,98.95,185.2,352.5,473.2,503.7,524.25,522.55,482.25,-13.974,-14.081,164.8,154.9,-0.3100000000000005,-16.049999999999997,0.2270000000000003,-8.5,-0.12199999999999989,-2.8499999999999943,0.0,35.599999999999994,-2.594999999999999,-25.64999999999999,0.0,-11.600000000000009,-0.025000000000000355,-1.8999999999999915,0.0,-0.7000000000000028,0.08499999999999908,5.200000000000003,0.0,7.799999999999997,0.034000000000000696,86.24999999999999,0.0,167.3,0.20199999999999996,120.69999999999999,0.0,30.5,0.7400000000000002,20.55000000000001,0.3669999999999991,-1.7000000000000455,3.051,-40.299999999999955,-12.677666666666665,-13.81757142857143,-12.577833333333333,476.4083333333333,3996.311,4073.713,4141.348,4051.4324,37.97699999999986,4034.288
1.33,-11.066,-11.345,-11.125,-11.217,-11.217,-13.858,-13.858,-13.868,-13.868,-13.794,-13.794,-13.753,-13.753,-13.544,-13.544,-12.68,-12.31,-9.117,117.7,101.6,93.15,90.05000000000001,125.0,99.5,88.15,86.6,85.7,91.15,104.3,179.55,339.5,480.05,511.5,530.3,532.5999999999999,481.4500000000001,-13.978,-14.097,165.3,154.4,-0.2789999999999999,-16.10000000000001,0.22000000000000064,-8.449999999999989,-0.09200000000000053,-3.0999999999999943,0.0,34.94999999999999,-2.641,-25.5,0.0,-11.349999999999994,-0.009999999999999787,-1.5500000000000114,0.0,-0.8999999999999915,0.07399999999999984,5.450000000000003,0.0,13.149999999999991,0.04100000000000037,75.25000000000001,0.0,159.95,0.20899999999999963,140.55,0.0,31.44999999999999,0.8640000000000008,18.799999999999955,0.3699999999999992,2.2999999999999545,3.1929999999999996,-51.14999999999981,-12.650611111111111,-13.82757142857143,-12.491333333333335,479.23333333333335,4034.288,3996.311,4137.37,4017.2165999999997,-67.99699999999984,3966.291
1.33,-11.137,-11.362,-11.12,-11.227,-11.227,-13.85,-13.85,-13.892,-13.892,-13.815,-13.815,-13.787,-13.787,-13.572,-13.572,-10.138,-9.273,-7.114,117.0,101.6,93.3,89.94999999999999,122.05,99.45,88.25,86.05,85.5,91.0,108.55,181.6,319.8,481.05,513.25,529.1,533.05,489.05,-13.986,-14.092,165.0,154.4,-0.22499999999999964,-15.400000000000006,0.24200000000000088,-8.299999999999997,-0.1070000000000011,-3.3500000000000085,0.0,32.10000000000001,-2.6229999999999993,-22.599999999999994,0.0,-11.200000000000003,-0.041999999999999815,-2.200000000000003,0.0,-0.5499999999999972,0.07699999999999996,5.5,0.0,17.549999999999997,0.027999999999998693,73.05,0.0,138.20000000000002,0.21500000000000163,161.25,0.0,32.19999999999999,3.4339999999999993,15.850000000000023,0.8650000000000002,3.949999999999932,2.159,-43.99999999999994,-12.246111111111112,-13.843,-11.242666666666667,477.55,3966.291,4034.288,4015.48,3992.8388,-72.70000000000027,3893.591
1.33,-11.033,-11.36,-11.176,-11.276,-11.276,-13.88,-13.88,-13.909,-13.909,-13.808,-13.808,-13.789,-13.789,-13.574,-13.574,-7.849,-6.277,-4.801,116.0,102.0,93.45,89.9,122.85,98.9,88.65,85.6,85.25,90.6,108.35,177.15,311.45,474.85,513.8,528.9000000000001,540.15,497.75,-13.999,-14.105,164.3,154.3,-0.32699999999999996,-14.0,0.18399999999999928,-8.549999999999997,-0.09999999999999964,-3.549999999999997,0.0,32.94999999999999,-2.604000000000001,-23.94999999999999,0.0,-10.25,-0.028999999999999915,-3.0500000000000114,0.0,-0.3499999999999943,0.10100000000000087,5.349999999999994,0.0,17.75,0.019000000000000128,68.80000000000001,0.0,134.29999999999998,0.21499999999999986,163.40000000000003,0.0,38.94999999999993,5.725,15.100000000000136,1.572,11.249999999999886,1.476,-42.39999999999998,-11.831555555555553,-13.854714285714284,-9.977333333333334,477.81666666666666,3893.591,3966.291,4073.713,3966.8694000000005,50.27500000000009,3943.866
1.33,-10.99,-11.279,-11.11,-11.185,-11.185,-13.887,-13.887,-13.9,-13.9,-13.823,-13.823,-13.772,-13.772,-13.573,-13.573,-12.966,-11.47,-7.766,116.55,102.2,93.65,90.0,124.6,98.6,88.9,85.15,85.19999999999999,89.85,106.3,174.10000000000002,304.70000000000005,463.55,512.5,531.2,525.45,498.4,-14.004,-14.134,163.1,154.0,-0.2889999999999997,-14.349999999999994,0.16900000000000048,-8.549999999999997,-0.07500000000000107,-3.6500000000000057,0.0,34.599999999999994,-2.702,-26.0,0.0,-9.699999999999989,-0.0129999999999999,-3.75,0.0,0.04999999999998295,0.07699999999999996,4.650000000000006,0.0,16.450000000000003,0.051000000000000156,67.80000000000003,0.0,130.60000000000002,0.19899999999999984,158.84999999999997,0.0,48.94999999999999,0.6070000000000011,18.700000000000045,1.4959999999999987,-5.75,3.7040000000000006,-27.050000000000068,-12.547833333333335,-13.856,-12.186666666666667,472.6333333333334,3943.866,3893.591,3996.311,3959.3462,14.829000000000178,3958.695
1.33,-10.937,-11.219,-11.021,-11.094,-11.094,-13.887,-13.887,-13.905,-13.905,-13.823,-13.823,-13.779,-13.779,-13.586,-13.586,-13.232,-13.067,-11.091,117.55,101.65,93.85,90.1,122.0,98.35,89.0,85.35,85.19999999999999,88.94999999999999,106.9,177.8,308.35,455.35,508.35,533.55,520.9,505.2,-14.0,-14.108,162.2,153.4,-0.28200000000000003,-15.899999999999991,0.19799999999999862,-7.800000000000011,-0.07299999999999862,-3.75,0.0,31.900000000000006,-2.793000000000001,-23.650000000000006,0.0,-9.349999999999994,-0.017999999999998906,-3.6500000000000057,0.0,-0.15000000000000568,0.08199999999999896,3.75,0.0,17.950000000000017,0.04400000000000048,70.9,0.0,130.55,0.19299999999999962,147.0,0.0,53.0,0.354000000000001,25.199999999999932,0.16499999999999915,-12.649999999999977,1.9760000000000009,-15.699999999999989,-12.817500000000003,-13.858428571428574,-13.056833333333332,471.95,3958.695,3943.866,4034.288,3961.8779999999997,88.25199999999995,4046.947
1.33,-10.994,-11.249,-10.989,-11.096,-11.096,-13.881,-13.881,-13.912,-13.912,-13.82,-13.82,-13.789,-13.789,-13.59,-13.59,-13.203,-13.046,-11.224,118.4,101.0,93.95,90.25,121.3,98.2,88.9,85.5,85.25,88.35,110.65,190.25,305.04999999999995,453.1,505.35,531.7,521.5,509.4,-14.012,-14.106,161.4,153.0,-0.2550000000000008,-17.400000000000006,0.2599999999999998,-7.049999999999997,-0.10699999999999932,-3.700000000000003,0.0,31.049999999999997,-2.785,-23.099999999999994,0.0,-9.299999999999997,-0.031000000000000583,-3.4000000000000057,0.0,-0.25,0.09200000000000053,3.0999999999999943,0.0,22.30000000000001,0.031000000000000583,79.6,0.0,114.79999999999995,0.19899999999999984,148.05000000000007,0.0,52.25,0.38700000000000045,26.350000000000023,0.15700000000000003,-10.200000000000045,1.8219999999999992,-12.100000000000023,-12.826722222222221,-13.859285714285715,-13.073666666666666,471.01666666666665,4046.947,3958.695,3966.291,3980.9752,14.829999999999927,4061.777
1.33,-11.041,-11.245,-10.986,-11.052,-11.052,-13.901,-13.901,-13.913,-13.913,-13.837,-13.837,-13.809,-13.809,-13.624,-13.624,-13.188,-13.006,-11.166,118.75,101.15,94.1,90.65,120.2,97.85,88.65,85.65,85.15,88.0,111.75,193.0,294.65,456.9500000000001,502.85,530.3,520.95,512.9,-14.021,-14.122,160.7,152.9,-0.20399999999999885,-17.599999999999994,0.25899999999999856,-7.050000000000011,-0.06599999999999895,-3.4499999999999886,0.0,29.549999999999997,-2.849,-22.35000000000001,0.0,-9.199999999999989,-0.012000000000000455,-3.0,0.0,-0.5,0.07600000000000051,2.8499999999999943,0.0,23.75,0.02800000000000047,81.25,0.0,101.64999999999998,0.18499999999999872,162.30000000000013,0.0,45.89999999999992,0.43599999999999994,27.449999999999932,0.18200000000000038,-9.349999999999909,1.8399999999999999,-8.050000000000068,-12.827999999999998,-13.873000000000001,-13.0695,469.7666666666667,4061.777,4046.947,3893.591,4021.9184,36.529999999999745,4098.307
1.33,-11.075,-11.294,-10.938,-11.019,-11.019,-13.898,-13.898,-13.92,-13.92,-13.832,-13.832,-13.804,-13.804,-13.607,-13.607,-12.592,-11.747,-10.959,118.9,101.75,94.25,90.75,120.05,97.55,88.35,85.80000000000001,85.25,88.05000000000001,116.0,186.4,316.3,453.6,500.7,528.7,521.6,513.85,-14.031,-14.132,160.2,152.7,-0.2190000000000012,-17.150000000000006,0.35599999999999987,-7.5,-0.08099999999999952,-3.5,0.0,29.299999999999997,-2.8789999999999996,-22.5,0.0,-9.200000000000003,-0.02200000000000024,-2.549999999999983,0.0,-0.5500000000000114,0.08799999999999919,2.8000000000000114,0.0,27.94999999999999,0.02800000000000047,70.4,0.0,129.9,0.19700000000000095,137.3,0.0,47.099999999999966,1.0149999999999988,28.000000000000057,0.8450000000000006,-7.100000000000023,0.7880000000000003,-7.75,-12.709166666666667,-13.872000000000002,-12.719333333333333,472.4583333333333,4098.307,4061.777,3943.866,4044.0538,-43.76399999999967,4054.543
1.33,-11.118,-11.337,-10.88,-10.966,-10.966,-13.897,-13.897,-13.933,-13.933,-13.83,-13.83,-13.798,-13.798,-13.608,-13.608,-10.771,-9.859,-9.774,118.75,102.25,93.75,90.75,120.25,97.65,88.2,85.75,85.45,88.6,121.15,194.15,336.4,450.3,500.4,530.3,520.4,517.1,-14.031,-14.12,160.2,153.7,-0.21899999999999942,-16.5,0.45699999999999896,-8.5,-0.08599999999999852,-3.0,0.0,29.5,-2.931000000000001,-22.599999999999994,0.0,-9.450000000000003,-0.03599999999999959,-2.450000000000003,0.0,-0.29999999999999716,0.10299999999999976,3.1499999999999915,0.0,32.55000000000001,0.03200000000000003,73.0,0.0,142.24999999999997,0.1899999999999995,113.90000000000003,0.0,50.099999999999966,2.8369999999999997,29.899999999999977,0.9120000000000008,-9.899999999999977,0.08500000000000085,-3.2999999999999545,-12.433500000000002,-13.874,-11.902999999999999,475.8166666666666,4054.543,4098.307,3958.695,4063.2234,0.0,4054.543
1.33,-11.145,-11.334,-10.869,-10.985,-10.985,-13.899,-13.899,-13.928,-13.928,-13.845,-13.845,-13.817,-13.817,-13.603,-13.603,-10.717,-10.012,-9.971,118.7,102.75,93.45,90.9,117.8,97.8,88.05,85.6,85.5,88.44999999999999,132.14999999999998,212.9,330.4,463.15,497.05,532.2,522.5,516.0,-14.033,-14.099,160.5,155.3,-0.18900000000000006,-15.950000000000003,0.46499999999999986,-9.299999999999997,-0.11599999999999966,-2.549999999999997,0.0,26.89999999999999,-2.9139999999999997,-20.0,0.0,-9.75,-0.02900000000000169,-2.450000000000003,0.0,-0.09999999999999432,0.08300000000000018,2.9499999999999886,0.0,43.69999999999999,0.02800000000000047,80.75000000000003,0.0,117.49999999999997,0.2140000000000004,132.75,0.0,33.900000000000034,2.8859999999999992,35.150000000000034,0.7050000000000001,-9.700000000000045,0.04100000000000037,-6.5,-12.45566666666667,-13.880142857142857,-11.953833333333334,476.8833333333334,4054.543,4054.543,4046.947,4069.9508,26.040999999999713,4080.584
1.33,-11.258,-11.43,-10.867,-10.951,-10.951,-13.91,-13.91,-13.929,-13.929,-13.843,-13.843,-13.793,-13.793,-13.584,-13.584,-10.75,-9.929,-9.844,119.15,102.7,93.85,90.95,116.1,97.95,87.9,85.5,85.7,88.65,155.14999999999998,227.65,338.29999999999995,473.15,494.85,529.0,520.65,519.3,-14.037,-14.127,160.9,157.7,-0.1720000000000006,-16.450000000000003,0.5629999999999988,-8.850000000000009,-0.08399999999999963,-2.8999999999999915,0.0,25.14999999999999,-2.9589999999999996,-18.14999999999999,0.0,-10.049999999999997,-0.019000000000000128,-2.4000000000000057,0.0,0.20000000000000284,0.0860000000000003,2.950000000000003,0.0,66.49999999999997,0.05000000000000071,72.50000000000003,0.0,110.64999999999995,0.20899999999999963,134.85000000000002,0.0,21.700000000000045,2.8339999999999996,34.14999999999998,0.8209999999999997,-8.350000000000023,0.08500000000000085,-1.3500000000000227,-12.44988888888889,-13.87957142857143,-11.914,479.2083333333333,4080.584,4054.543,4061.777,4055.3383999999996,-91.86899999999969,3988.715
1.33,-11.356,-11.548,-10.837,-10.91,-10.91,-13.902,-13.902,-13.923,-13.923,-13.843,-13.843,-13.789,-13.789,-13.598,-13.598,-11.357,-11.101,-10.36,119.65,102.8,94.1,90.6,118.3,97.85,88.05,85.3,85.9,89.55000000000001,160.75,211.95,355.54999999999995,472.6,493.8,526.05,518.35,524.6,-14.037,-14.154,161.3,159.4,-0.19200000000000017,-16.85000000000001,0.7110000000000003,-8.700000000000003,-0.0730000000000004,-3.5,0.0,27.700000000000003,-2.991999999999999,-20.450000000000003,0.0,-9.799999999999997,-0.021000000000000796,-2.75,0.0,0.6000000000000085,0.08000000000000007,3.6500000000000057,0.0,71.19999999999999,0.05400000000000027,51.19999999999999,0.0,143.59999999999997,0.19099999999999895,117.05000000000007,0.0,21.19999999999999,2.2410000000000014,32.24999999999994,0.25599999999999845,-7.699999999999932,0.7410000000000014,6.25,-12.582722222222221,-13.875,-12.3005,481.825,3988.715,4080.584,4098.307,4037.3263999999995,19.531999999999698,4008.247
1.33,-11.313,-11.555,-10.804,-10.913,-10.913,-13.895,-13.895,-13.935,-13.935,-13.82,-13.82,-13.789,-13.789,-13.622,-13.622,-9.748,-7.859,-6.74,119.85,103.0,94.45,90.2,123.5,97.55,88.1,85.1,85.75,91.25,157.0,199.7,385.25,475.3,491.85,519.25,512.8,523.0999999999999,-14.041,-14.149,162.0,159.5,-0.2419999999999991,-16.849999999999994,0.7509999999999994,-8.549999999999997,-0.10899999999999999,-4.25,0.0,33.3,-2.9819999999999993,-25.950000000000003,0.0,-9.450000000000003,-0.040000000000000924,-3.0,0.0,0.6500000000000057,0.11500000000000021,5.5,0.0,65.75,0.031000000000000583,42.69999999999999,0.0,185.55,0.16699999999999982,90.05000000000001,0.0,16.55000000000001,3.8740000000000006,27.399999999999977,1.8889999999999993,-6.4500000000000455,1.1189999999999998,10.299999999999955,-12.109277777777779,-13.869857142857144,-10.896666666666667,484.59166666666664,4008.247,3988.715,4054.543,4031.1053999999995,15.191000000000258,4023.438
1.33,-11.185,-11.498,-10.788,-10.895,-10.895,-13.881,-13.881,-13.921,-13.921,-13.828,-13.828,-13.792,-13.792,-13.628,-13.628,-11.339,-9.771,-8.134,120.8,103.3,94.55,90.5,129.6,97.05,88.15,85.1,85.5,91.4,169.55,224.4,371.2000000000001,481.2000000000001,493.35,515.8499999999999,506.4,510.6,-14.03,-14.122,163.2,159.4,-0.31299999999999883,-17.5,0.7099999999999991,-8.75,-0.10699999999999932,-4.049999999999997,0.0,39.099999999999994,-2.9860000000000007,-32.55,0.0,-8.899999999999991,-0.03999999999999915,-3.0500000000000114,0.0,0.4000000000000057,0.09299999999999997,5.900000000000006,0.0,78.15,0.03599999999999959,54.849999999999994,0.0,146.8000000000001,0.1639999999999997,110.0,0.0,12.14999999999992,2.2889999999999997,22.499999999999886,1.5679999999999996,-9.449999999999932,1.6370000000000005,4.2000000000000455,-12.366944444444446,-13.864571428571429,-11.715333333333334,479.76666666666665,4023.438,4008.247,4054.543,4004.1956,-103.44399999999996,3919.994
1.33,-11.029,-11.353,-10.811,-10.874,-10.874,-13.89,-13.89,-13.912,-13.912,-13.824,-13.824,-13.779,-13.779,-13.628,-13.628,-11.08,-9.585,-7.478,121.4,103.65,94.65,90.75,135.95,96.45,88.4,85.25,85.5,90.45,154.75,235.1,348.65,502.3,499.95,528.35,524.25,502.05,-14.025,-14.128,165.4,159.5,-0.32399999999999984,-17.75,0.5419999999999998,-9.0,-0.06300000000000061,-3.9000000000000057,0.0,45.19999999999999,-3.016,-39.499999999999986,0.0,-8.049999999999997,-0.02200000000000024,-3.1500000000000057,0.0,0.25,0.08800000000000097,4.950000000000003,0.0,64.3,0.04499999999999993,80.35,0.0,113.54999999999998,0.1509999999999998,153.65000000000003,0.0,-2.3500000000000227,2.548,28.400000000000034,1.4949999999999992,-4.100000000000023,2.107000000000001,-22.19999999999999,-12.286111111111113,-13.861571428571427,-11.529666666666666,484.2583333333334,3919.994,4023.438,4080.584,3968.3160000000003,-18.807999999999993,3901.186
1.33,-10.94,-11.294,-10.934,-10.999,-10.999,-13.878,-13.878,-13.911,-13.911,-13.802,-13.802,-13.767,-13.767,-13.611,-13.611,-11.137,-9.229,-7.358,121.8,103.9,94.75,91.0,139.15,96.0,88.7,85.35,85.5,89.44999999999999,136.0,233.9,364.85,510.85,514.9,535.4000000000001,524.7,502.45,-14.014,-14.11,167.4,159.4,-0.354000000000001,-17.89999999999999,0.3600000000000012,-9.150000000000006,-0.06500000000000128,-3.75,0.0,48.150000000000006,-2.8789999999999996,-43.150000000000006,0.0,-7.299999999999997,-0.032999999999999474,-3.3500000000000085,0.0,0.15000000000000568,0.10899999999999999,3.9499999999999886,0.0,46.55000000000001,0.03500000000000014,97.9,0.0,130.95000000000002,0.1559999999999988,146.0,0.0,4.0499999999999545,2.474,20.500000000000114,1.9080000000000013,-10.700000000000045,1.8709999999999996,-22.250000000000057,-12.26822222222222,-13.849857142857141,-11.452166666666669,492.1916666666666,3901.186,3919.994,3988.715,3937.2830000000004,-67.63599999999997,3833.55
1.33,-10.944,-11.27,-10.975,-11.051,-11.051,-13.871,-13.871,-13.894,-13.894,-13.795,-13.795,-13.769,-13.769,-13.609,-13.609,-11.284,-8.963,-7.139,121.55,104.5,94.95,91.0,136.5,96.1,88.9,85.45,85.6,88.6,121.65,232.2,397.15,498.5,527.95,530.85,522.3,501.5,-13.999,-14.082,169.4,159.3,-0.32599999999999874,-17.049999999999997,0.29499999999999993,-9.549999999999997,-0.07600000000000051,-3.950000000000003,0.0,45.5,-2.8200000000000003,-40.400000000000006,0.0,-7.199999999999989,-0.022999999999999687,-3.450000000000003,0.0,0.14999999999999147,0.0990000000000002,3.0,0.0,33.05000000000001,0.0259999999999998,110.54999999999998,0.0,164.95,0.16000000000000014,101.35000000000002,0.0,29.450000000000045,2.3249999999999993,2.8999999999999773,2.3210000000000015,-8.550000000000068,1.823999999999999,-20.799999999999955,-12.252944444444445,-13.841285714285716,-11.3955,496.375,3833.55,3901.186,4008.247,3890.6972,-58.23199999999997,3775.318
1.33,-10.841,-11.228,-11.017,-11.033,-11.033,-13.858,-13.858,-13.881,-13.881,-13.776,-13.776,-13.744,-13.744,-13.573,-13.573,-13.108,-12.849,-10.851,120.0,104.75,95.35,91.3,131.8,96.25,88.9,85.65,85.5,88.0,116.05,206.5,396.25,500.8,534.15,531.35,521.4,497.6,-13.995,-14.085,171.2,159.3,-0.38700000000000045,-15.25,0.2110000000000003,-9.400000000000006,-0.016000000000000014,-4.049999999999997,0.0,40.500000000000014,-2.825000000000001,-35.55000000000001,0.0,-7.349999999999994,-0.022999999999999687,-3.25,0.0,-0.15000000000000568,0.10500000000000043,2.5,0.0,28.049999999999997,0.03200000000000003,90.45,0.0,189.75,0.17099999999999937,104.55000000000001,0.0,33.349999999999966,0.46499999999999986,-2.7999999999999545,0.25900000000000034,-9.950000000000045,1.9979999999999993,-23.799999999999955,-12.75688888888889,-13.824857142857143,-12.949666666666667,496.92499999999995,3775.318,3833.55,4023.438,3829.9332000000004,-55.70000000000027,3719.618
1.33,-10.943,-11.252,-10.975,-11.092,-11.092,-13.854,-13.854,-13.88,-13.88,-13.779,-13.779,-13.732,-13.732,-13.578,-13.578,-13.203,-13.044,-10.992,118.3,104.75,95.2,91.3,131.2,96.35,88.94999999999999,85.9,85.65,88.25,117.35,202.85,401.55,515.75,532.05,532.0,522.8,496.5,-13.97,-14.075,172.3,159.5,-0.30900000000000105,-13.549999999999997,0.277000000000001,-9.549999999999997,-0.11700000000000088,-3.9000000000000057,0.0,39.89999999999999,-2.7619999999999987,-34.849999999999994,0.0,-7.400000000000006,-0.026000000000001577,-3.049999999999983,0.0,-0.25,0.10100000000000087,2.5999999999999943,0.0,29.099999999999994,0.0470000000000006,85.5,0.0,198.70000000000002,0.15399999999999991,114.19999999999999,0.0,16.299999999999955,0.375,-0.049999999999954525,0.15899999999999892,-9.200000000000045,2.0519999999999996,-26.299999999999955,-12.791055555555555,-13.822571428571427,-13.021166666666666,500.1083333333333,3719.618,3775.318,3919.994,3771.556600000001,-91.50700000000006,3628.111
1.33,-11.071,-11.306,-11.034,-11.145,-11.145,-13.824,-13.824,-13.869,-13.869,-13.771,-13.771,-13.735,-13.735,-13.589,-13.589,-13.227,-13.059,-11.03,116.5,104.65,95.4,91.65,134.95,96.75,88.9,86.0,85.80000000000001,89.5,114.5,208.45,371.0,524.7,530.85,529.1,520.95,496.65,-13.965,-14.074,172.7,160.2,-0.23499999999999943,-11.849999999999994,0.27199999999999847,-9.25,-0.11099999999999888,-3.75,0.0,43.29999999999998,-2.6790000000000003,-38.19999999999999,0.0,-7.849999999999994,-0.04499999999999993,-2.9000000000000057,0.0,-0.19999999999998863,0.09799999999999898,3.6999999999999886,0.0,25.0,0.036000000000001364,93.94999999999999,0.0,162.55,0.14599999999999902,153.70000000000005,0.0,6.149999999999977,0.3620000000000001,-1.75,0.16800000000000104,-8.149999999999977,2.029,-24.300000000000068,-12.810722222222221,-13.809,-13.038166666666667,495.54166666666674,3628.111,3719.618,3901.186,3707.7546,-45.934999999999945,3582.176
1.33,-11.096,-11.386,-11.032,-11.145,-11.145,-13.846,-13.846,-13.866,-13.866,-13.769,-13.769,-13.739,-13.739,-13.585,-13.585,-13.237,-13.022,-11.091,115.9,103.45,96.0,91.9,139.55,96.85,88.4,86.1,85.85,89.80000000000001,122.25,217.35,347.20000000000005,522.0,533.55,526.6500000000001,519.05,497.75,-13.968,-14.072,172.6,160.1,-0.28999999999999915,-12.450000000000003,0.3539999999999992,-7.450000000000003,-0.11299999999999955,-4.099999999999994,0.0,47.650000000000006,-2.7010000000000005,-42.70000000000002,0.0,-8.449999999999989,-0.019999999999999574,-2.3000000000000114,0.0,-0.25,0.09699999999999953,3.950000000000017,0.0,32.44999999999999,0.02999999999999936,95.1,0.0,129.85000000000005,0.15399999999999991,174.79999999999995,0.0,11.549999999999955,0.34800000000000075,-6.899999999999864,0.21499999999999986,-7.600000000000136,1.931000000000001,-21.299999999999955,-12.820222222222222,-13.814428571428573,-13.043166666666666,491.0333333333333,3582.176,3628.111,3833.55,3652.7054000000003,-23.871999999999844,3558.304
1.33,-11.183,-11.444,-11.023,-11.129,-11.129,-13.845,-13.845,-13.854,-13.854,-13.789,-13.789,-13.785,-13.785,-13.548,-13.548,-13.238,-13.071,-11.044,117.2,102.3,96.1,92.0,136.95,96.9,88.25,86.2,86.0,89.45,137.0,213.95,356.4,522.5,539.05,526.0,517.5,497.05,-13.959,-14.063,172.5,160.2,-0.261000000000001,-14.900000000000006,0.42100000000000115,-6.200000000000003,-0.10599999999999987,-4.099999999999994,0.0,44.94999999999999,-2.716000000000001,-40.04999999999998,0.0,-8.650000000000006,-0.008999999999998565,-2.049999999999997,0.0,-0.20000000000000284,0.0649999999999995,3.450000000000003,0.0,47.55,0.0039999999999995595,76.94999999999999,0.0,142.45,0.2370000000000001,166.10000000000002,0.0,16.549999999999955,0.3100000000000005,-13.049999999999955,0.16699999999999982,-8.5,2.0269999999999992,-20.44999999999999,-12.827944444444444,-13.822999999999999,-13.039,493.0833333333333,3558.304,3582.176,3775.318,3607.2047999999995,-10.489000000000033,3547.815
1.33,-11.24,-11.504,-10.997,-11.136,-11.136,-13.856,-13.856,-13.874,-13.874,-13.809,-13.809,-13.77,-13.77,-13.544,-13.544,-13.208,-13.043,-11.084,119.3,101.1,96.1,92.05,134.2,97.05,88.5,86.0,85.80000000000001,88.9,134.75,201.7,376.9,497.6,537.0,531.35,518.35,495.95,-13.985,-14.098,172.7,159.8,-0.26399999999999935,-18.200000000000003,0.5069999999999997,-5.0,-0.13899999999999935,-4.049999999999997,0.0,42.14999999999999,-2.7200000000000006,-37.14999999999999,0.0,-8.549999999999997,-0.018000000000000682,-2.5,0.0,-0.19999999999998863,0.06500000000000128,3.0999999999999943,0.0,45.849999999999994,0.0389999999999997,66.94999999999999,0.0,175.2,0.2259999999999991,120.70000000000005,0.0,39.39999999999998,0.3360000000000003,-5.649999999999977,0.16500000000000092,-13.0,1.9589999999999996,-22.400000000000034,-12.836333333333336,-13.83542857142857,-13.032166666666669,492.8583333333333,3547.815,3558.304,3719.618,3578.2696000000005,27.126999999999953,3574.942
1.33,-11.09,-11.443,-11.02,-11.157,-11.157,-13.86,-13.86,-13.902,-13.902,-13.782,-13.782,-13.754,-13.754,-13.508,-13.508,-13.203,-13.032,-10.844,120.35,100.6,95.5,92.5,133.14999999999998,97.4,88.6,85.75,85.8,88.35,130.89999999999998,196.9,378.45,495.2000000000001,536.3,530.0,520.4,494.25,-13.98,-14.087,173.1,158.9,-0.35299999999999976,-19.75,0.42300000000000004,-5.099999999999994,-0.13700000000000045,-3.0,0.0,40.64999999999998,-2.7029999999999994,-35.74999999999997,0.0,-8.800000000000011,-0.041999999999999815,-2.8499999999999943,0.0,0.04999999999999716,0.11999999999999922,2.549999999999997,0.0,42.54999999999998,0.02800000000000047,66.00000000000003,0.0,181.54999999999998,0.24600000000000044,116.75000000000011,0.0,41.09999999999985,0.3049999999999997,-6.2999999999999545,0.17099999999999937,-9.600000000000023,2.1880000000000006,-26.149999999999977,-12.808777777777777,-13.834571428571428,-12.974833333333331,492.43333333333334,3574.942,3547.815,3628.111,3566.9123999999997,-3.617000000000189,3571.325
1.33,-10.963,-11.372,-11.042,-11.21,-11.21,-13.851,-13.851,-13.883,-13.883,-13.734,-13.734,-13.705,-13.705,-13.439,-13.439,-13.402,-13.197,-10.974,120.55,101.35,94.5,92.9,132.15,97.65,88.8,85.80000000000001,86.4,89.05,125.85,189.45,369.85,498.35,526.6500000000001,531.65,517.8,494.75,-13.967,-14.089,173.1,157.7,-0.4090000000000007,-19.200000000000003,0.33000000000000007,-6.849999999999994,-0.16800000000000104,-1.5999999999999943,0.0,39.25,-2.641,-34.5,0.0,-8.850000000000009,-0.03199999999999825,-2.999999999999986,0.0,0.5999999999999943,0.14899999999999913,2.6499999999999915,0.0,36.8,0.028999999999999915,63.599999999999994,0.0,180.40000000000003,0.266,128.5,0.0,28.300000000000068,0.03700000000000081,4.999999999999886,0.20500000000000007,-13.850000000000023,2.222999999999999,-23.049999999999955,-12.810777777777778,-13.80585714285714,-13.026000000000002,489.8416666666667,3571.325,3574.942,3582.176,3549.3342000000002,-77.03999999999996,3494.285
1.33,-10.9,-11.265,-11.088,-11.133,-11.133,-13.826,-13.826,-13.824,-13.824,-13.741,-13.741,-13.694,-13.694,-13.457,-13.457,-13.487,-13.305,-11.121,119.95,103.1,93.75,92.95,131.25,97.8,88.85,85.9,86.80000000000001,90.9,118.1,177.25,361.2000000000001,499.85,518.55,531.5,518.85,494.05,-13.929,-14.037,172.4,156.1,-0.3650000000000002,-16.85000000000001,0.17700000000000138,-9.349999999999994,-0.04499999999999993,-0.7999999999999972,0.0,38.3,-2.6930000000000014,-33.45,0.0,-8.950000000000003,0.002000000000000668,-2.9499999999999886,0.0,0.9000000000000057,0.08300000000000018,4.099999999999994,0.0,27.19999999999999,0.04699999999999882,59.150000000000006,0.0,183.9500000000001,0.2370000000000001,138.64999999999992,0.0,18.699999999999932,-0.02999999999999936,12.950000000000045,0.18200000000000038,-12.649999999999977,2.1839999999999993,-24.80000000000001,-12.806444444444443,-13.782285714285715,-13.086833333333333,487.3333333333334,3494.285,3571.325,3558.304,3547.2364000000002,53.5300000000002,3547.815
1.33,-10.996,-11.268,-11.066,-11.183,-11.183,-13.791,-13.791,-13.824,-13.824,-13.742,-13.742,-13.721,-13.721,-13.467,-13.467,-13.989,-13.818,-11.162,119.75,104.3,93.05,92.6,128.7,98.2,88.8,86.1,86.9,91.1,121.9,162.5,348.75,496.55,516.0,529.1,516.9,492.05,-13.923,-14.026,170.7,154.4,-0.27200000000000024,-15.450000000000003,0.20199999999999996,-11.25,-0.1169999999999991,-0.45000000000000284,0.0,36.099999999999994,-2.6080000000000005,-30.499999999999986,0.0,-9.400000000000006,-0.032999999999999474,-2.700000000000003,0.0,0.8000000000000114,0.08199999999999896,4.199999999999989,0.0,30.80000000000001,0.021000000000000796,40.599999999999994,0.0,186.25,0.25399999999999956,147.8,0.0,19.44999999999999,-0.5220000000000002,13.100000000000023,0.17100000000000115,-12.200000000000045,2.655999999999999,-24.849999999999966,-12.87527777777778,-13.776428571428571,-13.270666666666669,483.2250000000001,3547.815,3494.285,3547.815,3553.4576,31.105999999999767,3578.921
1.33,-11.08,-11.342,-11.096,-11.174,-11.174,-13.795,-13.795,-13.831,-13.831,-13.737,-13.737,-13.721,-13.721,-13.469,-13.469,-14.008,-13.762,-11.166,120.0,104.65,93.35,91.75,127.95,98.45,89.0,86.1,86.75,90.9,124.05,153.65,332.20000000000005,489.8,510.7000000000001,528.7,515.55,493.25,-13.939,-14.0,168.6,153.9,-0.26200000000000045,-15.349999999999994,0.24600000000000044,-11.300000000000011,-0.0779999999999994,-1.5999999999999943,0.0,36.2,-2.6210000000000004,-29.5,0.0,-9.450000000000003,-0.03599999999999959,-2.9000000000000057,0.0,0.6500000000000057,0.09399999999999942,4.150000000000006,0.0,33.14999999999999,0.016000000000000014,29.60000000000001,0.0,178.55000000000004,0.25200000000000067,157.59999999999997,0.0,20.90000000000009,-0.5389999999999997,17.999999999999943,0.24599999999999866,-13.150000000000091,2.596,-22.299999999999955,-12.883777777777778,-13.778142857142855,-13.265833333333333,478.3666666666666,3578.921,3547.815,3574.942,3552.7342000000003,-7.596000000000004,3571.325
1.33,-11.118,-11.427,-11.102,-11.221,-11.221,-13.811,-13.811,-13.817,-13.817,-13.744,-13.744,-13.683,-13.683,-13.472,-13.472,-14.045,-13.863,-11.136,120.2,104.3,94.4,91.05,127.25,98.25,89.25,86.15,86.3,90.55,131.15,151.25,316.9,483.15,506.7,529.25,513.95,490.1,-13.944,-14.045,166.5,153.7,-0.3089999999999993,-15.900000000000006,0.3249999999999993,-9.899999999999991,-0.11899999999999977,-3.3500000000000085,0.0,36.2,-2.59,-29.0,0.0,-9.0,-0.006000000000000227,-3.0999999999999943,0.0,0.14999999999999147,0.0730000000000004,4.25,0.0,40.60000000000001,0.06099999999999994,20.099999999999994,0.0,165.64999999999998,0.2110000000000003,166.25,0.0,23.55000000000001,-0.5730000000000004,22.55000000000001,0.18200000000000038,-15.299999999999955,2.7270000000000003,-23.850000000000023,-12.899277777777778,-13.775285714285713,-13.2785,473.34166666666664,3571.325,3578.921,3571.325,3539.5688,-65.82699999999977,3505.498
1.33,-11.038,-11.391,-11.103,-11.202,-11.202,-13.831,-13.831,-13.846,-13.846,-13.717,-13.717,-13.699,-13.699,-13.492,-13.492,-14.054,-13.894,-11.205,120.05,104.35,95.5,90.4,125.8,97.55,89.4,86.1,85.85,90.8,134.0,179.95,293.15,472.0,502.55,528.15,512.75,488.3,-13.944,-14.021,164.8,153.5,-0.35299999999999976,-15.700000000000003,0.28800000000000026,-8.849999999999994,-0.0990000000000002,-5.099999999999994,0.0,35.39999999999999,-2.6289999999999996,-28.25,0.0,-8.149999999999991,-0.015000000000000568,-3.3000000000000114,0.0,-0.25,0.12899999999999956,4.950000000000003,0.0,43.2,0.018000000000000682,45.94999999999999,0.0,113.19999999999999,0.20699999999999896,178.85000000000002,0.0,30.55000000000001,-0.5619999999999994,25.599999999999966,0.16000000000000014,-15.399999999999977,2.689,-24.44999999999999,-12.903277777777781,-13.783857142857142,-13.306000000000003,466.15000000000003,3505.498,3571.325,3494.285,3538.8455999999996,-14.829000000000178,3490.669
1.33,-10.937,-11.326,-11.11,-11.206,-11.206,-13.789,-13.789,-13.82,-13.82,-13.751,-13.751,-13.71,-13.71,-13.479,-13.479,-14.072,-13.854,-11.32,119.55,104.65,95.9,90.1,124.4,96.35,89.1,86.35,85.45,91.05,134.05,197.6,261.6,467.7,502.1,527.4,516.6,486.9,-13.939,-14.015,163.7,154.2,-0.3890000000000011,-14.899999999999991,0.21600000000000108,-8.75,-0.09600000000000009,-5.800000000000011,0.0,34.30000000000001,-2.583,-28.05000000000001,0.0,-7.25,-0.031000000000000583,-2.75,0.0,-0.8999999999999915,0.06900000000000084,5.599999999999994,0.0,43.000000000000014,0.04099999999999859,63.54999999999998,0.0,64.00000000000003,0.23100000000000165,206.09999999999997,0.0,34.400000000000034,-0.593,25.299999999999955,0.21799999999999997,-10.799999999999955,2.533999999999999,-29.700000000000045,-12.896055555555554,-13.775714285714287,-13.318999999999997,460.3833333333334,3490.669,3505.498,3547.815,3535.0118,37.97700000000032,3528.646
1.33,-10.866,-11.298,-11.099,-11.233,-11.233,-13.797,-13.797,-13.855,-13.855,-13.753,-13.753,-13.732,-13.732,-13.514,-13.514,-14.091,-13.902,-11.271,119.0,104.75,96.1,90.85,122.1,95.8,89.2,86.44999999999999,85.5,90.1,126.0,194.65,272.5,446.85,505.75,530.4,535.8,487.55,-13.946,-14.026,163.1,155.2,-0.4320000000000004,-14.25,0.19899999999999984,-8.650000000000006,-0.13400000000000034,-5.25,0.0,31.25,-2.564,-26.299999999999997,0.0,-6.599999999999994,-0.05799999999999983,-2.750000000000014,0.0,-0.9499999999999886,0.10200000000000031,4.599999999999994,0.0,35.900000000000006,0.021000000000000796,68.65,0.0,77.85,0.21799999999999997,174.35000000000002,0.0,58.89999999999998,-0.577,24.649999999999977,0.18900000000000006,5.399999999999977,2.6309999999999985,-48.24999999999994,-12.905277777777778,-13.791714285714287,-13.337333333333333,463.1416666666667,3528.646,3490.669,3578.921,3524.2334,-3.617000000000189,3525.029
1.33,-11.07,-11.321,-11.124,-11.234,-11.234,-13.828,-13.828,-13.844,-13.844,-13.762,-13.762,-13.732,-13.732,-13.519,-13.519,-14.034,-13.848,-11.318,118.9,104.7,95.9,92.05,119.5,95.8,89.75,86.44999999999999,86.05,89.6,120.55,210.15,328.3,407.05,507.6,532.0999999999999,531.15,488.25,-13.959,-14.053,162.7,156.3,-0.25099999999999945,-14.200000000000003,0.19699999999999918,-8.799999999999997,-0.10999999999999943,-3.8500000000000085,0.0,27.450000000000003,-2.5939999999999994,-23.700000000000003,0.0,-6.049999999999997,-0.016000000000000014,-3.3000000000000114,0.0,-0.3999999999999915,0.08199999999999896,3.549999999999997,0.0,30.950000000000003,0.030000000000001137,89.60000000000001,0.0,118.15,0.2129999999999992,78.75,0.0,100.55000000000001,-0.5150000000000006,24.499999999999886,0.18599999999999994,-0.9499999999999318,2.530000000000001,-42.89999999999998,-12.919611111111113,-13.799999999999999,-13.328333333333333,465.7416666666666,3525.029,3528.646,3571.325,3502.9662,-60.039999999999964,3464.989
1.33,-11.068,-11.367,-11.12,-11.222,-11.222,-13.835,-13.835,-13.858,-13.858,-13.756,-13.756,-13.712,-13.712,-13.492,-13.492,-14.028,-13.816,-11.336,119.05,104.35,96.25,92.5,118.3,96.1,90.1,86.25,86.55,89.5,115.05,227.0,336.75,415.75,504.9,529.65,522.45,490.7,-13.974,-14.07,162.9,157.8,-0.29900000000000126,-14.700000000000003,0.24700000000000166,-8.099999999999994,-0.10200000000000031,-3.75,0.0,25.799999999999997,-2.6130000000000013,-22.200000000000003,0.0,-6.0,-0.022999999999999687,-3.8499999999999943,0.0,0.29999999999999716,0.10200000000000031,2.950000000000003,0.0,25.549999999999997,0.04400000000000048,111.95,0.0,109.75,0.21999999999999886,79.0,0.0,89.14999999999998,-0.5359999999999996,24.75,0.21199999999999974,-7.199999999999932,2.4800000000000004,-31.750000000000057,-12.915833333333332,-13.801428571428573,-13.312666666666665,466.7,3464.989,3525.029,3505.498,3487.124,-38.702000000000226,3426.287
1.33,-10.903,-11.354,-11.106,-11.233,-11.233,-13.832,-13.832,-13.864,-13.864,-13.742,-13.742,-13.691,-13.691,-13.472,-13.472,-14.013,-13.805,-11.316,118.45,103.85,96.4,92.65,119.6,97.15,89.8,86.55000000000001,86.7,89.15,111.85,243.85,349.95000000000005,453.65,496.35,527.4,521.25,488.4,-13.97,-14.031,163.7,159.6,-0.45099999999999874,-14.600000000000009,0.24799999999999933,-7.449999999999989,-0.12700000000000067,-3.75,0.0,26.94999999999999,-2.599,-22.44999999999999,0.0,-7.3500000000000085,-0.03200000000000003,-3.249999999999986,0.0,0.14999999999999147,0.12199999999999989,2.450000000000003,0.0,22.69999999999999,0.051000000000000156,132.0,0.0,106.10000000000005,0.2190000000000012,103.69999999999993,0.0,42.700000000000045,-0.5410000000000004,31.049999999999955,0.20800000000000018,-6.149999999999977,2.488999999999999,-32.85000000000002,-12.898055555555558,-13.795285714285717,-13.294833333333335,472.8333333333333,3426.287,3464.989,3490.669,3460.5758,-68.35899999999992,3357.928
1.33,-10.843,-11.313,-11.149,-11.256,-11.256,-13.811,-13.811,-13.827,-13.827,-13.849,-13.849,-13.769,-13.769,-13.529,-13.529,-14.012,-13.792,-11.23,118.25,103.5,96.25,92.4,120.25,97.95,89.3,86.95,86.75,88.8,109.95,227.75,375.45,474.2,480.25,519.3,519.3,488.25,-13.954,-14.002,165.0,158.5,-0.47000000000000064,-14.75,0.16400000000000148,-7.25,-0.1070000000000011,-3.8499999999999943,0.0,27.849999999999994,-2.5549999999999997,-22.299999999999997,0.0,-8.650000000000006,-0.016000000000000014,-2.3499999999999943,0.0,-0.20000000000000284,-0.02200000000000024,2.049999999999997,0.0,21.150000000000006,0.08000000000000007,117.8,0.0,147.7,0.2400000000000002,98.75,0.0,6.050000000000011,-0.48300000000000054,39.049999999999955,0.22000000000000064,0.0,2.5619999999999994,-31.049999999999955,-12.912277777777778,-13.820428571428574,-13.310166666666667,476.125,3357.928,3426.287,3528.646,3405.6711999999998,-103.80499999999984,3254.123
1.33,-10.88,-11.275,-11.139,-11.239,-11.239,-13.924,-13.924,-13.932,-13.932,-13.805,-13.805,-13.755,-13.755,-13.507,-13.507,-14.005,-13.835,-11.28,119.15,103.2,96.1,92.7,121.25,97.8,88.7,87.0,86.75,88.5,111.2,213.35,395.0,487.75,478.8,501.25,510.2,489.75,-14.096,-14.06,166.1,156.6,-0.3949999999999996,-15.950000000000003,0.136000000000001,-7.1000000000000085,-0.10000000000000142,-3.3999999999999915,0.0,28.549999999999997,-2.6849999999999987,-23.450000000000003,0.0,-9.099999999999994,-0.008000000000000895,-1.7000000000000028,0.0,-0.25,0.12700000000000067,1.75,0.0,22.700000000000003,0.049999999999998934,102.14999999999999,0.0,181.65,0.2480000000000011,92.75,0.0,-8.949999999999989,-0.4980000000000011,22.44999999999999,0.16999999999999993,8.949999999999989,2.5550000000000015,-20.44999999999999,-12.92988888888889,-13.868142857142857,-13.314833333333334,477.125,3254.123,3357.928,3525.029,3341.7244,-48.827999999999975,3205.295
1.33,-11.012,-11.338,-11.121,-11.226,-11.226,-13.864,-13.864,-13.894,-13.894,-13.883,-13.883,-13.856,-13.856,-13.577,-13.577,-13.967,-13.759,-11.348,120.5,102.8,95.6,92.7,123.35,97.75,88.1,86.9,86.85,88.55,128.25,191.35,383.95,499.2,491.0,511.4,500.1,490.25,-14.082,-14.093,166.7,155.4,-0.32599999999999874,-17.700000000000003,0.21699999999999875,-7.200000000000003,-0.10500000000000043,-2.8999999999999915,0.0,30.64999999999999,-2.638,-25.599999999999994,0.0,-9.650000000000006,-0.02999999999999936,-1.1999999999999886,0.0,-0.05000000000001137,0.011000000000001009,1.7000000000000028,0.0,39.7,0.026999999999999247,63.099999999999994,0.0,192.6,0.2789999999999999,115.25,0.0,-8.199999999999989,-0.39000000000000057,20.399999999999977,0.20800000000000018,-11.299999999999955,2.4109999999999996,-9.850000000000023,-12.952500000000002,-13.876857142857142,-13.347333333333331,479.31666666666666,3205.295,3254.123,3464.989,3291.3048000000003,7.596000000000004,3212.891
1.33,-11.25,-11.428,-11.114,-11.264,-11.264,-13.939,-13.939,-13.979,-13.979,-13.888,-13.888,-13.862,-13.862,-13.603,-13.603,-8.419,-7.34,-6.509,121.2,103.1,95.15,92.7,125.7,97.75,87.65,86.5,86.95,88.55000000000001,130.05,173.75,364.25,505.85,496.85,535.8,524.45,483.75,-14.143,-14.128,166.4,155.3,-0.17800000000000082,-18.10000000000001,0.31400000000000006,-7.949999999999989,-0.14999999999999858,-2.450000000000003,0.0,33.0,-2.6750000000000007,-27.950000000000003,0.0,-10.099999999999994,-0.03999999999999915,-1.1500000000000057,0.0,0.45000000000000284,0.0909999999999993,1.6000000000000085,0.0,41.5,0.0259999999999998,43.69999999999999,0.0,190.5,0.25900000000000034,141.60000000000002,0.0,-9.0,5.183999999999999,38.94999999999993,1.0790000000000006,-11.349999999999909,0.8309999999999995,-40.700000000000045,-12.062777777777777,-13.924857142857144,-10.556,485.1583333333333,3212.891,3205.295,3426.287,3257.5953999999997,44.848999999999705,3257.74
1.33,-11.347,-11.551,-11.159,-11.268,-11.268,-13.95,-13.95,-13.983,-13.983,-13.917,-13.917,-13.893,-13.893,-13.66,-13.66,-13.522,-12.695,-10.881,121.65,103.8,95.1,92.5,131.45,97.75,88.2,86.05000000000001,86.80000000000001,88.65,122.15,177.0,334.5,495.0,500.05,530.85,517.55,475.85,-14.151,-14.141,165.1,157.4,-0.20400000000000063,-17.85000000000001,0.39199999999999946,-8.700000000000003,-0.10899999999999999,-2.5999999999999943,0.0,38.94999999999999,-2.6819999999999986,-33.69999999999999,0.0,-9.549999999999997,-0.03300000000000125,-2.1499999999999915,0.0,0.75,0.06600000000000072,1.8499999999999943,0.0,33.5,0.023999999999999133,54.849999999999994,0.0,157.5,0.23300000000000054,160.5,0.0,5.050000000000011,0.1379999999999999,30.80000000000001,0.827,-13.300000000000068,1.814,-41.69999999999993,-12.9165,-13.941857142857144,-13.051833333333335,475.63333333333327,3257.74,3212.891,3357.928,3225.5498,-60.039999999999964,3197.7
1.33,-11.363,-11.678,-11.151,-11.25,-11.25,-13.984,-13.984,-13.998,-13.998,-13.947,-13.947,-13.872,-13.872,-13.713,-13.713,-11.136,-8.581,-6.546,121.5,104.75,95.05,92.25,134.8,97.8,89.05000000000001,85.6,86.55,88.4,119.6,215.2,306.05,477.1,496.9,529.8,516.45,478.65,-14.177,-14.183,163.5,159.6,-0.3150000000000013,-16.75,0.527000000000001,-9.700000000000003,-0.0990000000000002,-2.799999999999997,0.0,42.55000000000001,-2.734,-37.000000000000014,0.0,-8.749999999999986,-0.013999999999999346,-3.450000000000017,0.0,0.9500000000000028,0.051000000000000156,1.8500000000000085,0.0,31.19999999999999,0.07499999999999929,95.6,0.0,90.85000000000002,0.1590000000000007,171.05,0.0,19.799999999999955,2.577,32.89999999999998,2.5549999999999997,-13.349999999999909,2.0349999999999993,-37.80000000000007,-12.33238888888889,-13.961428571428572,-11.260166666666668,467.49166666666673,3197.7,3257.74,3254.123,3235.5326,106.33699999999999,3304.037
1.33,-11.148,-11.537,-11.144,-11.275,-11.275,-13.99,-13.99,-14.029,-14.029,-13.906,-13.906,-13.862,-13.862,-13.742,-13.742,-11.273,-8.941,-7.663,121.95,105.6,94.8,91.9,136.5,97.7,89.55,85.4,86.5,88.15,119.5,230.25,300.79999999999995,455.15,493.2,528.6,516.2,480.7000000000001,-14.174,-14.161,162.2,160.9,-0.3890000000000011,-16.35000000000001,0.3930000000000007,-10.799999999999997,-0.13100000000000023,-2.8999999999999915,0.0,44.599999999999994,-2.715,-38.8,0.0,-8.150000000000006,-0.0389999999999997,-4.1499999999999915,0.0,1.0999999999999943,0.12299999999999933,1.6500000000000057,0.0,31.349999999999994,0.04400000000000048,110.75,0.0,70.54999999999995,0.11999999999999922,154.35000000000002,0.0,38.05000000000001,2.469000000000001,35.400000000000034,2.331999999999999,-12.399999999999977,1.2780000000000005,-35.49999999999994,-12.40633333333333,-13.958857142857143,-11.537166666666666,462.44166666666666,3304.037,3197.7,3205.295,3265.3358,50.27400000000034,3354.311
1.33,-11.05,-11.457,-11.159,-11.317,-11.317,-13.971,-13.971,-14.006,-14.006,-13.926,-13.926,-13.902,-13.902,-13.713,-13.713,-13.652,-13.473,-11.296,122.45,106.15,95.3,91.8,139.95,97.25,89.80000000000001,85.9,86.35,87.95,119.9,217.8,342.7,443.35,490.65,525.3,513.5999999999999,482.9,-14.191,-14.188,161.7,160.2,-0.40700000000000003,-16.299999999999997,0.29800000000000004,-10.850000000000009,-0.15799999999999947,-3.5,0.0,48.14999999999999,-2.654,-42.69999999999999,0.0,-7.449999999999989,-0.03500000000000014,-3.9000000000000057,0.0,0.44999999999998863,0.08000000000000007,1.6000000000000085,0.0,31.950000000000003,0.02400000000000091,97.9,0.0,124.89999999999998,0.18900000000000006,100.65000000000003,0.0,47.299999999999955,0.06099999999999994,34.64999999999998,0.1789999999999985,-11.700000000000045,2.1770000000000014,-30.699999999999932,-12.986499999999998,-13.958285714285713,-13.2915,466.4166666666666,3354.311,3304.037,3212.891,3301.143,37.615999999999985,3391.927
1.33,-11.004,-11.257,-11.212,-11.306,-11.306,-14.011,-14.011,-14.016,-14.016,-13.631,-13.631,-13.609,-13.609,-13.468,-13.468,-13.648,-13.489,-11.254,122.65,106.0,96.0,91.85,142.0,96.95,89.85,86.65,86.4,88.2,119.8,203.8,380.75,437.1,497.65,519.65,512.15,483.7,-14.16,-14.155,163.2,159.5,-0.2530000000000001,-16.650000000000006,0.04499999999999993,-10.0,-0.09399999999999942,-4.150000000000006,0.0,50.150000000000006,-2.705,-45.05,0.0,-7.1000000000000085,-0.005000000000000782,-3.1999999999999886,0.0,-0.25,0.3849999999999998,1.7999999999999972,0.0,31.599999999999994,0.02200000000000024,84.00000000000001,0.0,176.95,0.14100000000000001,56.35000000000002,0.0,60.549999999999955,-0.17999999999999972,22.0,0.15899999999999892,-7.5,2.235000000000001,-28.44999999999999,-12.88588888888889,-13.846428571428572,-13.156,471.8333333333333,3391.927,3354.311,3257.74,3337.2396,46.29599999999982,3438.223
1.33,-10.944,-11.271,-11.189,-11.312,-11.312,-13.678,-13.678,-13.715,-13.715,-13.587,-13.587,-13.558,-13.558,-13.402,-13.402,-13.642,-13.464,-11.282,123.15,106.3,96.8,91.5,144.9,96.7,89.9,87.0,86.4,88.8,119.85,190.9,380.3,457.7,500.35,523.35,530.5999999999999,484.1,-13.891,-13.893,165.5,159.7,-0.32699999999999996,-16.85000000000001,0.08200000000000074,-9.5,-0.12299999999999933,-5.299999999999997,0.0,53.400000000000006,-2.3660000000000014,-48.2,0.0,-6.799999999999997,-0.036999999999999034,-2.9000000000000057,0.0,-0.5999999999999943,0.1280000000000001,2.3999999999999915,0.0,31.049999999999997,0.028999999999999915,71.05000000000001,0.0,189.4,0.15600000000000058,77.39999999999998,0.0,42.650000000000034,-0.2400000000000002,23.0,0.17799999999999905,7.249999999999886,2.1820000000000004,-46.499999999999886,-12.79422222222222,-13.645428571428571,-13.125,479.3999999999999,3438.223,3391.927,3197.7,3366.9703999999997,-91.86900000000014,3346.354
1.33,-10.938,-11.268,-11.181,-11.347,-11.347,-13.645,-13.645,-13.678,-13.678,-13.543,-13.543,-13.518,-13.518,-13.354,-13.354,-13.604,-13.427,-11.318,123.25,106.75,97.2,91.7,143.25,96.4,90.0,87.15,86.3,89.35,114.0,203.65,346.75,493.15,499.0,531.7,539.1,487.95,-13.836,-13.837,167.0,160.2,-0.33000000000000007,-16.5,0.08700000000000152,-9.549999999999997,-0.16600000000000037,-5.5,0.0,51.55,-2.298,-46.849999999999994,0.0,-6.400000000000006,-0.03300000000000125,-2.8499999999999943,0.0,-0.8500000000000085,0.13500000000000156,3.049999999999997,0.0,24.650000000000006,0.02499999999999858,89.65,0.0,143.1,0.16400000000000148,146.39999999999998,0.0,5.850000000000023,-0.25,32.700000000000045,0.1769999999999996,7.399999999999977,2.109,-51.150000000000034,-12.772555555555552,-13.607142857142858,-13.095833333333333,482.94166666666666,3346.354,3438.223,3304.037,3370.1531999999997,-26.402999999999793,3319.951
1.33,-10.895,-11.275,-11.243,-11.356,-11.356,-13.622,-13.622,-13.638,-13.638,-13.547,-13.547,-13.522,-13.522,-13.357,-13.357,-13.579,-13.348,-11.292,123.35,107.0,97.15,92.2,140.05,96.3,90.0,87.1,86.55,89.45,112.95,205.95,321.79999999999995,509.9,503.25,518.8,524.8,502.9,-13.789,-13.787,168.1,160.7,-0.3800000000000008,-16.349999999999994,0.03200000000000003,-9.849999999999994,-0.11299999999999955,-4.950000000000003,0.0,47.85000000000001,-2.266,-43.750000000000014,0.0,-6.299999999999997,-0.016000000000000014,-2.9000000000000057,0.0,-0.5499999999999972,0.0909999999999993,2.9000000000000057,0.0,23.5,0.025000000000000355,92.99999999999999,0.0,115.84999999999997,0.16500000000000092,188.10000000000002,0.0,-6.649999999999977,-0.2220000000000013,15.549999999999955,0.23099999999999987,6.0,2.056000000000001,-21.899999999999977,-12.762000000000002,-13.590857142857143,-13.075833333333334,480.2416666666666,3319.951,3346.354,3354.311,3350.839,-62.21100000000024,3257.74
1.33,-10.93,-11.286,-11.214,-11.329,-11.329,-13.612,-13.612,-13.627,-13.627,-13.56,-13.56,-13.503,-13.503,-13.353,-13.353,-13.606,-13.427,-11.214,124.4,107.25,97.15,92.95,141.6,96.45,89.85,87.3,87.5,93.0,116.05,213.1,342.7,496.6,515.0,515.85,516.9,497.6,-13.792,-13.789,169.2,160.9,-0.35599999999999987,-17.150000000000006,0.07199999999999918,-10.099999999999994,-0.11500000000000021,-4.200000000000003,0.0,48.64999999999999,-2.2829999999999995,-45.14999999999999,0.0,-6.6000000000000085,-0.015000000000000568,-2.549999999999997,0.0,0.20000000000000284,0.06700000000000017,5.5,0.0,23.049999999999997,0.057000000000000384,97.05,0.0,129.6,0.15000000000000036,153.90000000000003,0.0,18.399999999999977,-0.2530000000000001,0.8500000000000227,0.17900000000000027,1.0499999999999545,2.212999999999999,-19.299999999999955,-12.758055555555552,-13.585857142857142,-13.076,480.77500000000003,3257.74,3319.951,3391.927,3346.9328,114.6560000000004,3372.396
1.33,-10.863,-11.257,-11.054,-11.164,-11.164,-13.601,-13.601,-13.645,-13.645,-13.534,-13.534,-13.51,-13.51,-13.353,-13.353,-7.748,-6.703,-5.714,125.05,107.65,97.45,93.45,139.15,97.15,89.65,87.30000000000001,87.45,92.95,114.75,199.05,340.45000000000005,474.5,522.9,520.85,514.95,494.4,-13.787,-13.804,170.0,161.1,-0.39400000000000013,-17.39999999999999,0.2029999999999994,-10.200000000000003,-0.10999999999999943,-4.0,0.0,45.7,-2.437000000000001,-42.0,0.0,-7.5,-0.04399999999999871,-2.3499999999999943,0.0,0.14999999999999147,0.11099999999999888,5.5,0.0,21.799999999999997,0.02400000000000091,84.30000000000001,0.0,141.40000000000003,0.15700000000000003,134.04999999999995,0.0,48.39999999999998,5.6049999999999995,-2.0499999999999545,1.045,-5.899999999999977,0.9889999999999999,-20.550000000000068,-11.719611111111112,-13.581428571428575,-10.0635,478.00833333333327,3372.396,3257.74,3438.223,3360.3877999999995,133.10199999999986,3505.498
1.33,-10.785,-11.23,-11.121,-11.284,-11.284,-13.598,-13.598,-13.623,-13.623,-13.528,-13.528,-13.525,-13.525,-13.346,-13.346,-10.733,-8.709,-7.589,124.55,107.85,97.85,93.45,139.0,98.1,89.4,87.30000000000001,87.35,91.5,114.95,175.9,354.85,473.85,521.3,520.4,515.9000000000001,492.3,-13.78,-13.782,170.2,162.0,-0.4450000000000003,-16.700000000000003,0.10899999999999999,-10.0,-0.16300000000000026,-4.3999999999999915,0.0,45.55,-2.314,-40.900000000000006,0.0,-8.699999999999989,-0.02499999999999858,-2.0999999999999943,0.0,0.04999999999998295,0.09499999999999886,4.150000000000006,0.0,23.450000000000003,0.0030000000000001137,60.95,0.0,178.95000000000002,0.17900000000000027,119.0,0.0,47.44999999999993,2.6129999999999995,-0.8999999999999773,2.024000000000001,-4.499999999999886,1.1199999999999992,-23.60000000000008,-12.109722222222224,-13.574714285714288,-11.208,479.7666666666667,3505.498,3372.396,3346.354,3377.8936000000003,-71.61500000000024,3433.883
1.33,-10.742,-11.214,-11.146,-11.269,-11.269,-13.603,-13.603,-13.615,-13.615,-13.519,-13.519,-13.51,-13.51,-13.33,-13.33,-13.615,-13.447,-11.252,124.4,108.4,97.95,93.4,140.05,99.35,89.19999999999999,87.05,87.35,90.65,120.3,177.2,354.65,482.3,513.35,520.0,514.65,490.8,-13.767,-13.779,169.8,163.7,-0.47199999999999953,-16.0,0.06799999999999962,-10.450000000000003,-0.12299999999999933,-4.549999999999997,0.0,46.650000000000006,-2.3339999999999996,-40.70000000000002,0.0,-10.150000000000006,-0.012000000000000455,-2.1499999999999915,0.0,0.29999999999999716,0.09600000000000009,3.3000000000000114,0.0,29.64999999999999,0.009000000000000341,56.89999999999999,0.0,177.45,0.17999999999999972,127.65000000000003,0.0,31.05000000000001,-0.28500000000000014,6.649999999999977,0.16800000000000104,-5.350000000000023,2.1949999999999985,-23.849999999999966,-12.728222222222222,-13.56914285714286,-13.080666666666666,479.29166666666674,3433.883,3505.498,3319.951,3401.4034,3.617000000000189,3437.5
1.33,-10.889,-11.227,-11.112,-11.246,-11.246,-13.596,-13.596,-13.617,-13.617,-13.505,-13.505,-13.463,-13.463,-13.305,-13.305,-12.975,-13.687,-11.274,123.85,109.4,98.3,93.85,139.9,99.8,89.05,86.95,87.25,89.9,122.15,244.85,301.1,487.55,511.45,514.05,513.95,491.0,-13.766,-13.787,169.1,165.0,-0.33800000000000097,-14.449999999999989,0.11500000000000021,-11.100000000000009,-0.13400000000000034,-4.450000000000003,0.0,46.05000000000001,-2.3499999999999996,-40.10000000000001,0.0,-10.75,-0.021000000000000796,-2.0999999999999943,0.0,0.29999999999999716,0.1120000000000001,2.6500000000000057,0.0,32.25,0.04200000000000159,122.69999999999999,0.0,56.25000000000003,0.15799999999999947,186.45,0.0,23.899999999999977,0.33000000000000007,2.599999999999966,-0.7119999999999997,-0.09999999999990905,2.4130000000000003,-22.950000000000045,-12.701555555555556,-13.556999999999999,-13.0015,469.8500000000001,3437.5,3433.883,3257.74,3440.5384,15.914999999999964,3453.415
1.33,-11.023,-11.264,-11.117,-11.242,-11.242,-13.562,-13.562,-13.593,-13.593,-13.476,-13.476,-13.43,-13.43,-13.315,-13.315,-14.066,-13.908,-11.316,123.2,109.95,98.85,94.05,136.05,100.0,89.05000000000001,86.69999999999999,87.5,89.75,117.65,266.95,289.8,491.4,515.05,512.55,509.85,489.85,-13.745,-13.758,168.5,165.6,-0.24099999999999966,-13.25,0.14699999999999847,-11.100000000000009,-0.125,-4.799999999999997,0.0,42.000000000000014,-2.3199999999999985,-36.05000000000001,0.0,-10.949999999999989,-0.031000000000000583,-2.3500000000000227,0.0,0.8000000000000114,0.1169999999999991,2.25,0.0,27.900000000000006,0.04600000000000115,149.29999999999998,0.0,22.850000000000023,0.11500000000000021,201.59999999999997,0.0,23.649999999999977,-0.7510000000000012,-2.5,0.15800000000000125,-2.699999999999932,2.5919999999999987,-20.0,-12.773888888888889,-13.527428571428572,-13.225,468.0833333333333,3453.415,3437.5,3372.396,3449.7975999999994,-34.722999999999956,3418.692
1.33,-11.037,-11.357,-11.127,-11.275,-11.275,-13.534,-13.534,-13.568,-13.568,-13.491,-13.491,-13.453,-13.453,-13.304,-13.304,-14.083,-13.887,-11.362,122.9,109.8,99.05,94.15,133.45,100.1,89.05,86.75,87.65,89.8,114.85,249.75,344.15,459.0,521.15,514.55,527.3499999999999,490.05,-13.699,-13.737,168.8,165.2,-0.3199999999999985,-13.100000000000009,0.22999999999999865,-10.75,-0.1479999999999997,-4.8999999999999915,0.0,39.29999999999998,-2.2590000000000003,-33.349999999999994,0.0,-11.049999999999997,-0.03399999999999892,-2.299999999999997,0.0,0.9000000000000057,0.07699999999999996,2.1499999999999915,0.0,25.049999999999997,0.038000000000000256,134.9,0.0,94.39999999999998,0.14899999999999913,114.85000000000002,0.0,62.14999999999998,-0.7789999999999999,-6.600000000000023,0.19599999999999973,12.799999999999955,2.5250000000000004,-37.2999999999999,-12.7835,-13.519857142857143,-13.232166666666666,476.0416666666667,3418.692,3453.415,3505.498,3440.9,42.31800000000021,3461.01
1.33,-11.148,-11.412,-11.119,-11.242,-11.242,-13.562,-13.562,-13.582,-13.582,-13.441,-13.441,-13.395,-13.395,-13.207,-13.207,-14.028,-13.864,-11.338,122.45,109.3,99.9,94.6,131.5,100.85,89.55,86.69999999999999,87.85,90.0,116.1,214.25,404.95,419.05,517.5,516.75,516.2,489.95,-13.706,-13.754,170.0,164.5,-0.2640000000000011,-13.150000000000006,0.29300000000000104,-9.399999999999991,-0.12300000000000111,-5.300000000000011,0.0,36.900000000000006,-2.3199999999999985,-30.650000000000006,0.0,-11.299999999999997,-0.02000000000000135,-2.8500000000000085,0.0,1.1500000000000057,0.14100000000000001,2.1500000000000057,0.0,26.099999999999994,0.04600000000000115,98.15,0.0,190.7,0.18799999999999883,14.100000000000023,0.0,98.44999999999999,-0.8209999999999997,-0.75,0.1639999999999997,-0.5499999999999545,2.5260000000000016,-26.250000000000057,-12.764833333333334,-13.509285714285713,-13.173166666666665,477.3999999999999,3461.01,3418.692,3433.883,3441.768,-22.787000000000262,3438.223
1.33,-11.11,-11.404,-11.112,-11.236,-11.236,-13.51,-13.51,-13.531,-13.531,-13.422,-13.422,-13.392,-13.392,-13.191,-13.191,-14.033,-13.845,-11.363,121.6,108.45,100.35,94.95,128.15,101.9,90.2,86.5,88.5,91.2,121.8,183.5,415.05,448.85,494.95,512.85,516.3,488.85,-13.657,-13.717,171.1,163.5,-0.2940000000000005,-13.149999999999991,0.2919999999999998,-8.100000000000009,-0.12400000000000055,-5.3999999999999915,0.0,33.2,-2.273999999999999,-26.25,0.0,-11.700000000000003,-0.021000000000000796,-3.700000000000003,0.0,2.0,0.10899999999999999,2.700000000000003,0.0,30.599999999999994,0.030000000000001137,61.7,0.0,231.55,0.20099999999999874,33.80000000000001,0.0,46.099999999999966,-0.8419999999999987,17.900000000000034,0.18799999999999883,3.449999999999932,2.482000000000001,-27.449999999999932,-12.746166666666667,-13.474,-13.169166666666667,479.47499999999997,3438.223,3461.01,3437.5,3430.9896,-54.61499999999978,3383.608
1.33,-10.985,-11.369,-11.121,-11.273,-11.273,-13.482,-13.482,-13.515,-13.515,-13.345,-13.345,-13.319,-13.319,-13.113,-13.113,-13.983,-13.808,-11.375,120.5,107.7,100.6,95.15,126.6,103.1,90.65,86.65,88.75,92.0,121.5,165.4,377.85,496.5,466.5,510.65,510.55,488.0,-13.647,-13.692,170.8,161.5,-0.38400000000000034,-12.799999999999997,0.24799999999999933,-7.1000000000000085,-0.15199999999999925,-5.449999999999989,0.0,31.44999999999999,-2.2089999999999996,-23.5,0.0,-12.449999999999989,-0.03300000000000125,-4.0,0.0,2.0999999999999943,0.16999999999999993,3.25,0.0,29.5,0.0259999999999998,43.900000000000006,0.0,212.45000000000002,0.2060000000000013,118.64999999999998,0.0,-30.0,-0.870000000000001,44.14999999999998,0.1750000000000007,-0.0999999999999659,2.433,-22.55000000000001,-12.7075,-13.429,-13.118500000000003,475.0083333333334,3383.608,3438.223,3453.415,3431.7128000000002,73.42299999999977,3457.031
1.33,-10.91,-11.32,-11.151,-11.279,-11.279,-13.438,-13.438,-13.449,-13.449,-13.343,-13.343,-13.32,-13.32,-13.109,-13.109,-13.998,-13.797,-11.349,120.0,107.1,100.55,96.1,127.5,103.75,90.8,87.15,88.75,91.45,117.8,159.7,317.9,521.25,472.4,487.2000000000001,504.9,490.35,-13.599,-13.625,169.8,158.2,-0.41000000000000014,-12.900000000000006,0.16900000000000048,-6.549999999999997,-0.1280000000000001,-4.450000000000003,0.0,31.400000000000006,-2.1590000000000007,-23.75,0.0,-12.950000000000003,-0.010999999999999233,-3.6499999999999915,0.0,1.5999999999999943,0.10599999999999987,2.700000000000003,0.0,26.349999999999994,0.022999999999999687,41.89999999999999,0.0,158.2,0.2110000000000003,203.35000000000002,0.0,-48.85000000000002,-0.8889999999999993,14.800000000000125,0.20099999999999874,17.699999999999875,2.4480000000000004,-14.549999999999955,-12.688944444444443,-13.397142857142857,-13.113666666666667,465.6666666666667,3457.031,3383.608,3418.692,3463.7585999999997,121.88999999999987,3578.921
1.33,-10.893,-11.261,-11.131,-11.265,-11.265,-13.421,-13.421,-13.439,-13.439,-13.39,-13.39,-13.358,-13.358,-13.163,-13.163,-13.986,-13.808,-11.33,119.05,106.35,99.85,96.7,126.9,104.0,91.0,87.45,88.95,91.05,117.5,162.0,272.5,514.0,496.2000000000001,507.55,507.65,489.65,-13.587,-13.613,168.5,156.2,-0.36799999999999855,-12.700000000000003,0.129999999999999,-6.5,-0.13400000000000034,-3.1499999999999915,0.0,30.200000000000003,-2.155999999999999,-22.900000000000006,0.0,-13.0,-0.018000000000000682,-3.549999999999997,0.0,1.5,0.04899999999999949,2.0999999999999943,0.0,26.450000000000003,0.03200000000000003,44.5,0.0,110.5,0.19500000000000028,241.5,0.0,-17.799999999999898,-0.8230000000000004,11.349999999999909,0.17800000000000082,0.0999999999999659,2.4779999999999998,-18.0,-12.693388888888888,-13.408285714285714,-13.134666666666668,464.5916666666667,3578.921,3457.031,3461.01,3492.5492,26.04200000000037,3604.963
1.33,-10.995,-11.313,-11.149,-11.241,-11.241,-13.431,-13.431,-13.468,-13.468,-13.504,-13.504,-13.458,-13.458,-13.264,-13.264,-14.025,-13.785,-11.376,117.75,105.7,99.45,96.95,125.8,103.65,91.15,87.5,89.2,90.75,123.15,159.55,260.55,461.75,519.95,529.95,528.9000000000001,485.6,-13.627,-13.666,167.0,155.9,-0.3180000000000014,-12.049999999999997,0.16400000000000148,-6.25,-0.09200000000000053,-2.5,0.0,28.849999999999994,-2.1899999999999995,-22.14999999999999,0.0,-12.5,-0.03700000000000081,-3.6500000000000057,0.0,1.7000000000000028,-0.03599999999999959,1.5499999999999972,0.0,32.400000000000006,0.045999999999999375,36.400000000000006,0.0,101.0,0.19400000000000084,201.2,0.0,58.200000000000045,-0.761000000000001,10.0,0.2400000000000002,-1.0499999999999545,2.4090000000000007,-43.30000000000007,-12.743055555555557,-13.466285714285716,-13.195333333333336,464.45000000000005,3604.963,3578.921,3438.223,3549.5516000000002,118.27199999999993,3723.235
1.33,-11.096,-11.383,-11.183,-11.321,-11.321,-13.48,-13.48,-13.592,-13.592,-13.516,-13.516,-13.507,-13.507,-13.374,-13.374,-8.614,-7.697,-6.682,118.3,105.15,99.15,96.9,124.3,103.7,91.35,87.55000000000001,89.65,90.75,122.6,154.25,277.4,381.75,535.75,535.5,531.2,479.85,-13.696,-13.718,165.1,155.9,-0.28699999999999903,-13.149999999999991,0.1999999999999993,-6.0,-0.1379999999999999,-2.25,0.0,27.39999999999999,-2.1590000000000007,-20.599999999999994,0.0,-12.350000000000009,-0.1120000000000001,-3.799999999999983,0.0,2.0999999999999943,0.07600000000000051,1.0999999999999943,0.0,31.849999999999994,0.009000000000000341,31.650000000000006,0.0,123.14999999999998,0.13299999999999912,104.35000000000002,0.0,154.0,4.76,-0.25,0.9170000000000007,-4.2999999999999545,1.0149999999999997,-51.35000000000002,-11.901944444444444,-13.526142857142858,-10.541333333333334,456.90833333333336,3723.235,3604.963,3383.608,3626.4468,44.848999999999705,3768.084
1.33,-11.086,-11.391,-11.198,-11.286,-11.286,-13.585,-13.585,-13.59,-13.59,-13.519,-13.519,-13.506,-13.506,-13.354,-13.354,-14.027,-13.833,-11.412,119.8,104.7,98.65,96.4,122.65,103.4,91.5,87.6,89.75,90.9,124.3,152.25,282.9,375.45,529.95,539.3,521.4000000000001,484.9,-13.735,-13.743,163.1,156.6,-0.3049999999999997,-15.099999999999994,0.19299999999999962,-6.049999999999997,-0.08799999999999919,-2.25,0.0,26.25,-2.2990000000000013,-19.25,0.0,-11.900000000000006,-0.004999999999999005,-3.9000000000000057,0.0,2.1500000000000057,0.07099999999999973,1.1500000000000057,0.0,33.39999999999999,0.0129999999999999,27.950000000000003,0.0,130.64999999999998,0.15200000000000102,92.55000000000001,0.0,154.50000000000006,-0.673,9.349999999999909,0.19399999999999906,-17.899999999999864,2.4209999999999994,-36.500000000000114,-12.812611111111112,-13.556285714285718,-13.247666666666667,455.65000000000003,3768.084,3723.235,3457.031,3665.22,-117.1869999999999,3650.897
1.33,-11.115,-11.391,-11.185,-11.299,-11.299,-13.584,-13.584,-13.608,-13.608,-13.538,-13.538,-13.506,-13.506,-13.364,-13.364,-14.012,-13.826,-11.386,120.3,103.85,98.0,95.95,121.3,102.75,91.75,87.85,89.5,91.0,119.05,150.3,273.35,400.6,497.3,532.05,518.05,479.35,-13.735,-13.78,162.4,157.7,-0.2759999999999998,-16.450000000000003,0.20599999999999952,-5.849999999999994,-0.11399999999999899,-2.049999999999997,0.0,25.349999999999994,-2.285,-18.549999999999997,0.0,-11.0,-0.02400000000000091,-3.9000000000000057,0.0,1.6500000000000057,0.07000000000000028,1.5,0.0,28.049999999999997,0.03200000000000003,31.250000000000014,0.0,123.05000000000001,0.14199999999999946,127.25,0.0,96.69999999999999,-0.6479999999999997,34.74999999999994,0.18599999999999994,-14.0,2.4400000000000013,-38.69999999999993,-12.81738888888889,-13.566571428571427,-13.243,450.1166666666666,3650.897,3768.084,3578.921,3672.9602,-33.27500000000009,3617.622
1.31,-11.213,-11.449,-11.157,-11.269,-11.269,-13.591,-13.591,-13.622,-13.622,-13.527,-13.527,-13.512,-13.512,-13.364,-13.364,-14.545,-14.354,-11.479,120.25,103.8,97.7,95.65,120.5,102.4,92.05,87.94999999999999,89.0,91.0,113.85,152.8,265.75,424.4500000000001,481.4,518.0,532.45,479.15,-13.74,-13.752,162.0,157.0,-0.23600000000000065,-16.450000000000003,0.2919999999999998,-6.099999999999994,-0.1120000000000001,-2.049999999999997,0.0,24.849999999999994,-2.321999999999999,-18.099999999999994,0.0,-10.350000000000009,-0.031000000000000583,-4.1000000000000085,0.0,1.0500000000000114,0.09500000000000064,2.0,0.0,22.849999999999994,0.014999999999998792,38.95000000000002,0.0,112.94999999999999,0.1479999999999997,158.7000000000001,0.0,56.949999999999875,-1.1809999999999992,36.60000000000002,0.19100000000000072,14.450000000000045,2.875,-53.30000000000007,-12.887055555555555,-13.570285714285715,-13.436333333333335,450.20000000000005,3617.622,3650.897,3604.963,3678.1684,13.382000000000062,3631.004
1.31,-11.372,-11.514,-11.139,-11.301,-11.301,-13.593,-13.593,-13.62,-13.62,-13.523,-13.523,-13.512,-13.512,-13.369,-13.369,-14.506,-14.296,-11.49,120.1,104.7,97.45,95.2,119.4,102.05,92.4,88.15,88.19999999999999,90.45,115.9,158.6,267.4,423.85,480.65,510.2000000000001,518.5,492.2000000000001,-13.741,-13.77,161.9,156.4,-0.14199999999999946,-15.399999999999991,0.375,-7.25,-0.1620000000000008,-2.25,0.0,24.200000000000003,-2.292,-17.35000000000001,0.0,-9.649999999999991,-0.026999999999999247,-4.25,0.0,0.04999999999998295,0.09699999999999953,2.250000000000014,0.0,25.450000000000003,0.010999999999999233,42.69999999999999,0.0,108.79999999999998,0.14300000000000068,156.45000000000005,0.0,56.799999999999955,-1.1370000000000005,29.550000000000125,0.21000000000000085,8.299999999999898,2.805999999999999,-26.299999999999898,-12.89738888888889,-13.569142857142856,-13.423666666666664,448.8000000000001,3631.004,3617.622,3723.235,3675.1301999999996,77.03999999999996,3708.044
1.31,-11.375,-11.544,-11.202,-11.301,-11.301,-13.596,-13.596,-13.605,-13.605,-13.583,-13.583,-13.525,-13.525,-13.369,-13.369,-14.491,-14.282,-11.469,120.25,105.3,96.75,94.55,118.6,101.7,92.7,88.55000000000001,87.69999999999999,89.6,118.5,168.8,271.4,420.5,491.9,516.8499999999999,518.45,496.2000000000001,-13.752,-13.815,162.2,156.9,-0.16900000000000048,-14.950000000000003,0.3420000000000005,-8.549999999999997,-0.0990000000000002,-2.200000000000003,0.0,24.049999999999997,-2.295,-16.89999999999999,0.0,-9.0,-0.009000000000000341,-4.1499999999999915,0.0,-0.8500000000000227,0.02200000000000024,1.9000000000000057,0.0,28.900000000000006,0.05799999999999983,50.30000000000001,0.0,102.59999999999997,0.15600000000000058,149.10000000000002,0.0,71.39999999999998,-1.1219999999999999,24.949999999999932,0.20899999999999963,1.6000000000001364,2.8130000000000006,-22.249999999999943,-12.906722222222225,-13.584714285714286,-13.417499999999999,452.55,3708.044,3631.004,3768.084,3662.4712,-3.2549999999996544,3704.789
1.31,-11.223,-11.509,-11.079,-11.18,-11.18,-13.647,-13.647,-13.674,-13.674,-13.532,-13.532,-13.514,-13.514,-13.39,-13.39,-11.968,-9.495,-7.983,120.35,105.25,96.2,94.2,118.35,101.0,93.2,88.9,87.0,88.75,122.1,190.55,282.4,427.55,501.25,531.95,530.2,489.6,-13.751,-13.799,162.3,157.6,-0.2859999999999996,-15.099999999999994,0.4299999999999997,-9.049999999999997,-0.10099999999999909,-2.0,0.0,24.14999999999999,-2.4670000000000005,-17.349999999999994,0.0,-7.799999999999997,-0.026999999999999247,-4.299999999999997,0.0,-1.9000000000000057,0.14199999999999946,1.75,0.0,33.349999999999994,0.018000000000000682,68.45000000000002,0.0,91.84999999999997,0.12399999999999878,145.15000000000003,0.0,73.69999999999999,1.4220000000000006,30.700000000000045,2.4730000000000008,-1.75,1.5119999999999996,-40.60000000000002,-12.285055555555555,-13.602857142857143,-11.623333333333333,460.49166666666673,3704.789,3708.044,3650.897,3673.8282,2.8929999999995744,3707.682
1.31,-11.051,-11.372,-11.112,-11.235,-11.235,-13.598,-13.598,-13.633,-13.633,-13.55,-13.55,-13.529,-13.529,-13.39,-13.39,-14.48,-14.296,-11.454,120.35,105.4,97.1,93.95,116.8,100.4,93.4,89.05000000000001,87.15,88.7,121.65,208.05,301.5,430.5,502.15,527.75,525.25,489.4500000000001,-13.749,-13.8,162.7,157.8,-0.32099999999999973,-14.949999999999989,0.2599999999999998,-8.300000000000011,-0.12299999999999933,-3.1499999999999915,0.0,22.849999999999994,-2.3630000000000013,-16.39999999999999,0.0,-7.0,-0.034999999999998366,-4.349999999999994,0.0,-1.9000000000000057,0.08299999999999841,1.5499999999999972,0.0,32.95,0.021000000000000796,86.4,0.0,93.44999999999999,0.13899999999999935,129.0,0.0,71.64999999999998,-1.0899999999999999,25.600000000000023,0.18400000000000105,-2.5,2.8419999999999987,-35.7999999999999,-12.86861111111111,-13.584428571428571,-13.423166666666669,462.7666666666667,3707.682,3704.789,3617.622,3675.7812,-80.29499999999962,3627.387
1.31,-10.976,-11.238,-11.18,-11.249,-11.249,-13.61,-13.61,-13.633,-13.633,-13.512,-13.512,-13.496,-13.496,-13.326,-13.326,-14.439,-14.221,-11.46,119.85,105.35,97.65,93.45,116.15,99.5,93.7,89.55,87.15,89.55,121.2,180.6,326.65,435.25,497.75,524.6,520.4,504.2,-13.751,-13.789,163.5,156.8,-0.2619999999999987,-14.5,0.05799999999999983,-7.699999999999989,-0.06900000000000084,-4.200000000000003,0.0,22.700000000000003,-2.360999999999999,-16.650000000000006,0.0,-5.799999999999997,-0.022999999999999687,-4.150000000000006,0.0,-2.3999999999999915,0.12099999999999866,2.3999999999999915,0.0,31.650000000000006,0.016000000000000014,59.39999999999999,0.0,146.04999999999998,0.16999999999999993,108.60000000000002,0.0,62.5,-1.1129999999999995,26.850000000000023,0.21799999999999997,-4.2000000000000455,2.7609999999999992,-16.19999999999999,-12.842555555555556,-13.572285714285712,-13.378,468.14166666666665,3627.387,3707.682,3631.004,3701.0271999999995,129.84699999999975,3757.234
1.31,-10.836,-11.163,-11.108,-11.17,-11.17,-13.559,-13.559,-13.583,-13.583,-13.542,-13.542,-13.485,-13.485,-13.29,-13.29,-14.484,-14.318,-11.504,119.3,105.0,97.5,93.35,116.0,100.25,93.5,89.95,86.65,89.30000000000001,119.85,176.14999999999998,361.25,445.05,495.6,520.1500000000001,516.35,514.5,-13.722,-13.758,164.8,155.2,-0.32699999999999996,-14.299999999999997,0.054999999999999716,-7.5,-0.06199999999999939,-4.150000000000006,0.0,22.650000000000006,-2.3889999999999993,-15.75,0.0,-6.75,-0.02400000000000091,-3.549999999999997,0.0,-3.299999999999997,0.04100000000000037,2.6500000000000057,0.0,30.549999999999983,0.057000000000000384,56.29999999999998,0.0,185.10000000000002,0.19500000000000028,83.80000000000001,0.0,50.55000000000001,-1.1940000000000008,24.550000000000068,0.16600000000000037,-3.800000000000068,2.814,-1.8500000000000227,-12.815055555555556,-13.55042857142857,-13.395166666666668,475.48333333333335,3757.234,3627.387,3708.044,3717.8095999999996,34.72200000000021,3791.956
1.31,-10.925,-11.211,-10.876,-10.928,-10.928,-13.552,-13.552,-13.6,-13.6,-13.467,-13.467,-13.449,-13.449,-13.263,-13.263,-14.402,-14.213,-11.432,119.05,104.85,97.3,94.35,116.1,100.4,93.2,90.15,86.2,88.4,115.9,165.10000000000002,328.9,460.95,494.9,518.35,521.95,518.6500000000001,-13.724,-13.758,166.1,154.0,-0.2859999999999996,-14.200000000000003,0.33500000000000085,-7.549999999999997,-0.05200000000000138,-2.950000000000003,0.0,21.75,-2.6239999999999988,-15.699999999999989,0.0,-7.200000000000003,-0.04800000000000004,-3.049999999999997,0.0,-3.950000000000003,0.13299999999999912,2.200000000000003,0.0,27.5,0.018000000000000682,49.20000000000002,0.0,163.79999999999995,0.18599999999999994,132.05,0.0,33.94999999999999,-1.1389999999999993,23.450000000000045,0.18900000000000006,3.6000000000000227,2.780999999999999,-3.2999999999999545,-12.754277777777776,-13.526714285714286,-13.337000000000002,473.95000000000005,3791.956,3757.234,3704.789,3745.6598,52.08399999999983,3844.04
1.31,-10.867,-11.183,-10.887,-10.984,-10.984,-13.554,-13.554,-13.552,-13.552,-13.449,-13.449,-13.43,-13.43,-13.236,-13.236,-14.432,-14.247,-11.428,120.1,104.45,97.45,94.6,115.35,99.45,92.75,90.25,86.1,87.85,108.4,153.8,282.5,479.2,498.55,518.7,524.15,516.85,-13.681,-13.703,166.9,152.9,-0.31599999999999895,-15.649999999999991,0.2959999999999994,-7.0,-0.09699999999999953,-2.8500000000000085,0.0,20.75,-2.5700000000000003,-15.899999999999991,0.0,-6.700000000000003,0.002000000000000668,-2.5,0.0,-4.150000000000006,0.10299999999999976,1.75,0.0,20.55000000000001,0.019000000000000128,45.400000000000006,0.0,128.7,0.19399999999999906,196.7,0.0,19.350000000000023,-1.1959999999999997,20.150000000000034,0.1850000000000005,5.449999999999932,2.818999999999999,-7.2999999999999545,-12.747444444444442,-13.505714285714285,-13.334833333333334,469.9916666666666,3844.04,3791.956,3707.682,3777.4885999999997,22.786000000000058,3866.826
1.31,-10.844,-11.188,-10.893,-10.939,-10.939,-13.524,-13.524,-13.534,-13.534,-13.459,-13.459,-13.453,-13.453,-13.271,-13.271,-14.327,-14.119,-11.428,121.1,104.1,97.35,94.3,115.2,99.35,92.3,90.0,86.35,87.65,104.35,147.4,264.4,466.3,500.85,516.7,517.0,513.7,-13.662,-13.691,167.1,151.8,-0.3440000000000012,-17.0,0.29499999999999993,-6.75,-0.045999999999999375,-3.049999999999997,0.0,20.900000000000006,-2.584999999999999,-15.850000000000009,0.0,-7.049999999999997,-0.010000000000001563,-2.299999999999997,0.0,-3.6500000000000057,0.07500000000000107,1.3000000000000114,0.0,16.69999999999999,0.006000000000000227,43.05000000000001,0.0,116.99999999999997,0.1819999999999986,201.90000000000003,0.0,34.55000000000001,-1.0559999999999992,15.850000000000023,0.20800000000000018,0.2999999999999545,2.690999999999999,-3.2999999999999545,-12.731055555555557,-13.498142857142858,-13.3115,463.1583333333333,3866.826,3844.04,3627.387,3826.9678,7.95699999999988,3874.783
1.31,-10.83,-11.183,-10.871,-10.962,-10.962,-13.515,-13.515,-13.543,-13.543,-13.468,-13.468,-13.447,-13.447,-13.298,-13.298,-14.29,-13.786,-11.397,120.95,104.1,97.25,94.2,115.0,100.3,91.75,89.85,86.35,87.6,102.7,146.6,249.05,419.5,510.15,525.3,520.25,505.7,-13.675,-13.719,166.8,152.4,-0.35299999999999976,-16.85000000000001,0.3119999999999994,-6.849999999999994,-0.0909999999999993,-3.049999999999997,0.0,20.799999999999997,-2.553000000000001,-14.700000000000003,0.0,-8.549999999999997,-0.027999999999998693,-1.9000000000000057,0.0,-3.5,0.07499999999999929,1.25,0.0,15.100000000000009,0.021000000000000796,43.89999999999999,0.0,102.45000000000002,0.14899999999999913,170.45,0.0,90.64999999999998,-0.9919999999999991,15.149999999999977,0.5039999999999996,-5.0499999999999545,2.3889999999999993,-14.550000000000011,-12.712388888888889,-13.499857142857143,-13.252666666666668,454.9916666666666,3874.783,3866.826,3757.234,3871.745,106.33699999999999,3981.12
1.31,-10.874,-11.175,-10.848,-10.947,-10.947,-13.519,-13.519,-13.551,-13.551,-13.474,-13.474,-13.458,-13.458,-13.332,-13.332,-14.066,-13.737,-11.238,120.1,104.4,97.2,94.1,113.3,101.15,91.0,89.25,86.25,87.65,105.1,143.9,231.5,399.35,518.0999999999999,532.4000000000001,523.7,498.8,-13.675,-13.732,166.0,153.2,-0.30100000000000016,-15.699999999999989,0.32699999999999996,-7.200000000000003,-0.09899999999999842,-3.1000000000000085,0.0,19.200000000000003,-2.572000000000001,-12.149999999999991,0.0,-10.150000000000006,-0.03200000000000003,-1.75,0.0,-3.0,0.07699999999999996,1.4000000000000057,0.0,17.44999999999999,0.016000000000000014,38.80000000000001,0.0,87.6,0.12599999999999945,167.85000000000002,0.0,118.74999999999989,-0.734,14.300000000000182,0.3290000000000006,-8.700000000000045,2.4990000000000006,-24.900000000000034,-12.694444444444445,-13.50657142857143,-13.193833333333332,450.6416666666667,3981.12,3874.783,3791.956,3926.5048,84.63500000000022,4065.755
1.31,-10.993,-11.2,-10.95,-11.086,-11.086,-13.572,-13.572,-13.572,-13.572,-13.507,-13.507,-13.499,-13.499,-13.367,-13.367,-13.947,-13.759,-11.318,119.7,105.2,97.0,94.05,113.9,101.1,90.65,88.55,86.4,87.94999999999999,114.15,144.45,229.6,381.35,501.35,537.4000000000001,525.85,497.4,-13.685,-13.719,164.5,153.6,-0.20699999999999896,-14.5,0.25,-8.200000000000003,-0.136000000000001,-2.950000000000003,0.0,19.85000000000001,-2.485999999999999,-12.800000000000011,0.0,-10.449999999999989,0.0,-2.1000000000000085,0.0,-2.1499999999999915,0.0649999999999995,1.549999999999983,0.0,26.200000000000017,0.007999999999999119,30.299999999999983,0.0,85.15,0.13199999999999967,151.75000000000003,0.0,120.0,-0.5799999999999983,36.05000000000007,0.18799999999999883,-11.550000000000068,2.4410000000000007,-28.450000000000045,-12.742944444444445,-13.543000000000001,-13.2095,445.49166666666673,4065.755,3981.12,3844.04,3985.1708,71.61499999999978,4137.37
1.31,-11.062,-11.312,-10.975,-11.071,-11.071,-13.564,-13.564,-13.581,-13.581,-13.514,-13.514,-13.492,-13.492,-13.367,-13.367,-13.945,-13.762,-11.366,119.4,105.25,96.7,94.0,115.65,100.75,90.2,87.95,86.55,88.5,113.45,138.0,236.25,371.5,474.5,517.1,525.3499999999999,495.25,-13.707,-13.744,162.6,153.5,-0.25,-14.150000000000006,0.33699999999999974,-8.549999999999997,-0.09600000000000009,-2.700000000000003,0.0,21.650000000000006,-2.4930000000000003,-14.900000000000006,0.0,-10.549999999999997,-0.01699999999999946,-2.25,0.0,-1.4000000000000057,0.06700000000000017,1.9500000000000028,0.0,24.950000000000003,0.021999999999998465,24.549999999999997,0.0,98.25,0.125,135.25,0.0,103.0,-0.5779999999999994,42.60000000000002,0.18299999999999983,8.249999999999886,2.396000000000001,-30.09999999999991,-12.755555555555553,-13.544285714285715,-13.216499999999998,436.6583333333333,4137.37,4065.755,3866.826,4036.603,-13.38299999999981,4123.987
1.31,-11.204,-11.411,-10.965,-11.071,-11.071,-13.562,-13.562,-13.59,-13.59,-13.53,-13.53,-13.502,-13.502,-13.373,-13.373,-13.777,-13.581,-11.387,119.7,104.85,96.65,93.8,116.35,100.55,89.6,87.6,86.55,88.6,112.15,147.5,239.0,359.70000000000005,467.05,500.35,510.9500000000001,494.1,-13.715,-13.774,161.1,152.7,-0.20699999999999896,-14.850000000000009,0.44599999999999973,-8.199999999999989,-0.10599999999999987,-2.8500000000000085,0.0,22.549999999999997,-2.4909999999999997,-15.799999999999997,0.0,-10.950000000000003,-0.02800000000000047,-2.0,0.0,-1.0499999999999972,0.0600000000000005,2.049999999999997,0.0,23.55000000000001,0.027999999999998693,35.349999999999994,0.0,91.5,0.12900000000000134,120.70000000000005,0.0,107.34999999999997,-0.4039999999999999,33.30000000000001,0.19599999999999973,10.60000000000008,2.193999999999999,-16.85000000000008,-12.754499999999998,-13.552285714285714,-13.1655,428.52500000000003,4123.987,4137.37,3874.783,4099.2476,64.01900000000023,4188.006
1.31,-11.249,-11.442,-10.971,-11.101,-11.101,-13.577,-13.577,-13.6,-13.6,-13.531,-13.531,-13.515,-13.515,-13.381,-13.381,-13.788,-13.556,-11.386,120.35,104.5,97.45,93.4,116.1,100.4,89.6,87.45,86.35,88.80000000000001,119.85,148.5,219.0,378.6,466.05,497.05,499.0,504.05,-13.724,-13.763,159.9,151.9,-0.19299999999999962,-15.849999999999994,0.4710000000000001,-7.049999999999997,-0.13000000000000078,-4.049999999999997,0.0,22.69999999999999,-2.475999999999999,-15.699999999999989,0.0,-10.800000000000011,-0.022999999999999687,-2.1499999999999915,0.0,-1.1000000000000085,0.06899999999999906,2.450000000000017,0.0,31.049999999999983,0.016000000000000014,28.650000000000006,0.0,70.5,0.13400000000000034,159.60000000000002,0.0,87.44999999999999,-0.40700000000000003,31.0,0.2320000000000011,1.9499999999999886,2.17,5.050000000000011,-12.76677777777778,-13.56157142857143,-13.167833333333332,427.2916666666667,4188.006,4123.987,3981.12,4138.2378,-11.9350000000004,4176.071
1.31,-11.157,-11.444,-10.994,-11.101,-11.101,-13.6,-13.6,-13.617,-13.617,-13.519,-13.519,-13.519,-13.519,-13.368,-13.368,-13.818,-13.606,-11.282,119.35,104.0,97.7,93.15,114.45,100.05,90.15,87.05,86.1,88.80000000000001,131.6,137.9,210.7,381.9,458.95,503.05,502.85,490.1,-13.722,-13.763,158.9,149.9,-0.2870000000000008,-15.349999999999994,0.45000000000000107,-6.299999999999997,-0.1070000000000011,-4.549999999999997,0.0,21.299999999999997,-2.4989999999999988,-14.400000000000006,0.0,-9.899999999999991,-0.017000000000001236,-3.1000000000000085,0.0,-0.9500000000000028,0.09800000000000075,2.700000000000017,0.0,42.79999999999998,0.0,6.300000000000011,0.0,72.79999999999998,0.1509999999999998,171.2,0.0,77.05000000000001,-0.4499999999999993,44.10000000000002,0.21199999999999974,-0.19999999999998863,2.324,-12.75,-12.763833333333334,-13.570142857142859,-13.160166666666667,424.59166666666664,4176.071,4188.006,4065.755,4164.1348,19.16899999999987,4195.24
1.31,-11.097,-11.409,-10.934,-11.044,-11.044,-13.585,-13.585,-13.601,-13.601,-13.554,-13.554,-13.538,-13.538,-13.379,-13.379,-13.856,-13.643,-11.27,117.35,103.85,97.6,93.15,113.7,99.9,90.5,86.7,86.1,88.4,134.7,129.75,226.15,372.3,459.75,498.6,508.8,479.75,-13.724,-13.751,158.2,149.6,-0.31200000000000117,-13.5,0.4750000000000014,-6.25,-0.11000000000000121,-4.449999999999989,0.0,20.549999999999997,-2.5410000000000004,-13.799999999999997,0.0,-9.400000000000006,-0.016000000000000014,-3.799999999999997,0.0,-0.6000000000000085,0.0470000000000006,2.3000000000000114,0.0,46.29999999999998,0.016000000000000014,-4.949999999999989,0.0,96.4,0.1590000000000007,146.15,0.0,87.44999999999999,-0.4770000000000003,38.85000000000002,0.2129999999999992,10.199999999999989,2.373000000000001,-29.05000000000001,-12.756166666666667,-13.574,-13.1775,424.2250000000001,4195.24,4176.071,4137.37,4176.577,4.341000000000349,4199.581
1.31,-10.963,-11.258,-10.965,-11.118,-11.118,-13.656,-13.656,-13.634,-13.634,-13.609,-13.609,-13.682,-13.682,-13.562,-13.562,-13.886,-13.688,-11.288,116.6,104.4,97.2,93.9,113.15,99.9,90.6,86.55000000000001,86.2,87.95,125.5,123.8,221.3,351.9,469.95,505.45,510.05,479.4500000000001,-13.794,-13.824,157.4,149.1,-0.29499999999999993,-12.199999999999989,0.29299999999999926,-7.200000000000003,-0.15300000000000047,-3.299999999999997,0.0,19.25,-2.5380000000000003,-13.25,0.0,-9.300000000000011,0.02200000000000024,-4.049999999999983,0.0,-0.3500000000000085,0.025000000000000355,1.75,0.0,37.55,-0.0730000000000004,-1.7000000000000028,0.0,97.50000000000001,0.120000000000001,130.59999999999997,0.0,118.05000000000001,-0.32399999999999984,35.5,0.19799999999999862,4.600000000000023,2.4000000000000004,-30.59999999999991,-12.809444444444445,-13.639999999999999,-13.277999999999999,423.0166666666667,4199.581,4195.24,4123.987,4191.044599999999,-3.256000000000313,4196.325
1.31,-11.064,-11.362,-10.991,-11.134,-11.134,-13.897,-13.897,-13.765,-13.765,-13.808,-13.808,-13.8,-13.8,-13.656,-13.656,-13.96,-13.798,-11.346,117.45,104.15,96.9,94.2,113.35,100.05,90.55,86.9,86.4,87.85,116.25,122.6,200.65,353.0,472.15,517.6,525.5,480.0,-13.929,-13.963,155.9,149.1,-0.29800000000000004,-13.299999999999997,0.37100000000000044,-7.25,-0.14300000000000068,-2.700000000000003,0.0,19.14999999999999,-2.763,-13.299999999999997,0.0,-9.5,0.13199999999999967,-3.6499999999999915,0.0,-0.5,-0.04299999999999926,1.4499999999999886,0.0,28.400000000000006,0.007999999999999119,6.349999999999994,0.0,78.05000000000001,0.14400000000000013,152.35,0.0,119.14999999999998,-0.30400000000000027,45.450000000000045,0.1620000000000008,7.899999999999977,2.452,-45.5,-12.924500000000002,-13.819999999999999,-13.369333333333335,424.81666666666666,4196.325,4199.581,4188.006,4216.2184,117.55000000000018,4313.875
1.31,-11.306,-11.532,-11.124,-11.145,-11.145,-13.873,-13.873,-13.887,-13.887,-14.053,-14.053,-14.059,-14.059,-14.068,-14.068,-13.991,-13.808,-11.399,118.65,103.2,96.65,94.15,113.2,100.75,90.75,86.9,86.5,87.6,108.15,130.7,185.45,364.45,463.85,513.35,533.25,480.15,-14.015,-14.038,154.7,149.8,-0.22600000000000087,-15.450000000000003,0.4079999999999995,-6.549999999999997,-0.02099999999999902,-2.5,0.0,19.049999999999997,-2.7279999999999998,-12.450000000000003,0.0,-10.0,-0.014000000000001123,-3.8499999999999943,0.0,-0.4000000000000057,-0.16600000000000037,1.0999999999999943,0.0,20.55000000000001,-0.005999999999998451,22.549999999999983,0.0,54.75,-0.009000000000000341,179.0,0.0,99.40000000000003,0.07699999999999996,49.5,0.18299999999999983,19.899999999999977,2.4090000000000007,-53.10000000000002,-13.073888888888892,-13.954999999999998,-13.5655,423.4166666666667,4313.875,4196.325,4176.071,4331.8868,440.53799999999956,4754.413
1.31,-11.428,-11.725,-11.013,-11.118,-11.118,-14.107,-14.107,-14.132,-14.132,-14.327,-14.327,-14.293,-14.293,-14.164,-14.164,-14.054,-13.883,-11.415,118.9,102.4,97.1,93.8,112.65,101.35,90.7,86.85,86.45,87.45,104.45,142.8,177.3,336.85,454.55,505.0,524.45,488.4500000000001,-14.448,-14.632,153.7,150.6,-0.2969999999999988,-16.5,0.7119999999999997,-5.300000000000011,-0.10500000000000043,-3.299999999999997,0.0,18.85000000000001,-2.988999999999999,-11.300000000000011,0.0,-10.649999999999991,-0.025000000000000355,-3.8500000000000085,0.0,-0.3999999999999915,-0.19500000000000028,1.0,0.0,17.0,0.034000000000000696,38.35000000000001,0.0,34.5,0.12899999999999956,159.55,0.0,117.69999999999999,0.10999999999999943,50.44999999999999,0.17100000000000115,19.450000000000045,2.468,-35.99999999999994,-13.211111111111112,-14.203571428571426,-13.66216666666667,414.4333333333334,4754.413,4313.875,4195.24,4463.325,98.01800000000003,4852.431
1.31,-11.491,-11.738,-11.056,-11.185,-11.185,-14.357,-14.357,-14.405,-14.405,-14.341,-14.341,-14.326,-14.326,-14.209,-14.209,-14.042,-13.836,-11.401,119.6,102.55,97.5,93.65,112.25,101.55,90.55,86.95,86.45,87.55000000000001,106.6,152.95,186.25,306.70000000000005,455.55,498.85,513.05,487.3,-14.564,-14.587,152.9,151.7,-0.2469999999999999,-17.049999999999997,0.6820000000000004,-5.049999999999997,-0.12900000000000134,-3.8499999999999943,0.0,18.599999999999994,-3.171999999999999,-10.700000000000003,0.0,-11.0,-0.04800000000000004,-3.5999999999999943,0.0,-0.5,0.06400000000000006,1.1000000000000085,0.0,19.049999999999983,0.014999999999998792,46.349999999999994,0.0,33.30000000000001,0.11700000000000088,120.45000000000005,0.0,148.84999999999997,0.16699999999999982,43.30000000000001,0.20599999999999952,14.199999999999932,2.4350000000000005,-25.749999999999943,-13.289444444444447,-14.361714285714283,-13.670499999999999,407.95,4852.431,4754.413,4199.581,4542.969,-254.6299999999992,4597.801
1.33,-11.664,-11.799,-10.763,-11.25,-11.25,-14.408,-14.408,-14.445,-14.445,-14.371,-14.371,-14.358,-14.358,-14.205,-14.205,-14.023,-13.867,-11.408,119.1,103.15,96.75,93.4,112.45,101.35,90.4,87.2,86.4,87.44999999999999,118.65,163.95,211.7,298.55,452.4,503.5,510.2,485.6,-14.589,-14.622,152.6,152.9,-0.1349999999999998,-15.949999999999989,1.0359999999999996,-6.400000000000006,-0.4870000000000001,-3.3499999999999943,0.0,19.049999999999997,-3.1579999999999995,-11.100000000000009,0.0,-10.949999999999989,-0.03700000000000081,-3.200000000000003,0.0,-0.7999999999999972,0.07399999999999984,1.049999999999983,0.0,31.200000000000017,0.0129999999999999,45.29999999999998,0.0,47.75,0.15300000000000047,86.85000000000002,0.0,153.84999999999997,0.18200000000000038,51.10000000000002,0.1559999999999988,6.699999999999989,2.4590000000000014,-24.599999999999966,-13.311,-14.400857142857143,-13.677666666666667,410.32500000000005,4597.801,4852.431,4196.325,4629.4128,30.742999999999483,4628.544
1.33,-11.664,-11.872,-11.04,-11.209,-11.209,-14.439,-14.439,-14.452,-14.452,-14.394,-14.394,-14.366,-14.366,-14.222,-14.222,-13.92,-13.666,-11.405,118.45,103.4,95.8,93.6,112.8,100.55,90.1,87.15,86.2,87.35,122.7,161.8,241.4,286.70000000000005,433.25,498.1,513.45,476.6,-14.61,-14.647,152.9,154.1,-0.20800000000000018,-15.049999999999997,0.8320000000000007,-7.6000000000000085,-0.16900000000000048,-2.200000000000003,0.0,19.200000000000003,-3.2300000000000004,-12.25,0.0,-10.450000000000003,-0.0129999999999999,-2.9499999999999886,0.0,-0.9500000000000028,0.05799999999999983,1.1499999999999915,0.0,35.35000000000001,0.02800000000000047,39.10000000000001,0.0,79.6,0.14400000000000013,45.30000000000004,0.0,146.54999999999995,0.3019999999999996,64.85000000000002,0.25399999999999956,15.350000000000023,2.261000000000001,-36.85000000000002,-13.318388888888888,-14.419428571428572,-13.6335,408.25,4628.544,4597.801,4313.875,4702.3294000000005,49.91399999999976,4678.458
1.33,-11.721,-11.952,-11.119,-11.224,-11.224,-14.438,-14.438,-14.475,-14.475,-14.409,-14.409,-14.384,-14.384,-14.241,-14.241,-13.826,-13.685,-11.417,118.85,104.0,95.45,94.1,112.6,100.0,90.3,87.05000000000001,86.45,87.9,117.35,172.65,276.79999999999995,319.75,421.4,476.6,504.15,473.6,-14.631,-14.657,153.9,155.8,-0.23099999999999987,-14.849999999999994,0.8330000000000002,-8.549999999999997,-0.10500000000000043,-1.3500000000000085,0.0,18.5,-3.2140000000000004,-12.599999999999994,0.0,-9.700000000000003,-0.036999999999999034,-3.249999999999986,0.0,-0.6000000000000085,0.06599999999999895,1.4500000000000028,0.0,29.44999999999999,0.025000000000000355,55.30000000000001,0.0,104.14999999999995,0.14300000000000068,42.950000000000045,0.0,101.64999999999998,0.41499999999999915,55.200000000000045,0.14100000000000001,27.549999999999955,2.2680000000000007,-30.549999999999955,-13.336777777777776,-14.43257142857143,-13.632333333333333,412.04999999999995,4678.458,4628.544,4754.413,4675.709,-57.146999999999935,4621.311
1.33,-11.62,-11.9,-11.17,-11.302,-11.302,-14.456,-14.456,-14.509,-14.509,-14.381,-14.381,-14.373,-14.373,-14.222,-14.222,-13.759,-13.574,-11.412,119.25,104.5,95.85,93.8,112.3,99.6,90.75,86.85,86.5,90.3,111.0,188.15,291.79999999999995,356.4,405.85,474.8,489.05,473.5,-14.648,-14.649,155.2,157.4,-0.28000000000000114,-14.75,0.7300000000000004,-8.650000000000006,-0.13199999999999967,-2.049999999999997,0.0,18.5,-3.154,-12.700000000000003,0.0,-8.849999999999994,-0.053000000000000824,-3.9000000000000057,0.0,-0.3499999999999943,0.1280000000000001,3.799999999999997,0.0,20.700000000000003,0.008000000000000895,77.15,0.0,103.64999999999995,0.1509999999999998,64.60000000000002,0.0,49.450000000000045,0.4629999999999992,68.94999999999999,0.1850000000000005,14.25,2.161999999999999,-15.550000000000011,-13.328944444444446,-14.437857142857144,-13.59366666666667,415.2333333333333,4621.311,4678.458,4852.431,4615.0898,-71.97599999999966,4549.335
1.33,-11.56,-11.879,-11.188,-11.247,-11.247,-14.45,-14.45,-14.479,-14.479,-14.4,-14.4,-14.365,-14.365,-14.213,-14.213,-13.8,-13.598,-11.35,118.65,104.55,96.2,92.75,111.95,99.2,91.0,86.7,89.45,89.19999999999999,112.65,195.9,305.5,389.4500000000001,405.75,456.85,487.4,464.2000000000001,-14.638,-14.654,156.7,158.0,-0.31899999999999906,-14.100000000000009,0.690999999999999,-8.349999999999994,-0.058999999999999275,-3.450000000000003,0.0,19.200000000000003,-3.2029999999999994,-12.75,0.0,-8.200000000000003,-0.028999999999999915,-4.299999999999997,0.0,2.75,0.07899999999999885,-0.2500000000000142,0.0,23.450000000000017,0.03500000000000014,83.25,0.0,109.6,0.15200000000000102,83.9500000000001,0.0,16.299999999999898,0.4129999999999985,51.10000000000002,0.20199999999999996,30.549999999999955,2.248000000000001,-23.199999999999875,-13.315722222222224,-14.431857142857142,-13.589833333333331,418.1916666666668,4549.335,4621.311,4597.801,4593.6053999999995,-58.95600000000013,4490.379
1.33,-11.557,-11.793,-11.184,-11.312,-11.312,-14.47,-14.47,-14.48,-14.48,-14.4,-14.4,-14.351,-14.351,-14.2,-14.2,-13.526,-13.364,-11.336,117.8,105.1,96.55,92.3,112.4,98.8,91.0,86.80000000000001,88.4,88.2,113.85,185.95,327.0,419.55,424.35,467.25,478.05,457.0,-14.641,-14.654,158.3,157.4,-0.23599999999999888,-12.700000000000003,0.609,-8.549999999999997,-0.1280000000000001,-4.25,0.0,20.10000000000001,-3.1580000000000013,-13.600000000000009,0.0,-7.799999999999997,-0.009999999999999787,-4.199999999999989,0.0,1.5999999999999943,0.08000000000000007,-0.20000000000000284,0.0,25.64999999999999,0.04899999999999949,72.1,0.0,141.05,0.15100000000000158,92.55000000000001,0.0,4.800000000000011,0.6739999999999995,42.89999999999998,0.16199999999999903,10.800000000000011,2.0280000000000005,-21.05000000000001,-13.288111111111112,-14.435857142857145,-13.496166666666667,428.86666666666673,4490.379,4549.335,4628.544,4546.5136,-97.29399999999987,4393.085
1.33,-11.563,-11.821,-11.184,-11.29,-11.29,-14.453,-14.453,-14.477,-14.477,-14.389,-14.389,-14.369,-14.369,-14.197,-14.197,-13.54,-13.328,-11.336,117.2,105.4,96.85,92.7,112.6,97.95,90.85,87.1,87.75,87.65,119.05,174.35,353.25,428.1,443.45,488.55,496.9,452.2000000000001,-14.632,-14.646,159.7,156.7,-0.2579999999999991,-11.799999999999997,0.6370000000000005,-8.550000000000011,-0.10599999999999987,-4.1499999999999915,0.0,19.89999999999999,-3.1630000000000003,-14.649999999999991,0.0,-7.1000000000000085,-0.02400000000000091,-3.75,0.0,0.6500000000000057,0.08800000000000097,-0.09999999999999432,0.0,31.39999999999999,0.019999999999999574,55.3,0.0,178.9,0.1720000000000006,74.85000000000002,0.0,15.349999999999966,0.657,45.10000000000002,0.21199999999999974,8.349999999999966,1.991999999999999,-44.699999999999875,-13.284555555555558,-14.429571428571426,-13.4945,443.74166666666673,4393.085,4490.379,4678.458,4476.4904,-64.7430000000004,4328.342
1.33,-11.518,-11.756,-11.249,-11.376,-11.376,-14.437,-14.437,-14.479,-14.479,-14.375,-14.375,-14.37,-14.37,-14.182,-14.182,-13.567,-13.374,-11.238,117.35,104.75,96.55,93.2,111.0,97.5,90.8,87.3,87.4,87.5,118.8,160.8,337.5,445.6,466.9,502.15,514.5,448.8,-14.632,-14.641,160.7,155.8,-0.23799999999999955,-12.599999999999994,0.5069999999999997,-8.200000000000003,-0.1269999999999989,-3.3499999999999943,0.0,17.799999999999997,-3.061,-13.5,0.0,-6.700000000000003,-0.041999999999999815,-3.5,0.0,0.10000000000000853,0.1039999999999992,0.09999999999999432,0.0,31.299999999999997,0.005000000000000782,42.000000000000014,0.0,176.7,0.18799999999999883,108.10000000000002,0.0,21.299999999999955,0.6150000000000002,35.25,0.19299999999999962,12.350000000000023,2.136000000000001,-65.69999999999999,-13.285555555555554,-14.421714285714286,-13.4855,452.57500000000005,4328.342,4393.085,4621.311,4405.7438,-60.763999999999214,4267.578
1.33,-11.453,-11.73,-11.299,-11.356,-11.356,-14.435,-14.435,-14.458,-14.458,-14.364,-14.364,-14.343,-14.343,-14.177,-14.177,-13.566,-13.422,-11.264,117.45,103.85,96.45,93.3,109.9,97.9,90.6,87.3,87.25,87.75,113.3,151.75,317.35,462.9,481.55,517.35,526.2,458.65,-14.624,-14.657,161.1,153.4,-0.277000000000001,-13.600000000000009,0.43100000000000094,-7.3999999999999915,-0.057000000000000384,-3.1500000000000057,0.0,16.60000000000001,-3.0790000000000006,-12.0,0.0,-7.300000000000011,-0.022999999999999687,-3.299999999999997,0.0,-0.04999999999999716,0.09399999999999942,0.5,0.0,25.549999999999997,0.021000000000000796,38.45,0.0,165.60000000000002,0.16600000000000037,145.54999999999995,0.0,18.650000000000034,0.6109999999999989,35.80000000000001,0.14400000000000013,8.850000000000023,2.1580000000000013,-67.55000000000007,-13.277777777777777,-14.40814285714286,-13.4915,460.66666666666674,4267.578,4328.342,4549.335,4344.6182,-23.871000000000095,4243.707
1.33,-11.428,-11.717,-11.263,-11.373,-11.373,-14.433,-14.433,-14.45,-14.45,-14.402,-14.402,-14.433,-14.433,-14.2,-14.2,-13.593,-13.45,-11.355,117.1,103.2,96.85,93.55,108.8,98.25,90.3,87.25,87.15,88.25,110.65,149.4,298.20000000000005,467.65,492.6,525.8499999999999,536.4,468.65,-14.608,-14.629,161.1,153.3,-0.2889999999999997,-13.899999999999991,0.4540000000000006,-6.3500000000000085,-0.10999999999999943,-3.299999999999997,0.0,15.25,-3.0600000000000005,-10.549999999999997,0.0,-7.950000000000003,-0.01699999999999946,-3.049999999999997,0.0,-0.09999999999999432,0.04800000000000004,1.0999999999999943,0.0,22.400000000000006,-0.031000000000000583,38.75,0.0,148.80000000000004,0.23300000000000054,169.44999999999993,0.0,24.950000000000045,0.6069999999999993,33.249999999999886,0.14300000000000068,10.550000000000068,2.094999999999999,-67.75,-13.299333333333328,-14.429000000000002,-13.5385,464.89166666666665,4243.707,4267.578,4490.379,4285.6628,-48.10500000000047,4195.602
1.33,-11.618,-11.8,-11.228,-11.351,-11.351,-14.431,-14.431,-14.483,-14.483,-14.393,-14.393,-14.392,-14.392,-14.251,-14.251,-13.561,-13.411,-11.392,117.05,103.3,96.85,93.5,108.3,99.0,90.5,87.25,87.1,88.45,116.5,154.5,268.29999999999995,456.2,504.25,532.65,540.55,476.4,-14.679,-14.692,160.9,152.9,-0.18200000000000038,-13.75,0.572000000000001,-6.450000000000003,-0.12300000000000111,-3.3499999999999943,0.0,14.799999999999997,-3.0799999999999983,-9.299999999999997,0.0,-8.5,-0.05200000000000138,-3.25,0.0,-0.15000000000000568,0.08999999999999986,1.3500000000000085,0.0,28.049999999999997,0.0010000000000012221,38.0,0.0,113.79999999999995,0.14100000000000001,187.90000000000003,0.0,48.05000000000001,0.6899999999999995,28.399999999999977,0.15000000000000036,7.899999999999977,2.019,-64.14999999999998,-13.31177777777778,-14.429428571428572,-13.543,463.05833333333334,4195.602,4243.707,4393.085,4263.6720000000005,87.52900000000045,4283.131
1.33,-11.634,-11.818,-11.28,-11.353,-11.353,-14.468,-14.468,-14.48,-14.48,-14.422,-14.422,-14.431,-14.431,-14.325,-14.325,-13.555,-13.4,-11.33,117.75,103.25,96.3,93.25,108.7,99.35,90.45,86.95,86.65,87.95,133.75,171.85000000000002,262.15,431.25,513.8499999999999,539.9,543.1500000000001,483.75,-14.643,-14.643,160.1,153.4,-0.18399999999999928,-14.5,0.5380000000000003,-6.950000000000003,-0.0730000000000004,-3.049999999999997,0.0,15.450000000000003,-3.115,-9.350000000000009,0.0,-8.899999999999991,-0.012000000000000455,-3.5,0.0,-0.29999999999999716,0.05799999999999983,1.2999999999999972,0.0,45.8,-0.008999999999998565,38.10000000000002,0.0,90.29999999999995,0.10599999999999987,169.10000000000002,0.0,82.59999999999991,0.7699999999999996,26.050000000000068,0.15499999999999936,3.2500000000001137,2.0700000000000003,-59.40000000000009,-13.331944444444447,-14.453,-13.561,462.3416666666667,4283.131,4195.602,4328.342,4275.029,101.9960000000001,4385.127
1.33,-11.401,-11.711,-11.194,-11.308,-11.308,-14.493,-14.493,-14.506,-14.506,-14.197,-14.197,-14.16,-14.16,-14.048,-14.048,-13.54,-13.382,-11.327,118.05,102.9,96.15,93.5,110.5,99.8,89.8,86.9,86.44999999999999,87.4,130.9,173.8,263.4,413.35,507.5,531.7,537.35,487.5,-14.686,-14.705,159.4,154.4,-0.3100000000000005,-15.149999999999991,0.5169999999999995,-6.75,-0.11399999999999899,-2.6500000000000057,0.0,17.0,-3.1850000000000005,-10.700000000000003,0.0,-10.0,-0.0129999999999999,-2.8999999999999915,0.0,-0.45000000000001705,0.30900000000000105,0.950000000000017,0.0,43.5,0.036999999999999034,42.900000000000006,0.0,89.59999999999997,0.1120000000000001,149.95000000000005,0.0,94.14999999999998,0.5080000000000009,24.200000000000045,0.15799999999999947,5.649999999999977,2.0549999999999997,-49.85000000000002,-13.221055555555555,-14.364571428571429,-13.417499999999999,456.8,4385.127,4283.131,4267.578,4280.382,-90.78400000000056,4294.343
1.33,-11.263,-11.577,-11.217,-11.401,-11.401,-14.242,-14.242,-14.267,-14.267,-13.948,-13.948,-13.926,-13.926,-13.804,-13.804,-13.523,-13.354,-11.406,116.8,102.6,96.1,93.45,113.85,99.6,89.35,87.25,87.69999999999999,87.75,122.95,180.55,291.45000000000005,400.05,506.95,532.8499999999999,535.5,488.95,-14.379,-14.28,158.8,155.0,-0.31400000000000006,-14.200000000000003,0.35999999999999943,-6.5,-0.18399999999999928,-2.6499999999999915,0.0,20.39999999999999,-2.841000000000001,-14.25,0.0,-10.25,-0.02499999999999858,-2.0999999999999943,0.0,0.44999999999998863,0.31899999999999906,0.05000000000001137,0.0,35.2,0.02200000000000024,57.60000000000001,0.0,110.90000000000003,0.12199999999999989,108.59999999999997,0.0,106.89999999999998,0.2810000000000006,25.89999999999992,0.16900000000000048,2.650000000000091,1.9479999999999986,-46.55000000000001,-13.08422222222222,-14.120000000000003,-13.302833333333334,459.2916666666667,4294.343,4385.127,4243.707,4310.981000000001,102.35900000000038,4396.702
1.33,-11.204,-11.543,-11.237,-11.338,-11.338,-14.006,-14.006,-14.041,-14.041,-13.948,-13.948,-13.927,-13.927,-13.795,-13.795,-13.487,-13.302,-11.331,115.1,102.5,96.2,93.2,115.45,98.95,89.55,87.0,93.95,95.3,114.35,190.95,307.6,402.75,489.25,516.5,520.55,495.9500000000001,-14.172,-14.179,158.6,155.5,-0.33899999999999864,-12.599999999999994,0.30599999999999916,-6.299999999999997,-0.10099999999999909,-3.0,0.0,22.25,-2.668000000000001,-16.5,0.0,-9.400000000000006,-0.03500000000000014,-2.549999999999997,0.0,6.950000000000003,0.09299999999999997,1.3499999999999943,0.0,19.049999999999997,0.021000000000000796,76.6,0.0,116.65000000000003,0.13199999999999967,95.14999999999998,0.0,86.5,0.30799999999999983,27.25,0.1850000000000005,4.0499999999999545,1.971,-24.599999999999852,-13.011888888888885,-13.988142857142858,-13.272833333333336,455.43333333333334,4396.702,4294.343,4195.602,4322.338,-144.3150000000005,4252.387
1.33,-11.3,-11.572,-11.267,-11.328,-11.328,-14.006,-14.006,-14.022,-14.022,-13.951,-13.951,-13.927,-13.927,-13.779,-13.779,-13.484,-13.31,-11.334,114.85,102.6,95.9,92.95,116.4,98.65,92.0,86.5,105.6,118.15,106.45,185.2,310.4,412.5,480.75,512.0999999999999,525.8,491.7000000000001,-14.176,-14.176,159.0,155.3,-0.27199999999999847,-12.25,0.3049999999999997,-6.699999999999989,-0.06099999999999994,-2.950000000000003,0.0,23.450000000000003,-2.678000000000001,-17.75,0.0,-6.650000000000006,-0.016000000000000014,-5.5,0.0,19.099999999999994,0.07099999999999973,12.550000000000011,0.0,-11.700000000000003,0.02400000000000091,78.74999999999999,0.0,125.19999999999999,0.1479999999999997,102.10000000000002,0.0,68.25,0.29499999999999993,31.34999999999991,0.1739999999999995,13.700000000000045,1.9760000000000009,-34.09999999999985,-13.016277777777779,-13.983571428571427,-13.268833333333333,455.54166666666674,4252.387,4396.702,4283.131,4303.8918,-61.48700000000008,4190.9
1.33,-11.521,-11.664,-11.202,-11.28,-11.28,-14.003,-14.003,-14.021,-14.021,-13.946,-13.946,-13.905,-13.905,-13.77,-13.77,-13.499,-13.258,-11.331,114.85,102.4,95.4,92.95,115.0,98.75,91.6,89.9,109.8,135.3,102.85,168.2,321.7,436.65,479.5,513.0,524.6,493.9,-14.176,-14.176,159.7,154.4,-0.1429999999999989,-12.449999999999989,0.46199999999999974,-7.0,-0.0779999999999994,-2.450000000000003,0.0,22.049999999999997,-2.7230000000000008,-16.25,0.0,-7.150000000000006,-0.018000000000000682,-1.6999999999999886,0.0,19.89999999999999,0.07500000000000107,25.500000000000014,0.0,-32.45000000000002,0.04100000000000037,65.35,0.0,153.5,0.1349999999999998,114.94999999999999,0.0,42.85000000000002,0.270999999999999,33.5,0.24100000000000144,11.600000000000023,1.9269999999999996,-30.700000000000045,-13.018055555555556,-13.977857142857143,-13.2555,461.55833333333334,4190.9,4252.387,4385.127,4253.6894,-56.784999999999854,4134.115
1.33,-11.655,-11.796,-11.219,-11.361,-11.361,-13.988,-13.988,-14.022,-14.022,-13.925,-13.925,-13.919,-13.919,-13.77,-13.77,-13.497,-13.303,-11.275,114.35,101.8,95.55,93.15,118.9,99.0,91.45,89.19999999999999,106.75,135.5,102.15,153.8,333.0,438.65,482.6,516.85,524.5,495.05,-14.166,-14.181,160.3,152.4,-0.14100000000000001,-12.549999999999997,0.577,-6.25,-0.14200000000000124,-2.3999999999999915,0.0,25.75,-2.626999999999999,-19.900000000000006,0.0,-7.549999999999997,-0.034000000000000696,-2.250000000000014,0.0,17.55000000000001,0.09699999999999953,28.75,0.0,-33.349999999999994,0.006000000000000227,51.650000000000006,0.0,179.2,0.1490000000000009,105.64999999999998,0.0,43.950000000000045,0.2729999999999997,34.25,0.19399999999999906,7.649999999999977,2.0280000000000005,-29.44999999999999,-13.039722222222226,-13.96985714285714,-13.255666666666668,465.10833333333335,4134.115,4190.9,4294.343,4220.7756,-4.34099999999944,4129.774
1.33,-11.681,-11.872,-11.217,-11.335,-11.335,-13.99,-13.99,-14.017,-14.017,-13.952,-13.952,-13.947,-13.947,-13.773,-13.773,-13.534,-13.347,-11.222,113.9,101.85,95.85,92.85,123.75,99.45,91.15,88.8,103.45,130.45,101.8,146.5,310.0,447.2,494.05,520.05,527.95,491.4,-14.168,-14.145,160.7,149.4,-0.19100000000000072,-12.050000000000011,0.6549999999999994,-6.0,-0.11800000000000033,-3.0,0.0,30.900000000000006,-2.6549999999999994,-24.299999999999997,0.0,-8.299999999999997,-0.026999999999999247,-2.3500000000000085,0.0,14.650000000000006,0.0649999999999995,26.999999999999986,0.0,-28.64999999999999,0.005000000000000782,44.7,0.0,163.5,0.1739999999999995,137.2,0.0,46.85000000000002,0.238999999999999,25.999999999999943,0.18700000000000117,7.900000000000091,2.125,-36.55000000000007,-13.050055555555554,-13.980714285714285,-13.265999999999998,465.10833333333335,4129.774,4134.115,4396.702,4175.1302,38.70100000000002,4168.475
1.33,-11.696,-11.903,-11.226,-11.302,-11.302,-14.005,-14.005,-14.034,-14.034,-13.663,-13.663,-13.613,-13.613,-9.907,-9.907,-13.583,-13.389,-11.306,114.05,101.9,96.1,92.55,125.85,99.65,90.75,88.25,100.45,124.2,100.8,141.65,289.55,456.95,501.6,531.35,535.4000000000001,488.9500000000001,-14.185,-14.191,160.4,148.1,-0.20700000000000074,-12.149999999999991,0.6769999999999996,-5.800000000000011,-0.07599999999999874,-3.549999999999997,0.0,33.3,-2.703000000000001,-26.19999999999999,0.0,-8.900000000000006,-0.028999999999999915,-2.5,0.0,12.200000000000003,0.37100000000000044,23.75,0.0,-23.400000000000006,0.05000000000000071,40.85000000000001,0.0,147.9,3.7059999999999995,167.39999999999998,0.0,44.650000000000034,-3.676,29.75,0.19400000000000084,4.050000000000068,2.083,-46.44999999999999,-12.563944444444447,-13.859571428571428,-11.950833333333334,467.3,4168.475,4129.774,4252.387,4161.5308,15.914999999999964,4184.39
1.33,-11.442,-11.778,-11.242,-11.334,-11.334,-14.083,-14.083,-13.981,-13.981,-13.928,-13.928,-13.911,-13.911,-13.811,-13.811,-13.606,-13.419,-11.345,113.85,101.4,95.35,92.65,127.05,99.45,90.55,88.05,99.4,120.85,100.4,144.9,274.05,451.5,506.75,534.9,545.15,489.2000000000001,-14.165,-14.195,159.8,146.9,-0.3360000000000003,-12.449999999999989,0.5359999999999996,-6.050000000000011,-0.09199999999999875,-2.6999999999999886,0.0,34.39999999999999,-2.7490000000000006,-27.599999999999994,0.0,-8.900000000000006,0.10200000000000031,-2.5,0.0,11.350000000000009,0.05299999999999905,21.44999999999999,0.0,-20.44999999999999,0.017000000000001236,44.5,0.0,129.15,0.09999999999999964,177.45,0.0,55.25,0.20500000000000007,28.149999999999977,0.1869999999999994,10.25,2.074,-55.949999999999875,-13.051555555555558,-13.985,-13.317166666666667,466.925,4184.39,4168.475,4190.9,4170.7178,52.44499999999971,4236.835
1.33,-11.32,-11.715,-11.259,-11.346,-11.346,-13.98,-13.98,-14.006,-14.006,-13.925,-13.925,-13.911,-13.911,-13.799,-13.799,-13.604,-13.43,-11.336,112.6,100.95,95.0,92.85,129.15,99.2,90.6,87.6,99.45,122.0,99.8,155.7,259.6,425.15,509.4,533.3,534.75,494.1,-14.165,-14.158,158.1,146.9,-0.3949999999999996,-11.649999999999991,0.4559999999999995,-5.950000000000003,-0.08699999999999974,-2.1500000000000057,0.0,36.30000000000001,-2.6340000000000003,-29.950000000000003,0.0,-8.600000000000009,-0.0259999999999998,-3.0,0.0,11.850000000000009,0.08099999999999952,22.549999999999997,0.0,-22.200000000000003,0.014000000000001123,55.89999999999999,0.0,103.90000000000003,0.1120000000000001,165.54999999999995,0.0,84.25,0.19500000000000028,23.899999999999977,0.1739999999999995,1.4500000000000455,2.0939999999999994,-40.64999999999998,-13.033222222222227,-13.961857142857143,-13.313166666666667,459.38333333333327,4236.835,4184.39,4134.115,4197.338000000001,30.381000000000313,4267.216
1.33,-11.522,-11.767,-11.251,-11.339,-11.339,-13.984,-13.984,-14.007,-14.007,-13.24,-13.24,-13.154,-13.154,-13.864,-13.864,-13.586,-13.421,-11.296,111.45,100.85,95.1,93.15,128.85,99.2,91.15,87.25,99.5,123.8,100.05,154.5,267.9,410.55,503.6,521.15,521.45,497.85,-14.16,-14.157,157.1,146.9,-0.24499999999999922,-10.600000000000009,0.516,-5.75,-0.08800000000000097,-1.9499999999999886,0.0,35.69999999999999,-2.6449999999999996,-29.64999999999999,0.0,-8.049999999999997,-0.022999999999999687,-3.9000000000000057,0.0,12.25,0.7669999999999995,24.299999999999997,0.0,-23.75,0.0860000000000003,54.45,0.0,113.39999999999998,-0.7100000000000009,142.65000000000003,0.0,93.05000000000001,0.27800000000000047,17.549999999999955,0.16500000000000092,0.3000000000000682,2.125,-23.600000000000023,-12.889944444444446,-13.659428571428569,-13.1975,453.75000000000006,4267.216,4236.835,4129.774,4207.393,-87.16700000000037,4180.049
1.33,-11.628,-11.801,-11.246,-11.324,-11.324,-14.39,-14.39,-13.616,-13.616,-14.352,-14.352,-14.321,-14.321,-14.208,-14.208,-13.548,-13.373,-11.343,110.9,100.6,94.65,92.55,125.7,99.8,92.2,87.25,97.45,123.25,100.15,165.9,273.3,399.0,496.85,525.0,529.5,493.8,-13.77,-14.53,157.0,147.3,-0.17300000000000004,-10.300000000000011,0.5549999999999997,-5.949999999999989,-0.0779999999999994,-2.1000000000000085,0.0,33.150000000000006,-3.0660000000000007,-25.900000000000006,0.0,-7.599999999999994,0.7740000000000009,-4.950000000000003,0.0,10.200000000000003,-0.7360000000000007,25.799999999999997,0.0,-23.099999999999994,0.031000000000000583,65.75,0.0,107.4,0.11299999999999955,125.69999999999999,0.0,97.85000000000002,0.6600000000000001,28.149999999999977,0.1750000000000007,4.5,2.0299999999999994,-35.69999999999999,-13.18672222222222,-14.148142857142858,-13.500166666666667,452.90833333333336,4180.049,4267.216,4168.475,4237.1962,137.442,4317.491
1.33,-11.736,-11.908,-11.268,-11.343,-11.343,-14.405,-14.405,-14.44,-14.44,-14.351,-14.351,-14.321,-14.321,-14.209,-14.209,-13.496,-13.316,-11.353,110.25,99.75,94.05,92.05,121.85,99.85,92.45,88.65,94.85,116.7,102.35,167.1,278.85,391.9,491.0,524.75,541.05,492.8,-14.545,-14.612,157.1,148.0,-0.17199999999999882,-10.5,0.6399999999999988,-5.700000000000003,-0.07499999999999929,-2.0,0.0,29.799999999999997,-3.0619999999999994,-22.0,0.0,-7.3999999999999915,-0.03500000000000014,-3.799999999999997,0.0,6.199999999999989,0.08899999999999864,21.85000000000001,0.0,-14.350000000000009,0.030000000000001137,64.75,0.0,111.75000000000003,0.1120000000000001,113.04999999999995,0.0,99.10000000000002,0.7129999999999992,33.75,0.17999999999999972,16.299999999999955,1.963000000000001,-48.24999999999994,-13.289722222222224,-14.387571428571428,-13.484,453.3916666666667,4317.491,4180.049,4184.39,4266.854600000001,15.190999999999804,4332.682
1.33,-11.647,-11.917,-11.269,-11.412,-11.412,-14.393,-14.393,-14.44,-14.44,-14.335,-14.335,-14.316,-14.316,-14.178,-14.178,-13.519,-13.272,-11.248,109.5,98.55,93.9,92.1,119.9,99.8,92.2,93.75,93.0,110.45,108.6,165.2,286.75,400.1,485.45,522.8,533.8499999999999,497.1,-14.548,-14.612,157.5,148.4,-0.2699999999999996,-10.950000000000003,0.6479999999999997,-4.6499999999999915,-0.14300000000000068,-1.8000000000000114,0.0,27.80000000000001,-2.981,-20.10000000000001,0.0,-7.599999999999994,-0.04699999999999882,1.5499999999999972,0.0,-0.75,0.10499999999999865,17.450000000000003,0.0,-1.8500000000000085,0.019000000000000128,56.599999999999994,0.0,121.55000000000001,0.1379999999999999,113.35000000000002,0.0,85.34999999999997,0.6590000000000007,37.349999999999966,0.2469999999999999,11.049999999999955,2.024000000000001,-36.749999999999886,-13.278888888888888,-14.378857142857145,-13.451833333333333,454.34166666666664,4332.682,4317.491,4236.835,4279.8754,-30.742999999999483,4301.939
1.33,-11.547,-11.823,-11.255,-11.333,-11.333,-14.389,-14.389,-14.417,-14.417,-14.335,-14.335,-14.305,-14.305,-14.179,-14.179,-13.379,-13.327,-11.211,109.65,97.75,93.95,91.85,119.85,99.55,91.75,97.3,91.6,106.1,115.2,169.7,304.25,408.5,480.65,518.15,531.7,500.8,-14.529,-14.603,157.9,148.6,-0.2759999999999998,-11.900000000000006,0.5679999999999996,-3.799999999999997,-0.0779999999999994,-2.1000000000000085,0.0,28.0,-3.055999999999999,-20.299999999999997,0.0,-7.799999999999997,-0.02800000000000047,5.549999999999997,0.0,-5.700000000000003,0.08199999999999896,14.5,0.0,9.100000000000009,0.030000000000001137,54.499999999999986,0.0,134.55,0.12599999999999945,104.25,0.0,72.14999999999998,0.8000000000000007,37.5,0.0519999999999996,13.550000000000068,2.1159999999999997,-30.900000000000034,-13.247666666666667,-14.369571428571431,-13.43,457.3416666666667,4301.939,4332.682,4267.216,4274.5226,-61.48700000000008,4240.452
1.33,-11.457,-11.778,-11.28,-11.362,-11.362,-14.407,-14.407,-14.419,-14.419,-14.319,-14.319,-14.299,-14.299,-14.16,-14.16,-13.058,-13.26,-11.296,109.0,97.2,93.75,91.25,121.75,99.2,91.3,96.55,90.4,102.85,113.5,165.4,300.04999999999995,410.0,479.9,516.4,526.0,493.25,-14.53,-14.598,158.5,148.8,-0.32099999999999973,-11.799999999999997,0.4980000000000011,-3.450000000000003,-0.08200000000000074,-2.5,0.0,30.5,-3.045,-22.549999999999997,0.0,-7.900000000000006,-0.012000000000000455,5.25,0.0,-6.1499999999999915,0.09999999999999964,12.449999999999989,0.0,10.650000000000006,0.02000000000000135,51.900000000000006,0.0,134.64999999999995,0.13899999999999935,109.95000000000005,0.0,69.89999999999998,1.1020000000000003,36.5,-0.20199999999999996,9.600000000000023,1.9640000000000004,-32.75,-13.225611111111109,-14.369857142857143,-13.372166666666667,454.26666666666665,4240.452,4301.939,4180.049,4290.437,19.16899999999987,4259.621
1.33,-11.414,-11.74,-11.229,-11.421,-11.421,-14.367,-14.367,-14.406,-14.406,-14.3,-14.3,-14.297,-14.297,-14.167,-14.167,-13.178,-13.284,-11.319,109.1,96.75,93.0,90.95,122.7,98.85,90.9,94.7,89.4,100.1,116.85,162.0,307.0,423.0,484.6,517.45,524.6500000000001,487.55,-14.519,-14.591,159.2,149.0,-0.3260000000000005,-12.349999999999994,0.511000000000001,-3.75,-0.19200000000000017,-2.049999999999997,0.0,31.75,-2.9460000000000015,-23.85000000000001,0.0,-7.949999999999989,-0.0389999999999997,3.799999999999997,0.0,-5.299999999999997,0.10599999999999987,10.699999999999989,0.0,16.75,0.0030000000000001137,45.150000000000006,0.0,145.0,0.13000000000000078,116.0,0.0,61.60000000000002,0.988999999999999,32.85000000000002,-0.10599999999999987,7.2000000000000455,1.9649999999999999,-37.10000000000008,-13.226666666666667,-14.349,-13.402000000000001,457.375,4259.621,4240.452,4317.491,4281.2502,11.935999999999694,4271.557
1.33,-11.528,-11.741,-11.268,-11.403,-11.403,-14.378,-14.378,-14.406,-14.406,-14.312,-14.312,-14.306,-14.306,-14.146,-14.146,-13.759,-13.581,-11.268,110.5,96.8,92.4,90.75,122.55,98.0,90.9,92.9,88.69999999999999,98.1,118.4,168.3,304.7,430.35,488.1,523.1,528.3499999999999,480.5,-14.521,-14.578,160.0,147.9,-0.2129999999999992,-13.700000000000003,0.472999999999999,-4.3999999999999915,-0.1349999999999998,-1.6500000000000057,0.0,31.799999999999997,-2.9749999999999996,-24.549999999999997,0.0,-7.099999999999994,-0.02800000000000047,2.0,0.0,-4.200000000000017,0.0940000000000012,9.400000000000006,0.0,20.30000000000001,0.006000000000000227,49.900000000000006,0.0,136.39999999999998,0.15999999999999837,125.65000000000003,0.0,57.75,0.38700000000000045,35.0,0.17800000000000082,5.249999999999886,2.312999999999999,-47.84999999999991,-13.280388888888893,-14.356857142857141,-13.534333333333334,459.18333333333334,4271.557,4259.621,4332.682,4280.599200000001,57.86999999999989,4329.427
1.33,-11.727,-11.873,-11.284,-11.349,-11.349,-14.386,-14.386,-14.4,-14.4,-14.344,-14.344,-14.317,-14.317,-14.19,-14.19,-13.762,-13.552,-11.287,111.8,96.7,92.2,90.5,119.9,97.3,91.0,91.6,88.30000000000001,97.1,109.05,174.3,297.8,427.55,489.9500000000001,522.8,534.7,476.2,-14.518,-14.606,160.6,146.9,-0.14599999999999902,-15.099999999999994,0.5889999999999986,-4.5,-0.0649999999999995,-1.7000000000000028,0.0,29.400000000000006,-3.036999999999999,-22.60000000000001,0.0,-6.299999999999997,-0.014000000000001123,0.5999999999999943,0.0,-3.299999999999983,0.05600000000000094,8.799999999999983,0.0,11.950000000000003,0.026999999999999247,65.25000000000001,0.0,123.5,0.12700000000000067,129.75,0.0,62.40000000000009,0.42799999999999905,32.84999999999985,0.21000000000000085,11.900000000000091,2.264999999999999,-58.50000000000006,-13.303166666666668,-14.368142857142857,-13.549666666666667,458.1666666666667,4329.427,4271.557,4301.939,4293.403,36.53099999999995,4365.958
1.33,-12.028,-12.131,-11.326,-11.442,-11.442,-14.39,-14.39,-14.423,-14.423,-14.422,-14.422,-14.381,-14.381,-10.714,-10.714,-13.537,-13.494,-11.267,113.25,97.1,91.65,89.80000000000001,116.9,97.1,90.45,90.9,88.0,96.05,104.0,172.8,312.5,436.15,496.3,526.05,530.9000000000001,476.95,-14.54,-14.611,161.0,148.2,-0.10299999999999976,-16.150000000000006,0.8049999999999997,-5.449999999999989,-0.11599999999999966,-1.8499999999999943,0.0,27.099999999999994,-2.9480000000000004,-19.80000000000001,0.0,-6.6499999999999915,-0.032999999999999474,0.45000000000000284,0.0,-2.9000000000000057,0.0009999999999994458,8.049999999999997,0.0,7.950000000000003,0.04100000000000037,68.80000000000001,0.0,139.7,3.667,123.64999999999998,0.0,60.150000000000034,-2.8230000000000004,29.749999999999943,0.04300000000000104,4.850000000000136,2.2270000000000003,-53.9500000000001,-12.96261111111111,-14.407285714285715,-12.351166666666666,463.14166666666665,4365.958,4329.427,4240.452,4307.364,-55.70100000000002,4310.257
1.33,-12.026,-12.162,-11.37,-11.457,-11.457,-14.454,-14.454,-14.486,-14.486,-14.331,-14.331,-14.32,-14.32,-14.198,-14.198,-13.291,-13.447,-11.285,114.3,97.95,91.55,89.19999999999999,119.8,96.9,89.75,91.1,89.75,97.4,101.65,160.9,319.25,426.55,498.9,530.15,535.5,483.0,-14.579,-14.684,161.5,148.7,-0.136000000000001,-16.349999999999994,0.7920000000000016,-6.400000000000006,-0.08700000000000152,-2.3500000000000085,0.0,30.60000000000001,-2.997,-22.89999999999999,0.0,-7.150000000000006,-0.03200000000000003,1.3499999999999943,0.0,-1.3499999999999943,0.15500000000000114,7.650000000000006,0.0,4.25,0.010999999999999233,59.25,0.0,158.35,0.12199999999999989,107.30000000000001,0.0,72.34999999999997,0.907,31.25,-0.1559999999999988,5.350000000000023,2.161999999999999,-52.5,-13.337388888888889,-14.408857142857146,-13.4565,465.55833333333334,4310.257,4365.958,4259.621,4298.9004,-92.95399999999972,4217.303
1.33,-11.961,-12.156,-11.322,-11.463,-11.463,-14.398,-14.398,-14.402,-14.402,-14.318,-14.318,-14.313,-14.313,-14.157,-14.157,-13.769,-13.602,-11.255,114.6,98.8,91.65,89.1,119.5,96.9,89.55,90.9,92.65,101.5,100.65,142.2,317.15,420.15,494.55,524.55,528.3499999999999,481.3,-14.537,-14.62,162.2,148.9,-0.19500000000000028,-15.799999999999997,0.8340000000000014,-7.1499999999999915,-0.14100000000000001,-2.5500000000000114,0.0,30.400000000000006,-2.9350000000000005,-22.599999999999994,0.0,-7.3500000000000085,-0.0039999999999995595,1.3500000000000085,0.0,1.75,0.08399999999999963,8.849999999999994,0.0,-0.8499999999999943,0.004999999999999005,41.54999999999998,0.0,174.95,0.15600000000000058,103.0,0.0,74.40000000000003,0.3879999999999999,29.999999999999943,0.16699999999999982,3.7999999999999545,2.3469999999999995,-47.0499999999999,-13.342611111111113,-14.364142857142857,-13.542166666666665,461.0083333333334,4217.303,4310.257,4271.557,4303.602199999999,77.76299999999992,4295.066
1.33,-11.8,-12.136,-11.306,-11.398,-11.398,-14.39,-14.39,-14.409,-14.409,-14.863,-14.863,-14.865,-14.865,-14.702,-14.702,-13.74,-13.534,-11.311,114.4,99.35,91.3,88.9,119.5,96.35,89.25,89.55,94.7,108.35,101.8,134.05,284.25,429.15,489.35,519.5999999999999,524.9,482.8,-14.516,-14.616,163.5,149.4,-0.3359999999999985,-15.050000000000011,0.8300000000000001,-8.049999999999997,-0.09200000000000053,-2.3999999999999915,0.0,30.599999999999994,-2.992000000000001,-23.150000000000006,0.0,-7.099999999999994,-0.019000000000000128,0.29999999999999716,0.0,5.150000000000006,-0.45399999999999885,13.649999999999991,0.0,-6.549999999999997,-0.002000000000000668,32.250000000000014,0.0,150.2,0.16300000000000026,144.89999999999998,0.0,60.200000000000045,0.9619999999999997,30.249999999999886,0.20599999999999952,5.300000000000068,2.2230000000000008,-42.099999999999966,-13.504500000000002,-14.59842857142857,-13.809000000000003,455.0083333333334,4295.066,4217.303,4329.427,4280.5988,-80.65599999999995,4214.41
1.33,-12.087,-12.334,-11.325,-11.468,-11.468,-14.558,-14.558,-14.848,-14.848,-14.836,-14.836,-14.845,-14.845,-14.704,-14.704,-13.525,-13.43,-11.31,114.35,99.85,92.0,88.44999999999999,121.8,95.9,88.65,88.45,93.05,110.75,101.55,132.5,248.9,436.9500000000001,488.15,524.5999999999999,529.0,487.65,-15.047,-15.152,164.8,150.3,-0.2469999999999999,-14.5,1.0090000000000003,-7.849999999999994,-0.14300000000000068,-3.5500000000000114,0.0,33.35000000000001,-3.09,-25.89999999999999,0.0,-7.25,-0.2900000000000009,-0.20000000000000284,0.0,4.599999999999994,0.012000000000000455,17.700000000000003,0.0,-9.200000000000003,-0.009000000000000341,30.950000000000003,0.0,116.4,0.14100000000000001,188.0500000000001,0.0,51.199999999999875,1.1790000000000003,36.44999999999993,0.09500000000000064,4.400000000000091,2.119999999999999,-41.35000000000002,-13.584944444444448,-14.761285714285714,-13.753,452.5416666666667,4214.41,4295.066,4365.958,4294.4154,220.6310000000003,4435.041
1.33,-12.057,-12.247,-11.352,-11.48,-11.48,-14.922,-14.922,-14.963,-14.963,-14.821,-14.821,-14.818,-14.818,-14.686,-14.686,-13.062,-13.333,-11.229,114.6,99.9,92.65,88.65,123.35,95.3,88.2,87.85,91.25,107.6,104.3,168.4,217.05,424.6,492.35,523.05,529.9,482.55,-15.084,-15.146,166.4,151.6,-0.1899999999999995,-14.699999999999989,0.8949999999999996,-7.25,-0.1280000000000001,-4.0,0.0,34.69999999999999,-3.442,-28.049999999999997,0.0,-7.099999999999994,-0.04099999999999859,-0.3500000000000085,0.0,3.4000000000000057,0.14199999999999946,16.349999999999994,0.0,-3.299999999999997,0.0030000000000001137,64.10000000000001,0.0,48.650000000000006,0.13199999999999967,207.55,0.0,67.75,1.6240000000000006,30.699999999999932,-0.2710000000000008,6.850000000000023,2.104000000000001,-47.349999999999966,-13.592222222222224,-14.89,-13.635666666666665,444.9166666666667,4435.041,4214.41,4310.257,4326.8228,37.2529999999997,4472.294
1.33,-11.908,-12.165,-11.386,-11.414,-11.414,-14.903,-14.903,-14.931,-14.931,-14.84,-14.84,-14.812,-14.812,-14.077,-14.077,-12.996,-13.344,-11.183,114.4,100.05,93.2,88.15,124.8,94.6,88.1,87.25,89.94999999999999,103.8,109.55,239.4,208.9,392.4,497.2000000000001,526.15,531.0,484.9500000000001,-15.075,-15.122,168.4,155.2,-0.2569999999999997,-14.350000000000009,0.7789999999999999,-6.849999999999994,-0.02800000000000047,-5.049999999999997,0.0,36.64999999999999,-3.4890000000000008,-30.200000000000003,0.0,-6.5,-0.027999999999998693,-0.8499999999999943,0.0,2.6999999999999886,0.0909999999999993,13.850000000000009,0.0,5.75,0.02800000000000047,129.85000000000002,0.0,-30.5,0.7349999999999994,183.49999999999997,0.0,104.80000000000013,1.0809999999999995,28.949999999999875,-0.347999999999999,4.850000000000023,2.1609999999999996,-46.0499999999999,-13.496444444444446,-14.879999999999999,-13.414833333333334,440.1000000000001,4472.294,4435.041,4217.303,4416.8836,195.3130000000001,4667.607
1.33,-11.67,-11.989,-11.332,-11.473,-11.473,-14.941,-14.941,-14.949,-14.949,-14.783,-14.783,-14.722,-14.722,-14.623,-14.623,-12.995,-13.345,-11.175,114.1,100.3,93.7,88.45,124.0,94.25,87.85,86.7,89.15,101.1,106.0,258.54999999999995,227.9,360.05,500.85,532.05,535.5,480.8,-15.07,-15.166,170.6,158.0,-0.31900000000000084,-13.799999999999997,0.657,-6.599999999999994,-0.14100000000000001,-5.25,0.0,35.55,-3.468,-29.75,0.0,-6.400000000000006,-0.007999999999999119,-1.1499999999999915,0.0,2.450000000000003,0.16600000000000037,11.949999999999989,0.0,4.900000000000006,0.06099999999999994,152.54999999999995,0.0,-30.64999999999995,0.0990000000000002,132.15,0.0,140.8,1.6280000000000001,31.199999999999932,-0.3500000000000014,3.4500000000000455,2.17,-54.69999999999999,-13.527111111111111,-14.866857142857143,-13.580499999999999,439.5250000000001,4667.607,4472.294,4295.066,4498.914999999999,37.615999999999985,4705.223
1.33,-11.496,-11.873,-11.39,-11.457,-11.457,-14.863,-14.863,-14.893,-14.893,-14.769,-14.769,-14.721,-14.721,-14.578,-14.578,-13.128,-13.339,-11.192,113.8,100.65,94.0,89.2,122.35,94.4,87.55,86.30000000000001,88.9,99.35,102.1,238.05,276.6,341.3,482.5,526.45,531.6,476.65,-15.025,-15.12,171.6,161.6,-0.3769999999999989,-13.149999999999991,0.48299999999999876,-6.650000000000006,-0.06700000000000017,-4.799999999999997,0.0,33.14999999999999,-3.405999999999999,-27.94999999999999,0.0,-6.8500000000000085,-0.030000000000001137,-1.2499999999999858,0.0,2.5999999999999943,0.12400000000000055,10.449999999999989,0.0,2.75,0.04800000000000004,135.95000000000002,0.0,38.55000000000001,0.14300000000000068,64.69999999999999,0.0,141.2,1.4499999999999993,43.950000000000045,-0.2110000000000003,5.149999999999977,2.1470000000000002,-54.950000000000045,-13.49888888888889,-14.824428571428573,-13.589333333333334,439.1833333333334,4705.223,4667.607,4214.41,4607.0602,49.913000000000466,4755.136
1.33,-11.529,-11.867,-11.485,-11.543,-11.543,-14.856,-14.856,-14.881,-14.881,-14.733,-14.733,-14.708,-14.708,-14.576,-14.576,-13.1,-13.394,-11.181,113.4,100.65,93.85,89.65,122.25,94.2,86.9,86.15,88.65,98.2,99.55,218.5,335.3,326.85,459.5,511.45,526.85,478.2,-15.01,-15.068,171.9,164.8,-0.33800000000000097,-12.75,0.38200000000000145,-6.800000000000011,-0.05799999999999983,-4.199999999999989,0.0,32.599999999999994,-3.3130000000000006,-28.049999999999997,0.0,-7.299999999999997,-0.025000000000000355,-0.75,0.0,2.5,0.1479999999999997,9.549999999999997,0.0,1.3499999999999943,0.025000000000000355,118.95,0.0,116.80000000000001,0.13199999999999967,-8.449999999999989,0.0,132.64999999999998,1.4760000000000009,51.94999999999999,-0.2940000000000005,15.400000000000034,2.213000000000001,-48.650000000000034,-13.508333333333333,-14.806857142857144,-13.589166666666666,439.69166666666666,4755.136,4705.223,4435.041,4644.965200000001,-130.57000000000062,4624.566
1.33,-11.695,-11.909,-11.438,-11.529,-11.529,-14.827,-14.827,-14.865,-14.865,-14.822,-14.822,-14.807,-14.807,-14.597,-14.597,-13.164,-13.414,-11.196,113.0,100.25,93.8,90.05000000000001,121.75,94.9,86.69999999999999,85.94999999999999,88.35,97.0,97.6,212.2,328.95,339.1,445.45,500.45,516.1,482.3,-15.066,-15.158,171.8,166.9,-0.2140000000000004,-12.75,0.4710000000000001,-6.450000000000003,-0.0909999999999993,-3.749999999999986,0.0,31.69999999999999,-3.298,-26.849999999999994,0.0,-8.200000000000017,-0.038000000000000256,-0.75,0.0,2.4000000000000057,0.04300000000000104,8.650000000000006,0.0,0.5999999999999943,0.014999999999998792,114.6,0.0,116.75,0.21000000000000085,10.150000000000034,0.0,106.34999999999997,1.4329999999999998,55.0,-0.25,15.650000000000034,2.218,-33.80000000000001,-13.539444444444442,-14.83357142857143,-13.629166666666665,435.3916666666667,4624.566,4755.136,4472.294,4684.6788,46.29600000000028,4670.862
1.33,-11.806,-12.007,-11.409,-11.517,-11.517,-14.936,-14.936,-14.942,-14.942,-14.897,-14.897,-14.886,-14.886,-14.687,-14.687,-12.84,-12.98,-11.161,113.35,99.95,94.3,90.6,120.95,95.85,86.6,85.75,88.55000000000001,96.65,97.85,217.35,300.25,394.55,437.5,486.2,500.3,476.9500000000001,-15.15,-15.127,170.8,168.2,-0.2010000000000005,-13.399999999999991,0.597999999999999,-5.650000000000006,-0.10799999999999876,-3.700000000000003,0.0,30.35000000000001,-3.4190000000000005,-25.10000000000001,0.0,-9.25,-0.006000000000000227,-0.8499999999999943,0.0,2.8000000000000114,0.04499999999999993,8.099999999999994,0.0,1.1999999999999886,0.011000000000001009,119.5,0.0,82.9,0.19899999999999984,94.30000000000001,0.0,42.94999999999999,1.8469999999999995,48.69999999999999,-0.14000000000000057,14.100000000000023,1.8190000000000008,-23.34999999999991,-13.551833333333335,-14.919428571428572,-13.540166666666666,432.62500000000006,4670.862,4624.566,4667.607,4664.0624,-106.33700000000044,4564.525
1.33,-11.904,-12.106,-11.453,-11.537,-11.537,-14.94,-14.94,-14.998,-14.998,-14.825,-14.825,-14.783,-14.783,-14.602,-14.602,-11.692,-10.926,-10.799,113.9,99.65,94.3,90.4,121.15,96.5,86.25,86.05000000000001,89.1,97.8,100.15,223.1,288.6,418.95,430.15,481.45,484.25,466.4500000000001,-15.202,-15.181,169.6,167.8,-0.20199999999999996,-14.25,0.6530000000000005,-5.3500000000000085,-0.0840000000000014,-3.8999999999999915,0.0,30.75,-3.4029999999999987,-24.650000000000006,0.0,-10.25,-0.05799999999999983,-0.19999999999998863,0.0,3.049999999999983,0.17300000000000004,8.700000000000003,0.0,2.3500000000000085,0.041999999999999815,122.94999999999999,0.0,65.50000000000003,0.18099999999999916,130.34999999999997,0.0,11.199999999999989,2.91,51.30000000000001,0.766,2.8000000000000114,0.12700000000000067,-17.799999999999898,-13.347222222222221,-14.901285714285715,-12.900666666666666,428.30833333333334,4564.525,4670.862,4705.223,4636.5740000000005,3.256000000000313,4567.781
1.33,-11.814,-12.127,-11.381,-11.549,-11.549,-14.917,-14.917,-14.946,-14.946,-14.874,-14.874,-14.807,-14.807,-14.643,-14.643,-11.644,-10.747,-10.683,114.1,99.45,94.15,90.4,123.75,96.45,86.19999999999999,87.15,89.85,100.0,104.4,232.1,305.15,410.75,440.2000000000001,475.45,484.15,448.4,-15.149,-15.139,168.9,164.8,-0.3130000000000006,-14.649999999999991,0.7460000000000004,-5.299999999999997,-0.16799999999999926,-3.75,0.0,33.349999999999994,-3.3680000000000003,-27.299999999999997,0.0,-10.250000000000014,-0.028999999999999915,0.950000000000017,0.0,2.6999999999999886,0.07199999999999918,10.150000000000006,0.0,4.400000000000006,0.06700000000000017,127.69999999999999,0.0,73.04999999999998,0.1639999999999997,105.60000000000002,0.0,29.450000000000102,2.9990000000000006,35.249999999999886,0.8970000000000002,8.699999999999989,0.06400000000000006,-35.75,-13.326,-14.897285714285713,-12.861166666666668,427.3500000000001,4567.781,4564.525,4755.136,4596.7158,-11.935999999999694,4555.845
1.33,-11.503,-11.796,-11.404,-11.545,-11.545,-14.948,-14.948,-14.989,-14.989,-14.476,-14.476,-14.44,-14.44,-14.279,-14.279,-11.647,-10.773,-10.654,114.75,99.65,94.05,90.65,125.55,96.2,86.25,87.2,91.4,103.5,106.1,224.25,331.6,400.9,456.2000000000001,480.45,480.0,441.65,-15.101,-14.892,167.8,162.1,-0.29299999999999926,-15.099999999999994,0.39199999999999946,-5.6000000000000085,-0.14100000000000001,-3.3999999999999915,0.0,34.89999999999999,-3.4030000000000005,-29.349999999999994,0.0,-9.950000000000003,-0.04100000000000037,0.9500000000000028,0.0,4.200000000000003,0.5129999999999999,12.099999999999994,0.0,2.5999999999999943,0.036000000000001364,118.15,0.0,107.35000000000002,0.1609999999999996,69.29999999999995,0.0,55.300000000000125,2.6319999999999997,24.249999999999886,0.8740000000000006,-0.44999999999998863,0.11899999999999977,-38.35000000000002,-13.173944444444444,-14.752285714285716,-12.678666666666667,431.8,4555.845,4567.781,4624.566,4580.0779999999995,-14.467999999999847,4541.377
1.33,-11.41,-11.712,-11.4,-11.514,-11.514,-14.467,-14.467,-14.551,-14.551,-14.315,-14.315,-14.298,-14.298,-14.133,-14.133,-13.308,-13.102,-11.048,116.2,100.15,93.75,90.8,125.9,96.1,86.25,86.25,92.45,107.05,104.2,212.85,339.75,410.0,463.25,477.05,485.85,439.4,-14.725,-14.583,166.5,160.4,-0.3019999999999996,-16.049999999999997,0.3119999999999994,-6.400000000000006,-0.11399999999999899,-2.950000000000003,0.0,35.10000000000001,-2.953000000000001,-29.80000000000001,0.0,-9.849999999999994,-0.08399999999999963,0.0,0.0,6.200000000000003,0.23600000000000065,14.599999999999994,0.0,-2.8499999999999943,0.01699999999999946,108.64999999999999,0.0,126.9,0.16500000000000092,70.25,0.0,53.25,0.8249999999999993,13.800000000000011,0.20599999999999952,8.800000000000011,2.0540000000000003,-46.450000000000045,-13.252000000000002,-14.423428571428571,-13.336999999999998,435.8833333333334,4541.377,4555.845,4670.862,4525.7522,-142.14400000000023,4399.233
1.33,-11.454,-11.763,-11.402,-11.548,-11.548,-14.366,-14.366,-14.397,-14.397,-14.317,-14.317,-14.306,-14.306,-14.115,-14.115,-12.769,-13.053,-11.002,116.5,100.2,93.5,90.7,124.65,96.1,86.8,85.75,91.8,106.55,102.1,184.2,344.15,431.5,460.65,481.8,483.5,443.15,-14.585,-14.544,165.6,157.7,-0.3089999999999993,-16.299999999999997,0.36100000000000065,-6.700000000000003,-0.1460000000000008,-2.799999999999997,0.0,33.95,-2.8179999999999996,-28.55000000000001,0.0,-9.299999999999997,-0.031000000000000583,-1.0499999999999972,0.0,6.049999999999997,0.08000000000000007,14.75,0.0,-4.450000000000003,0.011000000000001009,82.1,0.0,159.95,0.19099999999999895,87.35000000000002,0.0,29.149999999999977,1.346,21.150000000000034,-0.2840000000000007,1.6999999999999886,2.051,-40.35000000000002,-13.196722222222228,-14.352285714285713,-13.226666666666667,440.7916666666667,4399.233,4541.377,4564.525,4444.3722,-241.60800000000017,4157.625
1.33,-11.356,-11.676,-11.414,-11.539,-11.539,-14.364,-14.364,-14.385,-14.385,-14.12,-14.12,-14.145,-14.145,-13.982,-13.982,-12.706,-12.982,-10.949,115.55,100.45,93.4,90.55,126.65,96.35,87.3,85.3,90.4,103.3,103.7,166.7,339.95,440.9,460.75,478.6,481.3,450.1,-14.582,-14.553,164.7,155.0,-0.3200000000000003,-15.099999999999994,0.26200000000000045,-7.049999999999997,-0.125,-2.8500000000000085,0.0,36.10000000000001,-2.825000000000001,-30.30000000000001,0.0,-9.049999999999997,-0.02099999999999902,-2.0,0.0,5.1000000000000085,0.26500000000000057,12.899999999999991,0.0,0.4000000000000057,-0.025000000000000355,62.999999999999986,0.0,173.25,0.16300000000000026,100.94999999999999,0.0,19.850000000000023,1.2759999999999998,17.850000000000023,-0.2759999999999998,2.6999999999999886,2.0329999999999995,-31.19999999999999,-13.119611111111114,-14.269,-13.124333333333333,441.93333333333334,4157.625,4399.233,4567.781,4340.0608,-111.40099999999984,4046.224
1.33,-11.321,-11.652,-11.386,-11.498,-11.498,-14.125,-14.125,-14.177,-14.177,-14.153,-14.153,-14.136,-14.136,-13.986,-13.986,-12.66,-13.003,-10.988,114.85,101.3,93.75,90.45,128.45,96.45,87.5,85.25,89.35,100.15,108.55,152.85,313.2,444.2000000000001,469.85,483.0,483.35,450.2,-14.423,-14.38,163.1,153.4,-0.3309999999999995,-13.549999999999997,0.266,-7.549999999999997,-0.1120000000000001,-3.299999999999997,0.0,37.999999999999986,-2.6270000000000007,-31.999999999999986,0.0,-8.950000000000003,-0.0519999999999996,-2.25,0.0,4.099999999999994,0.023999999999999133,10.800000000000011,0.0,8.399999999999991,0.017000000000001236,44.3,0.0,160.35,0.14999999999999858,131.0000000000001,0.0,25.64999999999992,1.3260000000000005,13.149999999999977,-0.34299999999999997,0.35000000000002274,2.0150000000000006,-33.150000000000034,-13.06444444444444,-14.149428571428572,-13.1265,440.63333333333327,4046.224,4157.625,4555.845,4249.421400000001,56.42399999999998,4102.648
1.33,-11.238,-11.629,-11.345,-11.435,-11.435,-14.214,-14.214,-14.237,-14.237,-14.158,-14.158,-14.152,-14.152,-14.02,-14.02,-12.691,-12.958,-10.996,114.9,101.5,93.95,90.25,127.7,96.1,87.75,85.5,88.65,97.8,107.3,149.35,266.3,446.35,481.0,495.85,490.2,445.15,-14.421,-14.392,161.5,152.6,-0.391,-13.400000000000006,0.2839999999999989,-7.549999999999997,-0.08999999999999986,-3.700000000000003,0.0,37.45,-2.779,-31.60000000000001,0.0,-8.349999999999994,-0.022999999999999687,-2.25,0.0,3.1500000000000057,0.07900000000000063,9.149999999999991,0.0,9.5,0.006000000000000227,42.05,0.0,116.95000000000002,0.13199999999999967,180.05,0.0,34.64999999999998,1.3289999999999988,14.850000000000023,-0.26699999999999946,-5.650000000000034,1.9619999999999997,-45.05000000000001,-13.07161111111111,-14.195714285714287,-13.139499999999998,437.47499999999997,4102.648,4046.224,4541.377,4173.249600000001,57.86999999999989,4160.518
1.33,-11.153,-11.557,-11.304,-11.375,-11.375,-14.217,-14.217,-14.256,-14.256,-14.164,-14.164,-14.16,-14.16,-14.046,-14.046,-12.751,-13.052,-10.906,115.35,100.75,93.85,90.05000000000001,126.6,95.8,87.85,85.7,88.25,96.55,104.65,156.85,239.25,438.65,484.25,501.4,504.8,447.5,-14.432,-14.355,159.9,152.6,-0.4039999999999999,-14.599999999999994,0.2530000000000001,-6.900000000000006,-0.07099999999999973,-3.799999999999983,0.0,36.54999999999998,-2.8420000000000005,-30.799999999999997,0.0,-7.950000000000003,-0.0389999999999997,-2.1499999999999915,0.0,2.549999999999997,0.09200000000000053,8.299999999999997,0.0,8.100000000000009,0.0039999999999995595,52.19999999999999,0.0,82.4,0.11400000000000077,199.39999999999998,0.0,45.60000000000002,1.295,17.149999999999977,-0.30100000000000016,3.400000000000034,2.145999999999999,-57.30000000000001,-13.064388888888889,-14.204857142857142,-13.160166666666667,435.9750000000001,4160.518,4102.648,4399.233,4134.8382,46.65800000000036,4207.176
1.33,-11.268,-11.584,-11.335,-11.433,-11.433,-14.222,-14.222,-14.243,-14.243,-14.195,-14.195,-14.177,-14.177,-14.054,-14.054,-13.426,-13.163,-11.03,115.65,100.15,94.25,90.15,123.0,95.55,87.75,85.85,87.75,95.75,101.6,154.0,225.95,391.55,486.05,501.55,507.6,453.45,-14.437,-14.405,158.2,153.3,-0.31599999999999895,-15.5,0.24899999999999878,-5.900000000000006,-0.09799999999999898,-4.099999999999994,0.0,32.849999999999994,-2.7889999999999997,-27.450000000000003,0.0,-7.799999999999997,-0.021000000000000796,-1.9000000000000057,0.0,1.9000000000000057,0.04800000000000004,8.0,0.0,5.849999999999994,0.018000000000000682,52.400000000000006,0.0,71.94999999999999,0.12299999999999933,165.60000000000002,0.0,94.5,0.6280000000000001,15.5,0.2629999999999999,6.050000000000011,2.133000000000001,-54.150000000000034,-13.136333333333331,-14.21385714285714,-13.317333333333336,427.6916666666666,4207.176,4160.518,4157.625,4145.3994,3.2549999999991996,4210.431
1.33,-11.31,-11.57,-11.298,-11.413,-11.413,-14.259,-14.259,-14.27,-14.27,-14.221,-14.221,-14.211,-14.211,-14.103,-14.103,-13.413,-13.221,-11.027,116.0,100.35,94.75,90.35,120.5,95.6,87.94999999999999,86.0,87.6,95.8,98.85,159.05,231.75,357.5,489.3,502.05,503.7000000000001,465.0,-14.451,-14.409,156.9,154.7,-0.2599999999999998,-15.650000000000006,0.27200000000000024,-5.599999999999994,-0.11500000000000021,-4.400000000000006,0.0,30.150000000000006,-2.846,-24.900000000000006,0.0,-7.650000000000006,-0.010999999999999233,-1.9499999999999886,0.0,1.5999999999999943,0.04899999999999949,8.200000000000003,0.0,3.049999999999997,0.009999999999999787,60.20000000000002,0.0,72.69999999999999,0.10800000000000054,125.75,0.0,131.8,0.6899999999999995,12.75,0.19200000000000017,1.650000000000091,2.194000000000001,-38.7000000000001,-13.155166666666668,-14.244428571428571,-13.346333333333334,424.8833333333334,4210.431,4207.176,4046.224,4185.113,34.361000000000786,4244.792
1.33,-11.399,-11.715,-11.319,-11.424,-11.424,-14.273,-14.273,-14.311,-14.311,-14.239,-14.239,-14.219,-14.219,-14.123,-14.123,-13.43,-13.257,-11.032,115.9,100.85,94.45,90.3,120.35,95.5,88.55,86.15,87.35,95.75,97.9,187.7,244.35,353.70000000000005,481.4,510.85,502.5,467.75,-14.489,-14.443,156.1,156.1,-0.3160000000000007,-15.050000000000011,0.395999999999999,-6.3999999999999915,-0.10499999999999865,-4.150000000000006,0.0,30.049999999999997,-2.849,-24.849999999999994,0.0,-6.950000000000003,-0.038000000000000256,-2.3999999999999915,0.0,1.1999999999999886,0.07199999999999918,8.400000000000006,0.0,2.1500000000000057,0.02000000000000135,89.79999999999998,0.0,56.650000000000006,0.09600000000000009,109.35000000000005,0.0,127.69999999999993,0.6929999999999996,29.450000000000045,0.17300000000000004,-8.350000000000023,2.2249999999999996,-34.75,-13.185,-14.266428571428571,-13.363999999999999,426.7583333333334,4244.792,4210.431,4102.648,4218.8224,26.402999999999338,4271.195
1.33,-11.379,-11.699,-11.309,-11.41,-11.41,-14.289,-14.289,-14.322,-14.322,-14.223,-14.223,-14.208,-14.208,-14.137,-14.137,-13.458,-13.284,-11.084,115.9,101.2,93.75,90.6,120.0,95.55,88.69999999999999,86.25,86.94999999999999,94.65,97.65,207.15,249.55,354.9,462.55,502.65,512.85,465.65,-14.507,-14.432,155.5,157.0,-0.3200000000000003,-14.700000000000003,0.39000000000000057,-7.450000000000003,-0.10100000000000087,-3.1500000000000057,0.0,29.400000000000006,-2.8789999999999996,-24.450000000000003,0.0,-6.8500000000000085,-0.032999999999999474,-2.4499999999999886,0.0,0.6999999999999886,0.09899999999999842,7.700000000000017,0.0,3.0,0.015000000000000568,109.5,0.0,42.400000000000006,0.07099999999999973,105.34999999999997,0.0,107.65000000000003,0.6790000000000003,40.099999999999966,0.1739999999999995,10.200000000000045,2.200000000000001,-47.200000000000045,-13.18838888888889,-14.267999999999999,-13.384666666666668,424.69166666666666,4271.195,4244.792,4160.518,4225.1158,-79.21000000000004,4191.985
1.33,-11.528,-11.787,-11.269,-11.353,-11.353,-14.28,-14.28,-14.324,-14.324,-14.317,-14.317,-14.303,-14.303,-14.197,-14.197,-13.415,-13.237,-11.087,116.2,101.35,93.65,91.2,120.4,95.4,88.55,86.9,86.9,93.15,100.9,247.35,274.2,366.8,443.5,484.0,497.9,466.3,-14.537,-14.564,155.6,157.2,-0.25900000000000034,-14.850000000000009,0.5180000000000007,-7.699999999999989,-0.08399999999999963,-2.450000000000003,0.0,29.200000000000003,-2.9269999999999996,-25.0,0.0,-6.8500000000000085,-0.04400000000000048,-1.6499999999999915,0.0,0.0,0.006999999999999673,6.25,0.0,7.75,0.013999999999999346,146.45,0.0,26.849999999999994,0.10600000000000165,92.60000000000002,0.0,76.69999999999999,0.782,40.5,0.17799999999999905,13.899999999999977,2.1500000000000004,-31.599999999999966,-13.215055555555555,-14.306428571428572,-13.406,422.11666666666673,4191.985,4271.195,4207.176,4202.691,-96.93299999999954,4095.052
1.33,-11.417,-11.736,-11.219,-11.345,-11.345,-14.389,-14.389,-14.415,-14.415,-14.31,-14.31,-14.289,-14.289,-14.177,-14.177,-13.425,-13.227,-11.113,116.15,101.25,93.85,90.85,121.15,95.55,88.45,87.3,86.8,92.2,105.3,247.35,309.9,374.35,441.8,475.5,475.35,470.9,-14.564,-14.525,156.6,155.2,-0.31900000000000084,-14.900000000000006,0.5170000000000012,-7.400000000000006,-0.12600000000000122,-3.0,0.0,30.30000000000001,-3.0439999999999987,-25.60000000000001,0.0,-7.099999999999994,-0.0259999999999998,-1.1500000000000057,0.0,-0.5,0.10499999999999865,5.400000000000006,0.0,13.099999999999994,0.021000000000000796,142.05,0.0,62.54999999999998,0.1120000000000001,64.45000000000005,0.0,67.44999999999999,0.7519999999999989,33.69999999999999,0.1980000000000004,-0.14999999999997726,2.1140000000000008,-4.4500000000000455,-13.221499999999999,-14.359571428571428,-13.401333333333334,424.6333333333334,4095.052,4191.985,4210.431,4166.1604,-67.27400000000034,4027.778
1.33,-11.282,-11.674,-11.258,-11.401,-11.401,-14.374,-14.374,-14.386,-14.386,-14.403,-14.403,-14.404,-14.404,-14.065,-14.065,-13.379,-13.201,-11.031,116.25,101.1,93.95,90.4,119.3,95.65,88.4,87.0,86.5,91.55,106.95,235.0,340.3,386.0,444.5,479.1,473.55,450.9,-14.556,-14.542,157.9,153.7,-0.39199999999999946,-15.150000000000006,0.41600000000000037,-7.1499999999999915,-0.14300000000000068,-3.549999999999997,0.0,28.89999999999999,-2.9730000000000008,-23.64999999999999,0.0,-7.25,-0.011999999999998678,-1.4000000000000057,0.0,-0.5,-0.017000000000001236,5.049999999999997,0.0,15.400000000000006,-0.0009999999999994458,128.05,0.0,105.30000000000001,0.3390000000000004,45.69999999999999,0.0,58.5,0.6859999999999999,34.60000000000002,0.17799999999999905,-5.550000000000011,2.17,-22.650000000000034,-13.216166666666663,-14.39,-13.357500000000002,429.0583333333334,4027.778,4095.052,4244.792,4107.856000000001,-74.50799999999981,3953.27
1.33,-11.153,-11.57,-11.298,-11.424,-11.424,-14.352,-14.352,-14.459,-14.459,-14.124,-14.124,-14.097,-14.097,-13.968,-13.968,-13.395,-13.175,-11.013,116.2,101.5,94.0,90.0,118.35,95.5,88.30000000000001,86.69999999999999,86.19999999999999,91.15,109.95,216.5,368.75,412.45,450.45,482.25,484.85,430.55,-14.395,-14.531,159.1,152.6,-0.4169999999999998,-14.700000000000003,0.27200000000000024,-7.5,-0.12599999999999945,-4.0,0.0,28.349999999999994,-2.928000000000001,-22.849999999999994,0.0,-7.199999999999989,-0.10699999999999932,-1.6000000000000227,0.0,-0.5,0.3349999999999991,4.950000000000017,0.0,18.799999999999997,0.027000000000001023,106.55,0.0,152.25,0.12899999999999956,43.69999999999999,0.0,38.0,0.5730000000000004,31.80000000000001,0.21999999999999886,2.6000000000000227,2.162000000000001,-54.30000000000001,-13.136222222222223,-14.280999999999997,-13.269333333333334,438.2166666666667,3953.27,4027.778,4271.195,4021.1951999999997,-115.3789999999999,3837.891
1.33,-11.122,-11.527,-11.34,-11.45,-11.45,-14.176,-14.176,-14.22,-14.22,-14.119,-14.119,-14.091,-14.091,-13.949,-13.949,-7.501,-6.515,-5.703,115.95,101.55,93.85,90.35,119.1,94.95,88.25,86.5,86.05000000000001,90.45,113.75,204.85,358.3,426.9500000000001,453.6,484.9,493.1,433.55,-14.297,-14.421,160.9,152.1,-0.40499999999999936,-14.400000000000006,0.1869999999999994,-7.700000000000003,-0.10999999999999943,-3.5,0.0,28.75,-2.726000000000001,-24.14999999999999,0.0,-6.700000000000003,-0.04400000000000048,-1.75,0.0,-0.44999999999998863,0.10100000000000087,4.3999999999999915,0.0,23.299999999999997,0.02800000000000047,91.1,0.0,153.45000000000002,0.14199999999999946,68.65000000000009,0.0,26.64999999999992,6.4479999999999995,31.299999999999955,0.9860000000000007,8.200000000000045,0.8119999999999994,-59.55000000000001,-12.095444444444446,-14.160142857142857,-10.284666666666666,441.73333333333335,3837.891,3953.27,4191.985,3945.6744,-23.51000000000022,3814.381
1.33,-11.183,-11.541,-11.365,-11.473,-11.473,-14.167,-14.167,-14.203,-14.203,-14.123,-14.123,-14.114,-14.114,-13.961,-13.961,-13.279,-12.986,-11.011,116.2,101.5,93.5,90.5,121.1,94.8,88.45,86.30000000000001,86.0,89.9,109.0,205.2,342.0,450.4,460.1,486.9500000000001,494.9,434.0,-14.28,-14.391,162.1,151.7,-0.35800000000000054,-14.700000000000003,0.17600000000000016,-8.0,-0.10800000000000054,-3.0,0.0,30.599999999999994,-2.693999999999999,-26.299999999999997,0.0,-6.349999999999994,-0.03599999999999959,-2.1499999999999915,0.0,-0.30000000000001137,0.08000000000000007,3.9000000000000057,0.0,19.099999999999994,0.008999999999998565,96.19999999999999,0.0,136.8,0.15300000000000047,108.39999999999998,0.0,9.700000000000045,0.6820000000000004,26.85000000000008,0.29299999999999926,7.949999999999875,1.9750000000000014,-60.89999999999998,-13.08038888888889,-14.157142857142858,-13.218666666666666,444.72499999999997,3814.381,3837.891,4095.052,3875.0002,-72.69999999999982,3741.681
1.33,-11.29,-11.57,-11.341,-11.451,-11.451,-14.169,-14.169,-14.189,-14.189,-13.823,-13.823,-13.833,-13.833,-13.72,-13.72,-13.298,-12.91,-10.929,116.35,101.25,93.6,90.5,120.9,95.25,88.44999999999999,86.25,86.05000000000001,89.3,103.25,193.0,322.65,456.55,472.5,495.5,496.1,442.4,-14.289,-14.414,162.8,151.4,-0.28000000000000114,-15.099999999999994,0.22900000000000098,-7.650000000000006,-0.11000000000000121,-3.0999999999999943,0.0,30.400000000000006,-2.718,-25.650000000000006,0.0,-6.800000000000011,-0.019999999999999574,-2.1999999999999886,0.0,-0.19999999999998863,0.36599999999999966,3.249999999999986,0.0,13.950000000000003,-0.009999999999999787,89.75,0.0,129.64999999999998,0.11299999999999955,133.90000000000003,0.0,15.949999999999989,0.4220000000000006,23.0,0.3879999999999999,0.6000000000000227,1.9809999999999999,-53.700000000000045,-12.983777777777778,-14.027857142857142,-13.068333333333335,447.61666666666673,3741.681,3814.381,4027.778,3769.7484000000004,-240.16200000000026,3501.519
1.33,-11.06,-11.472,-11.365,-11.463,-11.463,-14.085,-14.085,-13.932,-13.932,-13.837,-13.837,-13.815,-13.815,-13.709,-13.709,-11.928,-11.798,-10.056,116.1,101.05,93.85,90.55,121.0,95.7,88.35,86.1,85.85,88.85,99.75,187.8,316.05,448.1,482.95,500.3,508.15,444.3,-14.027,-14.151,163.2,151.3,-0.41199999999999903,-15.049999999999997,0.10699999999999932,-7.200000000000003,-0.09799999999999898,-3.299999999999997,0.0,30.450000000000003,-2.6220000000000017,-25.299999999999997,0.0,-7.3500000000000085,0.15300000000000047,-2.25,0.0,-0.25,0.09500000000000064,3.0,0.0,10.900000000000006,0.02200000000000024,88.05000000000001,0.0,128.25,0.10599999999999987,132.05,0.0,34.849999999999966,1.7809999999999988,17.350000000000023,0.13000000000000078,7.849999999999966,1.7420000000000009,-63.849999999999966,-12.74227777777778,-13.931857142857144,-12.5025,449.9750000000001,3501.519,3741.681,3953.27,3156.25,-2615.741,885.778
1.33,-11.044,-11.436,-11.312,-11.45,-11.45,-13.902,-13.902,-13.923,-13.923,-13.827,-13.827,-13.823,-13.823,-13.702,-13.702,-13.107,-12.452,-10.859,115.0,101.0,93.9,90.35,119.65,95.9,88.6,86.15,85.8,88.3,96.75,188.6,309.15,430.6,494.05,505.95,511.55,449.3,-14.005,-14.136,163.5,152.0,-0.39199999999999946,-14.0,0.12400000000000055,-7.099999999999994,-0.1379999999999999,-3.5500000000000114,0.0,29.30000000000001,-2.452,-23.75,0.0,-7.300000000000011,-0.021000000000000796,-2.4499999999999886,0.0,-0.3500000000000085,0.09600000000000009,2.5,0.0,8.450000000000003,0.0039999999999995595,91.85,0.0,120.54999999999998,0.12100000000000044,121.45000000000005,0.0,63.44999999999999,0.5950000000000006,11.899999999999977,0.6549999999999994,5.600000000000023,1.593,-62.25,-12.859111111111112,-13.875285714285715,-12.940833333333332,450.1000000000001,885.778,3501.519,3837.891,3060.1852,2471.7889999999998,3357.567
1.33,-11.067,-11.441,-11.34,-11.443,-11.443,-13.904,-13.904,-13.917,-13.917,-13.835,-13.835,-13.823,-13.823,-13.709,-13.709,-12.98,-12.409,-10.828,113.35,101.3,93.75,90.2,118.45,96.0,88.44999999999999,86.05000000000001,85.55,87.8,96.0,183.2,294.7,423.3,497.45,514.6,517.6,457.2000000000001,-13.996,-14.142,163.4,152.8,-0.37400000000000055,-12.049999999999997,0.10100000000000087,-7.549999999999997,-0.10299999999999976,-3.549999999999997,0.0,28.25,-2.4610000000000003,-22.450000000000003,0.0,-7.550000000000011,-0.0129999999999999,-2.3999999999999773,0.0,-0.5000000000000142,0.08199999999999896,2.25,0.0,8.200000000000003,0.012000000000000455,87.19999999999999,0.0,111.5,0.11400000000000077,128.60000000000002,0.0,74.14999999999998,0.7289999999999992,17.150000000000034,0.5709999999999997,3.0,1.5810000000000013,-60.39999999999992,-12.8515,-13.876428571428574,-12.909666666666668,450.8083333333334,3357.567,885.778,3814.381,3025.897,285.37300000000005,3642.94
1.33,-11.249,-11.464,-11.286,-11.428,-11.428,-13.914,-13.914,-13.918,-13.918,-13.855,-13.855,-13.826,-13.826,-13.717,-13.717,-12.984,-12.42,-10.732,112.3,101.3,93.6,90.4,120.3,95.75,88.2,86.1,85.55,87.65,96.65,190.15,288.6,418.65,493.2,514.4,521.0,463.15,-13.996,-14.142,163.0,153.6,-0.21499999999999986,-11.0,0.17800000000000082,-7.700000000000003,-0.14200000000000124,-3.1999999999999886,0.0,29.89999999999999,-2.485999999999999,-24.549999999999997,0.0,-7.549999999999997,-0.0039999999999995595,-2.1000000000000085,0.0,-0.5499999999999972,0.06299999999999883,2.1000000000000085,0.0,9.0,0.028999999999999915,93.5,0.0,98.45000000000002,0.10899999999999999,130.04999999999995,0.0,74.55000000000001,0.7330000000000005,21.19999999999999,0.5640000000000001,6.600000000000023,1.6880000000000006,-57.85000000000002,-12.85838888888889,-13.885714285714284,-12.899333333333333,449.8333333333333,3642.94,3357.567,3741.681,3006.9446,3.9789999999998145,3646.919
1.33,-11.36,-11.569,-11.304,-11.42,-11.42,-13.911,-13.911,-13.94,-13.94,-13.825,-13.825,-13.811,-13.811,-13.718,-13.718,-13.04,-12.359,-10.742,112.4,100.6,93.5,90.55,122.25,95.65,88.15,86.25,85.69999999999999,88.1,97.4,210.25,289.95,404.65,485.95,510.1,518.05,471.65,-14.012,-14.157,162.7,154.4,-0.2090000000000014,-11.800000000000011,0.26500000000000057,-7.099999999999994,-0.11599999999999966,-2.950000000000003,0.0,31.700000000000003,-2.4909999999999997,-26.599999999999994,0.0,-7.5,-0.028999999999999915,-1.9000000000000057,0.0,-0.5500000000000114,0.11500000000000021,2.4000000000000057,0.0,9.300000000000011,0.013999999999999346,112.85,0.0,79.69999999999999,0.09299999999999997,114.69999999999999,0.0,81.30000000000001,0.6780000000000008,24.150000000000034,0.6809999999999992,7.949999999999932,1.616999999999999,-46.39999999999998,-12.868,-13.880428571428572,-12.898000000000001,446.72499999999997,3646.919,3642.94,3501.519,3041.5222000000003,27.488000000000284,3674.407
1.33,-11.395,-11.67,-11.273,-11.428,-11.428,-13.904,-13.904,-13.94,-13.94,-13.835,-13.835,-13.816,-13.816,-13.695,-13.695,-13.034,-12.41,-10.799,113.05,99.4,93.75,90.65,122.3,95.6,88.35,86.15,85.6,87.95,98.9,218.2,287.0,394.65,483.0,505.85,510.05,477.0,-14.005,-14.165,163.0,154.4,-0.27500000000000036,-13.649999999999991,0.39700000000000024,-5.650000000000006,-0.15500000000000114,-3.0999999999999943,0.0,31.64999999999999,-2.475999999999999,-26.700000000000003,0.0,-7.25,-0.03599999999999959,-2.1999999999999886,0.0,-0.5500000000000114,0.10499999999999865,2.3500000000000085,0.0,10.950000000000003,0.019000000000000128,119.29999999999998,0.0,68.80000000000001,0.12100000000000044,107.64999999999998,0.0,88.35000000000002,0.6609999999999996,22.850000000000023,0.6240000000000006,4.199999999999989,1.6110000000000007,-33.05000000000001,-12.87872222222222,-13.882000000000001,-12.908166666666668,442.925,3674.407,3646.919,885.778,3587.4568,-58.95600000000013,3615.451
1.33,-11.343,-11.62,-11.226,-11.332,-11.332,-13.913,-13.913,-13.921,-13.921,-13.85,-13.85,-13.825,-13.825,-13.691,-13.691,-12.984,-12.389,-10.811,113.95,98.6,93.85,90.3,123.4,95.5,88.4,85.9,85.4,87.45,106.3,205.55,311.5,398.35,479.65,506.15,509.4500000000001,474.3,-13.998,-14.136,163.7,153.8,-0.27699999999999925,-15.350000000000009,0.39399999999999835,-4.75,-0.10599999999999987,-3.549999999999997,0.0,33.10000000000001,-2.5809999999999995,-27.900000000000006,0.0,-7.099999999999994,-0.007999999999999119,-2.5,0.0,-0.5,0.07099999999999973,2.049999999999997,0.0,18.849999999999994,0.025000000000000355,99.25000000000001,0.0,105.94999999999999,0.13399999999999856,86.85000000000002,0.0,81.29999999999995,0.7070000000000007,26.5,0.5950000000000006,3.300000000000125,1.5779999999999994,-35.15000000000009,-12.85761111111111,-13.884714285714285,-12.898499999999999,446.5666666666668,3615.451,3674.407,3357.567,3639.1784,0.7240000000001601,3616.175
1.33,-11.29,-11.598,-11.226,-11.336,-11.336,-13.912,-13.912,-13.931,-13.931,-13.845,-13.845,-13.814,-13.814,-13.675,-13.675,-12.998,-12.382,-10.716,114.0,98.45,93.65,90.25,124.05,95.25,88.5,85.8,85.2,87.05000000000001,103.4,202.15,328.5,397.4,474.05,501.5,510.2000000000001,466.9,-14.005,-14.145,164.3,153.1,-0.3080000000000016,-15.549999999999997,0.3719999999999999,-4.799999999999997,-0.10999999999999943,-3.4000000000000057,0.0,33.8,-2.5760000000000005,-28.799999999999997,0.0,-6.75,-0.01899999999999835,-2.700000000000003,0.0,-0.5999999999999943,0.08599999999999852,1.8500000000000085,0.0,16.349999999999994,0.031000000000000583,98.75,0.0,126.35,0.13899999999999935,68.89999999999998,0.0,76.65000000000003,0.6770000000000014,27.44999999999999,0.6159999999999997,8.700000000000102,1.6660000000000004,-43.300000000000125,-12.846444444444446,-13.884285714285713,-12.876666666666665,446.425,3616.175,3615.451,3642.94,3631.583,-11.211999999999989,3604.963
1.33,-11.198,-11.535,-11.235,-11.4,-11.4,-13.887,-13.887,-13.933,-13.933,-13.813,-13.813,-13.809,-13.809,-13.657,-13.657,-12.958,-12.335,-10.796,113.5,98.65,92.85,90.35,123.2,95.4,88.44999999999999,85.9,85.05,86.7,101.8,195.65,326.0,411.6,469.75,498.95,502.0,465.45,-13.996,-14.132,165.0,152.3,-0.33699999999999974,-14.849999999999994,0.3000000000000007,-5.800000000000011,-0.16500000000000092,-2.5,0.0,32.85000000000001,-2.487,-27.799999999999997,0.0,-6.950000000000017,-0.045999999999999375,-2.549999999999983,0.0,-0.8500000000000085,0.11999999999999922,1.6500000000000057,0.0,15.099999999999994,0.004000000000001336,93.85000000000001,0.0,130.35,0.15199999999999925,85.60000000000002,0.0,58.14999999999998,0.6989999999999998,29.19999999999999,0.6229999999999993,3.0500000000000114,1.5390000000000015,-36.55000000000001,-12.836388888888889,-13.867857142857144,-12.868666666666664,445.625,3604.963,3616.175,3646.919,3628.5446,26.76399999999967,3631.727
1.33,-11.07,-11.473,-11.268,-11.418,-11.418,-13.902,-13.902,-13.912,-13.912,-13.815,-13.815,-13.8,-13.8,-13.66,-13.66,-12.93,-12.268,-10.705,113.65,99.15,92.1,90.45,123.8,95.7,88.5,85.9,85.15,86.4,101.25,190.1,323.7,429.9,469.75,497.75,501.45,466.85,-13.986,-14.127,165.3,151.6,-0.40300000000000047,-14.5,0.20500000000000007,-7.050000000000011,-0.14999999999999858,-1.6499999999999915,0.0,33.349999999999994,-2.484,-28.099999999999994,0.0,-7.200000000000003,-0.010000000000001563,-2.5999999999999943,0.0,-0.75,0.09700000000000131,1.25,0.0,14.849999999999994,0.014999999999998792,88.85,0.0,133.6,0.14000000000000057,106.19999999999999,0.0,39.85000000000002,0.7300000000000004,28.0,0.661999999999999,3.6999999999999886,1.5630000000000006,-34.599999999999966,-12.818222222222225,-13.86542857142857,-12.837166666666668,448.2333333333333,3631.727,3604.963,3674.407,3613.2812,-33.636999999999716,3598.09
1.33,-11.074,-11.411,-11.277,-11.375,-11.375,-13.89,-13.89,-13.895,-13.895,-13.828,-13.828,-13.802,-13.802,-13.664,-13.664,-12.948,-12.248,-10.605,114.25,99.4,91.6,90.25,122.3,95.9,88.15,86.0,85.19999999999999,86.55000000000001,100.05,185.9,319.79999999999995,435.75,471.1,496.6,499.25,460.4,-13.987,-14.119,165.6,151.1,-0.33699999999999974,-14.849999999999994,0.13400000000000034,-7.800000000000011,-0.09800000000000075,-1.3499999999999943,0.0,32.05,-2.5150000000000006,-26.39999999999999,0.0,-7.75,-0.004999999999999005,-2.1500000000000057,0.0,-0.8000000000000114,0.06700000000000017,1.3500000000000227,0.0,13.499999999999986,0.0259999999999998,85.85000000000001,0.0,133.89999999999995,0.1379999999999999,115.95000000000005,0.0,35.35000000000002,0.7159999999999993,25.5,0.7000000000000011,2.6499999999999773,1.642999999999999,-38.85000000000002,-12.803944444444442,-13.861142857142855,-12.821833333333336,447.15000000000003,3598.09,3631.727,3615.451,3609.809,0.0,3598.09
1.33,-11.174,-11.441,-11.273,-11.38,-11.38,-13.878,-13.878,-13.9,-13.9,-13.831,-13.831,-13.814,-13.814,-13.692,-13.692,-13.379,-13.084,-10.928,115.0,99.45,91.55,89.69999999999999,122.0,96.3,88.25,86.1,85.1,86.30000000000001,100.65,194.2,316.95000000000005,427.85,479.05,497.15,502.15,460.3,-13.982,-14.089,165.6,150.8,-0.26700000000000124,-15.549999999999997,0.16800000000000104,-7.900000000000006,-0.1070000000000011,-1.8500000000000085,0.0,32.30000000000001,-2.4979999999999993,-25.700000000000003,0.0,-8.049999999999997,-0.02200000000000024,-2.1500000000000057,0.0,-1.0,0.06900000000000084,1.200000000000017,0.0,14.349999999999994,0.01699999999999946,93.54999999999998,0.0,122.75000000000006,0.12199999999999989,110.89999999999998,0.0,51.19999999999999,0.3130000000000006,18.099999999999966,0.29499999999999993,5.0,2.155999999999999,-41.849999999999966,-12.903833333333333,-13.861714285714287,-13.098166666666666,447.24166666666673,3598.09,3598.09,3616.175,3603.9496,-11.211999999999989,3586.878
1.33,-11.3,-11.514,-11.306,-11.432,-11.432,-13.88,-13.88,-13.923,-13.923,-13.83,-13.83,-13.829,-13.829,-13.708,-13.708,-13.459,-13.26,-11.011,115.25,99.6,91.95,88.95,123.15,96.2,88.4,85.95,84.8,86.25,101.45,219.35,311.75,426.35,486.1,503.75,502.9500000000001,458.25,-13.996,-14.115,165.6,150.8,-0.21399999999999864,-15.650000000000006,0.20800000000000018,-7.6499999999999915,-0.12600000000000122,-3.0,0.0,34.2,-2.4480000000000004,-26.950000000000003,0.0,-7.799999999999997,-0.04299999999999926,-2.450000000000003,0.0,-1.1500000000000057,0.09299999999999997,1.4500000000000028,0.0,15.200000000000003,0.0009999999999994458,117.89999999999999,0.0,92.4,0.12100000000000044,114.60000000000002,0.0,59.75,0.24900000000000055,17.649999999999977,0.19899999999999984,-0.7999999999998977,2.2490000000000006,-44.7000000000001,-12.947444444444445,-13.870714285714286,-13.1625,448.19166666666666,3586.878,3598.09,3604.963,3570.6016000000004,-148.6550000000002,3438.223
1.33,-11.325,-11.594,-11.31,-11.424,-11.424,-13.906,-13.906,-13.91,-13.91,-13.854,-13.854,-13.826,-13.826,-13.709,-13.709,-13.419,-13.245,-11.004,115.45,99.85,92.55,88.65,123.85,95.55,88.5,85.75,84.55,86.4,103.45,229.65,319.4,420.85,486.9,508.0,508.95,462.7,-13.999,-14.149,165.6,150.4,-0.26900000000000013,-15.600000000000009,0.2839999999999989,-7.299999999999997,-0.11399999999999899,-3.8999999999999915,0.0,35.19999999999999,-2.482000000000001,-28.299999999999997,0.0,-7.049999999999997,-0.0039999999999995595,-2.75,0.0,-1.2000000000000028,0.05600000000000094,1.8500000000000085,0.0,17.049999999999997,0.027999999999998693,126.2,0.0,89.74999999999997,0.11700000000000088,101.45000000000005,0.0,66.04999999999995,0.28999999999999915,21.100000000000023,0.17400000000000126,0.9499999999999886,2.2409999999999997,-46.25,-12.953055555555556,-13.880857142857142,-13.152000000000001,451.13333333333327,3438.223,3586.878,3631.727,3515.1184000000003,-83.91199999999981,3354.311
1.33,-11.314,-11.595,-11.289,-11.38,-11.38,-13.917,-13.917,-13.927,-13.927,-13.888,-13.888,-13.864,-13.864,-13.753,-13.753,-13.346,-13.144,-11.018,115.25,100.3,92.65,88.5,124.15,94.75,88.35,85.9,84.35,86.55000000000001,102.95,218.45,341.79999999999995,421.9500000000001,484.15,505.1,507.35,466.15,-14.006,-14.15,165.5,149.6,-0.2810000000000006,-14.950000000000003,0.30600000000000094,-7.6499999999999915,-0.09100000000000108,-4.150000000000006,0.0,35.650000000000006,-2.536999999999999,-29.400000000000006,0.0,-6.400000000000006,-0.009999999999999787,-2.4499999999999886,0.0,-1.5500000000000114,0.0389999999999997,2.200000000000017,0.0,16.39999999999999,0.023999999999999133,115.49999999999999,0.0,123.34999999999997,0.11100000000000065,80.15000000000015,0.0,62.199999999999875,0.40700000000000003,20.950000000000045,0.20199999999999996,2.25,2.1259999999999994,-41.200000000000045,-12.953555555555557,-13.904,-13.146333333333336,454.4166666666667,3354.311,3438.223,3598.09,3455.5842000000002,-53.89200000000028,3300.419
1.33,-11.243,-11.562,-11.239,-11.368,-11.368,-13.944,-13.944,-13.979,-13.979,-13.875,-13.875,-13.863,-13.863,-13.727,-13.727,-13.316,-13.134,-11.052,113.65,100.5,92.5,88.7,123.3,94.2,88.3,85.95,84.35,86.85,99.7,195.5,368.75,421.7000000000001,482.65,504.7,501.3,470.85,-14.044,-14.174,165.3,148.8,-0.31899999999999906,-13.150000000000006,0.3229999999999986,-8.0,-0.12899999999999956,-3.799999999999997,0.0,34.599999999999994,-2.5760000000000005,-29.099999999999994,0.0,-5.900000000000006,-0.034999999999998366,-2.3499999999999943,0.0,-1.6000000000000085,0.1039999999999992,2.5,0.0,12.850000000000009,0.012000000000000455,95.8,0.0,173.25,0.13599999999999923,52.9500000000001,0.0,60.949999999999875,0.4109999999999996,22.05000000000001,0.18200000000000038,-3.3999999999999773,2.0820000000000007,-30.44999999999999,-12.947666666666668,-13.922714285714287,-13.136499999999998,458.325,3300.419,3354.311,3598.09,3389.829,-31.105000000000018,3269.314
1.33,-11.245,-11.531,-11.246,-11.391,-11.391,-13.928,-13.928,-13.968,-13.968,-13.853,-13.853,-13.845,-13.845,-13.703,-13.703,-13.274,-13.09,-11.016,111.4,100.55,92.65,89.2,121.55,94.0,88.35,86.0,84.6,87.30000000000001,96.85,184.3,362.8,432.35,481.85,504.6,505.5,468.65,-14.036,-14.157,165.1,148.6,-0.28600000000000136,-10.850000000000009,0.28500000000000014,-7.8999999999999915,-0.14499999999999957,-3.450000000000003,0.0,32.349999999999994,-2.537000000000001,-27.549999999999997,0.0,-5.650000000000006,-0.03999999999999915,-2.3499999999999943,0.0,-1.4000000000000057,0.11500000000000021,2.700000000000017,0.0,9.549999999999983,0.007999999999999119,87.45000000000002,0.0,178.5,0.14200000000000124,69.55000000000001,0.0,49.5,0.42900000000000027,22.75,0.18399999999999928,0.8999999999999773,2.074,-36.85000000000002,-12.93211111111111,-13.906142857142855,-13.105166666666669,459.2916666666667,3269.314,3300.419,3586.878,3338.686,61.84900000000016,3331.163
1.33,-11.161,-11.476,-11.249,-11.345,-11.345,-13.923,-13.923,-13.95,-13.95,-13.85,-13.85,-13.83,-13.83,-13.688,-13.688,-13.212,-13.024,-10.977,110.5,100.15,92.9,89.3,120.2,94.45,88.4,85.8,84.85,87.55000000000001,97.0,185.7,335.15,455.0,481.55,505.05,507.25,466.3,-14.022,-14.173,164.8,148.9,-0.3150000000000013,-10.349999999999994,0.2270000000000003,-7.25,-0.09600000000000009,-3.6000000000000085,0.0,30.900000000000006,-2.5779999999999994,-25.75,0.0,-6.049999999999997,-0.026999999999999247,-2.6000000000000085,0.0,-0.9500000000000028,0.09999999999999964,2.700000000000017,0.0,9.449999999999989,0.019999999999999574,88.69999999999999,0.0,149.45,0.14199999999999946,119.85000000000002,0.0,26.55000000000001,0.47600000000000087,23.5,0.1880000000000006,2.1999999999999886,2.046999999999999,-40.94999999999999,-12.903944444444443,-13.896571428571425,-13.069833333333335,458.3833333333334,3331.163,3269.314,3438.223,3330.1502,64.38099999999986,3395.544
1.33,-11.133,-11.476,-11.195,-11.308,-11.308,-13.902,-13.902,-13.927,-13.927,-13.846,-13.846,-13.815,-13.815,-13.682,-13.682,-13.177,-12.964,-10.979,110.8,99.3,93.05,89.19999999999999,120.0,95.1,88.25,85.85,84.85,87.9,112.35,187.7,320.65,462.3,484.1,505.6,509.7000000000001,468.8,-14.004,-14.147,164.3,148.7,-0.34300000000000175,-11.5,0.2810000000000006,-6.25,-0.11299999999999955,-3.8500000000000085,0.0,30.80000000000001,-2.5939999999999994,-24.900000000000006,0.0,-6.849999999999994,-0.025000000000000355,-2.4000000000000057,0.0,-1.0,0.08099999999999952,3.0500000000000114,0.0,24.44999999999999,0.031000000000000583,75.35,0.0,132.95,0.13299999999999912,141.65000000000003,0.0,21.80000000000001,0.5050000000000008,21.5,0.2129999999999992,4.10000000000008,1.9850000000000012,-40.90000000000009,-12.882444444444442,-13.880714285714285,-13.049833333333334,458.5250000000001,3395.544,3331.163,3354.311,3349.0305999999996,53.169000000000324,3448.713
1.33,-11.126,-11.43,-11.248,-11.381,-11.381,-13.887,-13.887,-13.925,-13.925,-13.835,-13.835,-13.819,-13.819,-13.684,-13.684,-13.136,-12.9,-10.932,111.55,98.05,93.2,89.30000000000001,122.35,95.5,87.94999999999999,85.8,84.75,87.25,152.45,188.0,319.6,450.9,493.1,510.7000000000001,510.7000000000001,467.6,-14.005,-14.136,164.3,147.8,-0.30400000000000027,-13.5,0.18200000000000038,-4.849999999999994,-0.1330000000000009,-3.8999999999999915,0.0,33.04999999999998,-2.5060000000000002,-26.849999999999994,0.0,-7.550000000000011,-0.038000000000000256,-2.1499999999999915,0.0,-1.0499999999999972,0.08999999999999986,2.5,0.0,65.19999999999999,0.016000000000000014,35.55000000000001,0.0,131.60000000000002,0.13500000000000156,131.29999999999995,0.0,42.200000000000045,0.548,17.60000000000008,0.23599999999999888,0.0,1.968,-43.10000000000008,-12.879666666666665,-13.873285714285716,-13.025833333333333,458.76666666666665,3448.713,3395.544,3300.419,3374.2042,-22.426000000000386,3426.287
1.33,-11.052,-11.421,-11.277,-11.403,-11.403,-13.902,-13.902,-13.924,-13.924,-13.834,-13.834,-13.807,-13.807,-13.666,-13.666,-13.184,-12.969,-10.866,111.8,97.2,93.2,89.44999999999999,122.6,95.75,87.5,85.8,84.7,86.7,198.7,174.45,332.0,440.7,504.55,520.25,521.05,469.15,-14.002,-14.123,164.3,146.8,-0.3689999999999998,-14.599999999999994,0.14400000000000013,-4.0,-0.12600000000000122,-3.750000000000014,0.0,33.150000000000006,-2.4989999999999988,-26.849999999999994,0.0,-8.25,-0.02200000000000024,-1.7000000000000028,0.0,-1.0999999999999943,0.08999999999999986,2.0,0.0,111.99999999999999,0.026999999999999247,-24.25,0.0,157.55,0.14100000000000001,108.69999999999999,0.0,63.85000000000002,0.4820000000000011,15.699999999999989,0.21499999999999986,0.7999999999999545,2.1029999999999998,-51.89999999999998,-12.880055555555552,-13.875285714285713,-13.026333333333332,464.61666666666673,3426.287,3448.713,3269.314,3413.3392,38.702000000000226,3464.989
1.33,-11.001,-11.381,-11.277,-11.368,-11.368,-13.895,-13.895,-13.909,-13.909,-13.841,-13.841,-13.81,-13.81,-13.669,-13.669,-13.205,-12.975,-10.858,112.0,97.25,93.05,89.75,122.9,95.95,87.1,85.65,84.85,86.4,193.0,165.6,334.7,437.5,507.8,530.1500000000001,532.2,469.7,-13.991,-14.138,164.3,146.1,-0.3800000000000008,-14.75,0.10400000000000098,-4.200000000000003,-0.09100000000000108,-3.299999999999997,0.0,33.150000000000006,-2.5269999999999992,-26.950000000000003,0.0,-8.850000000000009,-0.014000000000001123,-1.4499999999999886,0.0,-0.8000000000000114,0.06800000000000139,1.5500000000000114,0.0,106.6,0.030999999999998806,-27.400000000000006,0.0,169.1,0.14100000000000001,102.80000000000001,0.0,70.30000000000001,0.4640000000000004,22.35000000000008,0.23000000000000043,2.0499999999999545,2.116999999999999,-62.50000000000006,-12.871166666666669,-13.87142857142857,-13.030999999999999,468.675,3464.989,3426.287,3331.163,3437.7896,-11.57400000000007,3453.415
1.33,-10.976,-11.368,-11.244,-11.366,-11.366,-13.891,-13.891,-13.918,-13.918,-13.834,-13.834,-13.819,-13.819,-13.679,-13.679,-13.204,-12.932,-10.853,112.7,97.7,92.05,89.85,122.85,96.25,87.1,85.35,85.0,86.55,179.95,159.75,315.7,445.5,507.1,529.0,538.05,475.55,-14.002,-14.16,164.2,146.1,-0.39199999999999946,-15.0,0.12400000000000055,-5.650000000000006,-0.12199999999999989,-2.200000000000003,0.0,33.0,-2.5250000000000004,-26.599999999999994,0.0,-9.150000000000006,-0.026999999999999247,-1.75,0.0,-0.3499999999999943,0.08399999999999963,1.5499999999999972,0.0,93.39999999999999,0.014999999999998792,-20.19999999999999,0.0,155.95,0.14000000000000057,129.8,0.0,61.60000000000002,0.47499999999999964,21.899999999999977,0.27200000000000024,9.049999999999955,2.0790000000000006,-62.49999999999994,-12.866166666666667,-13.872142857142858,-13.027666666666667,468.4833333333334,3453.415,3464.989,3395.544,3431.7131999999997,-88.25300000000016,3365.162
1.33,-11.055,-11.404,-11.273,-11.4,-11.4,-13.894,-13.894,-13.916,-13.916,-13.916,-13.916,-14.029,-14.029,-13.934,-13.934,-13.267,-13.022,-10.896,113.55,98.05,91.0,89.9,121.75,96.85,87.25,84.94999999999999,85.1,86.65,170.2,163.3,287.5,453.8,507.35,523.85,540.05,485.95,-13.995,-14.12,164.0,147.1,-0.3490000000000002,-15.5,0.13100000000000023,-7.049999999999997,-0.12700000000000067,-1.0999999999999943,0.0,31.849999999999994,-2.4939999999999998,-24.900000000000006,0.0,-9.599999999999994,-0.02200000000000024,-2.3000000000000114,0.0,0.15000000000000568,0.0,1.5500000000000114,0.0,83.54999999999998,-0.11299999999999955,-6.899999999999977,0.0,124.19999999999999,0.09500000000000064,166.3,0.0,53.55000000000001,0.6669999999999998,16.5,0.24499999999999922,16.199999999999932,2.1259999999999994,-54.099999999999966,-12.94972222222222,-13.925857142857142,-13.180333333333335,466.4166666666667,3365.162,3453.415,3448.713,3437.1384,110.67700000000013,3475.839
1.33,-11.275,-11.539,-11.269,-11.336,-11.336,-13.888,-13.888,-13.93,-13.93,-14.112,-14.112,-14.092,-14.092,-13.938,-13.938,-13.314,-13.136,-10.914,114.6,98.1,90.8,89.75,120.45,97.2,87.65,84.65,85.1,86.95,160.64999999999998,174.35000000000002,282.7,449.9,509.4,517.95,543.75,490.75,-14.214,-14.406,164.0,148.5,-0.26399999999999935,-16.5,0.2699999999999996,-7.299999999999997,-0.06700000000000017,-1.0499999999999972,0.0,30.700000000000003,-2.5519999999999996,-23.25,0.0,-9.549999999999997,-0.041999999999999815,-3.0,0.0,0.44999999999998863,-0.18200000000000038,1.8500000000000085,0.0,73.69999999999997,0.019999999999999574,13.700000000000045,0.0,108.34999999999997,0.15399999999999991,167.2,0.0,59.5,0.6240000000000006,8.550000000000068,0.17800000000000082,25.799999999999955,2.2219999999999995,-53.0,-13.002166666666666,-13.993142857142857,-13.222000000000001,465.7416666666666,3475.839,3365.162,3426.287,3456.0910000000003,45.21100000000024,3521.05
1.33,-11.421,-11.588,-11.191,-11.303,-11.303,-14.174,-14.174,-14.192,-14.192,-14.126,-14.126,-14.087,-14.087,-13.949,-13.949,-13.319,-13.123,-10.951,115.5,98.5,90.85,89.1,117.6,97.1,87.9,84.65,85.05000000000001,87.45,160.25,194.9,294.95000000000005,425.45,510.7,522.75,539.55,492.5,-14.28,-14.442,164.2,149.7,-0.16699999999999982,-17.0,0.39699999999999847,-7.650000000000006,-0.1120000000000001,-1.75,0.0,28.5,-2.8709999999999987,-20.5,0.0,-9.199999999999989,-0.018000000000000682,-3.25,0.0,0.4000000000000057,0.06600000000000072,2.3999999999999915,0.0,72.8,0.0389999999999997,34.650000000000006,0.0,100.05000000000004,0.1379999999999999,130.49999999999994,0.0,85.25,0.629999999999999,12.050000000000011,0.1960000000000015,16.799999999999955,2.171999999999999,-47.049999999999955,-13.069722222222222,-14.153000000000002,-13.229666666666668,464.31666666666666,3521.05,3475.839,3464.989,3467.9542,3.2549999999996544,3524.305
1.33,-11.537,-11.721,-11.192,-11.324,-11.324,-14.17,-14.17,-14.207,-14.207,-14.119,-14.119,-14.092,-14.092,-13.964,-13.964,-13.351,-13.126,-10.964,115.5,99.25,91.05,88.1,115.9,97.2,87.85,84.85,84.6,87.2,165.1,211.15,314.04999999999995,418.4500000000001,515.7,527.75,542.75,494.05,-14.279,-14.455,164.8,150.5,-0.18399999999999928,-16.25,0.5289999999999999,-8.200000000000003,-0.13199999999999967,-2.950000000000003,0.0,27.80000000000001,-2.846,-18.700000000000003,0.0,-9.350000000000009,-0.03700000000000081,-3.0,0.0,-0.25,0.08800000000000097,2.6000000000000085,0.0,77.89999999999999,0.026999999999999247,46.05000000000001,0.0,102.89999999999995,0.1280000000000001,104.40000000000015,0.0,97.24999999999994,0.6129999999999995,12.049999999999955,0.22500000000000142,15.0,2.161999999999999,-48.69999999999999,-13.09127777777778,-14.154857142857141,-13.2435,468.7916666666667,3524.305,3521.05,3453.415,3490.7406,43.04200000000037,3567.347
1.33,-11.61,-11.807,-11.207,-11.362,-11.362,-14.185,-14.185,-14.21,-14.21,-14.124,-14.124,-14.095,-14.095,-13.95,-13.95,-13.379,-13.17,-11.004,115.1,99.8,91.0,87.80000000000001,116.65,97.05,87.75,85.15,84.2,86.35,167.85000000000002,192.9,344.15,425.5,512.75,536.55,545.55,493.9,-14.291,-14.435,165.9,150.2,-0.19700000000000095,-15.299999999999997,0.5999999999999996,-8.799999999999997,-0.15499999999999936,-3.1999999999999886,0.0,28.849999999999994,-2.8230000000000004,-19.60000000000001,0.0,-9.299999999999997,-0.025000000000000355,-2.5999999999999943,0.0,-0.9500000000000028,0.0860000000000003,2.1499999999999915,0.0,81.50000000000003,0.028999999999999915,25.049999999999983,0.0,151.24999999999997,0.14500000000000135,81.35000000000002,0.0,87.25,0.5709999999999997,23.799999999999955,0.20899999999999963,9.0,2.1660000000000004,-51.64999999999998,-13.112722222222219,-14.161857142857142,-13.258000000000001,476.40000000000003,3567.347,3524.305,3365.162,3522.714,-42.31800000000021,3525.029
1.33,-11.607,-11.797,-11.246,-11.325,-11.325,-14.193,-14.193,-14.21,-14.21,-14.1,-14.1,-14.072,-14.072,-13.901,-13.901,-13.394,-13.184,-10.978,114.55,100.4,91.05,87.9,117.55,96.85,87.9,85.19999999999999,84.0,85.9,155.05,177.25,365.65,437.9500000000001,505.3,525.7,553.45,494.85,-14.285,-14.412,167.1,149.7,-0.19000000000000128,-14.149999999999991,0.5510000000000002,-9.350000000000009,-0.07899999999999885,-3.1499999999999915,0.0,29.64999999999999,-2.8680000000000003,-20.700000000000003,0.0,-8.949999999999989,-0.017000000000001236,-2.700000000000017,0.0,-1.1999999999999886,0.11000000000000121,1.9000000000000057,0.0,69.15,0.02800000000000047,22.19999999999999,0.0,188.39999999999998,0.17099999999999937,72.30000000000013,0.0,67.34999999999991,0.5069999999999997,20.400000000000034,0.21000000000000085,27.75,2.2059999999999995,-58.60000000000002,-13.100444444444445,-14.154,-13.238333333333332,480.48333333333335,3525.029,3567.347,3475.839,3527.1989999999996,-26.764999999999873,3498.264
1.33,-11.447,-11.744,-11.239,-11.373,-11.373,-14.157,-14.157,-14.183,-14.183,-14.085,-14.085,-14.032,-14.032,-13.867,-13.867,-13.406,-13.239,-10.964,114.05,100.45,91.8,88.15,117.9,96.25,88.19999999999999,85.19999999999999,83.94999999999999,85.55,137.3,166.95,353.15,456.4,504.05,520.3,545.9,499.75,-14.258,-14.408,168.2,149.6,-0.2970000000000006,-13.599999999999994,0.504999999999999,-8.650000000000006,-0.13399999999999856,-3.6499999999999915,0.0,29.75,-2.7840000000000007,-21.650000000000006,0.0,-8.050000000000011,-0.0259999999999998,-3.0,0.0,-1.25,0.09799999999999898,1.6000000000000085,0.0,51.750000000000014,0.053000000000000824,29.649999999999977,0.0,186.2,0.16499999999999915,103.25,0.0,47.650000000000034,0.4610000000000003,16.249999999999943,0.16699999999999982,25.600000000000023,2.2750000000000004,-46.14999999999998,-13.079611111111113,-14.126,-13.229166666666666,479.92499999999995,3498.264,3525.029,3521.05,3520.2546,-11.93600000000015,3486.328
1.33,-11.277,-11.622,-11.24,-11.361,-11.361,-14.131,-14.131,-14.175,-14.175,-14.068,-14.068,-14.048,-14.048,-13.872,-13.872,-13.555,-13.327,-11.09,113.85,100.2,92.25,88.1,116.8,95.95,88.3,85.1,83.95,85.30000000000001,124.9,161.7,325.54999999999995,479.05,506.6,526.45,539.9000000000001,502.45,-14.232,-14.387,168.9,149.4,-0.34500000000000064,-13.649999999999991,0.3819999999999997,-7.950000000000003,-0.12100000000000044,-4.150000000000006,0.0,28.700000000000003,-2.7699999999999996,-20.849999999999994,0.0,-7.650000000000006,-0.04400000000000048,-3.200000000000003,0.0,-1.1499999999999915,0.1070000000000011,1.3500000000000085,0.0,39.599999999999994,0.019999999999999574,36.79999999999998,0.0,163.84999999999997,0.17600000000000016,153.50000000000006,0.0,27.55000000000001,0.31700000000000017,19.850000000000023,0.22799999999999976,13.450000000000045,2.237,-37.4500000000001,-13.078944444444446,-14.113714285714284,-13.294000000000002,480.0,3486.328,3498.264,3524.305,3518.8801999999996,31.105000000000018,3517.433
1.33,-11.221,-11.536,-11.259,-11.354,-11.354,-14.136,-14.136,-14.169,-14.169,-14.072,-14.072,-14.061,-14.061,-13.886,-13.886,-13.53,-13.302,-11.032,113.3,100.15,92.9,88.0,115.35,96.0,88.4,85.25,84.0,85.2,116.25,172.05,312.65,477.8,513.5,535.05,545.2,498.4500000000001,-14.225,-14.386,169.1,149.6,-0.3149999999999995,-13.149999999999991,0.27699999999999925,-7.25,-0.09499999999999886,-4.900000000000006,0.0,27.349999999999994,-2.782,-19.349999999999994,0.0,-7.599999999999994,-0.03300000000000125,-3.1500000000000057,0.0,-1.25,0.09700000000000131,1.2000000000000028,0.0,31.049999999999997,0.010999999999999233,55.80000000000001,0.0,140.59999999999997,0.1750000000000007,165.15000000000003,0.0,35.69999999999999,0.35599999999999987,21.549999999999955,0.22799999999999976,10.150000000000091,2.2699999999999996,-46.74999999999994,-13.068666666666665,-14.116428571428571,-13.28283333333333,480.44166666666666,3517.433,3486.328,3567.347,3529.3692,102.35899999999992,3619.792
1.33,-11.247,-11.507,-11.263,-11.343,-11.343,-14.132,-14.132,-14.152,-14.152,-14.073,-14.073,-14.044,-14.044,-13.889,-13.889,-13.559,-13.357,-11.0,113.15,100.25,93.2,88.5,112.95,96.1,88.45,85.4,84.1,85.4,111.45,176.55,304.95,457.4,529.45,527.85,557.7,495.25,-14.24,-14.406,169.2,150.2,-0.2599999999999998,-12.900000000000006,0.24399999999999977,-7.049999999999997,-0.08000000000000007,-4.700000000000003,0.0,24.450000000000003,-2.7889999999999997,-16.85000000000001,0.0,-7.6499999999999915,-0.019999999999999574,-3.049999999999997,0.0,-1.3000000000000114,0.07899999999999885,1.3000000000000114,0.0,26.049999999999997,0.028999999999999915,65.10000000000001,0.0,128.39999999999998,0.15500000000000114,152.45,0.0,72.05000000000007,0.33000000000000007,-1.6000000000000227,0.20199999999999996,29.850000000000023,2.3569999999999993,-62.450000000000045,-13.066611111111115,-14.108285714285714,-13.289666666666667,478.7666666666667,3619.792,3517.433,3525.029,3547.5984,-3.6169999999997344,3616.175
1.33,-11.305,-11.548,-11.252,-11.391,-11.391,-14.117,-14.117,-14.147,-14.147,-14.08,-14.08,-14.063,-14.063,-13.911,-13.911,-13.553,-13.373,-11.049,113.15,100.4,92.9,88.8,112.1,95.9,87.95,85.5,84.4,85.65,108.85,174.95,321.5,456.6,537.25,525.95,567.0999999999999,500.7000000000001,-14.239,-14.406,169.1,151.6,-0.24300000000000033,-12.75,0.2959999999999994,-7.5,-0.13899999999999935,-4.1000000000000085,0.0,23.299999999999997,-2.726000000000001,-16.19999999999999,0.0,-7.950000000000003,-0.02999999999999936,-2.450000000000003,0.0,-1.0999999999999943,0.06700000000000017,1.25,0.0,23.19999999999999,0.01699999999999946,66.1,0.0,146.55,0.15200000000000102,135.10000000000002,0.0,80.64999999999998,0.35799999999999876,-11.299999999999955,0.1800000000000015,41.149999999999864,2.324,-66.3999999999998,-13.083222222222222,-14.107285714285714,-13.310000000000002,484.84999999999997,3616.175,3619.792,3498.264,3574.2188,15.190999999999804,3631.366
1.33,-11.416,-11.615,-11.259,-11.418,-11.418,-14.138,-14.138,-14.171,-14.171,-14.098,-14.098,-14.063,-14.063,-13.903,-13.903,-13.514,-13.291,-11.09,113.4,100.15,92.9,89.25,110.85,96.15,87.35,85.6,84.65,85.75,109.6,190.65,333.04999999999995,448.95,532.35,523.4,569.3,504.1,-14.248,-14.412,169.2,153.5,-0.19899999999999984,-13.25,0.35599999999999987,-7.25,-0.15899999999999892,-3.6500000000000057,0.0,21.599999999999994,-2.7200000000000006,-14.699999999999989,0.0,-8.800000000000011,-0.032999999999999474,-1.75,0.0,-0.9499999999999886,0.07299999999999862,1.0999999999999943,0.0,23.849999999999994,0.03500000000000014,81.05000000000001,0.0,142.39999999999995,0.16000000000000014,115.90000000000003,0.0,83.40000000000003,0.3890000000000011,-8.950000000000045,0.22299999999999898,45.89999999999998,2.2010000000000005,-65.19999999999993,-13.098166666666664,-14.125285714285715,-13.293999999999999,485.19166666666666,3631.366,3616.175,3486.328,3590.4225999999994,-64.01899999999978,3567.347
1.33,-11.517,-11.711,-11.289,-11.345,-11.345,-14.156,-14.156,-14.18,-14.18,-14.122,-14.122,-14.081,-14.081,-13.914,-13.914,-13.515,-13.31,-10.979,113.65,99.55,92.8,89.85,109.0,96.7,87.0,85.55000000000001,84.9,85.9,108.85,206.5,334.05,451.7,527.6500000000001,517.45,562.45,509.4500000000001,-14.239,-14.418,169.2,154.3,-0.19400000000000084,-14.100000000000009,0.4220000000000006,-6.75,-0.05600000000000094,-2.950000000000003,0.0,19.150000000000006,-2.811,-12.299999999999997,0.0,-9.700000000000003,-0.023999999999999133,-1.4499999999999886,0.0,-0.6500000000000057,0.05799999999999983,1.0,0.0,22.94999999999999,0.04100000000000037,97.65,0.0,127.55000000000001,0.16699999999999982,117.64999999999998,0.0,75.9500000000001,0.39899999999999913,-10.200000000000045,0.20500000000000007,45.0,2.3310000000000013,-52.99999999999994,-13.106499999999999,-14.142428571428573,-13.285499999999999,483.79166666666674,3567.347,3631.366,3517.433,3587.3122000000003,-65.46600000000035,3501.881
1.33,-11.433,-11.629,-11.228,-11.317,-11.317,-14.17,-14.17,-14.185,-14.185,-13.832,-13.832,-13.789,-13.789,-13.653,-13.653,-13.536,-13.338,-10.99,113.25,99.3,93.05,89.80000000000001,109.35,97.35,86.9,85.1,84.9,85.95,114.05,209.25,342.25,462.05,526.35,516.35,557.05,511.9,-14.248,-14.44,169.5,154.7,-0.19599999999999973,-13.950000000000003,0.4009999999999998,-6.25,-0.08900000000000041,-3.249999999999986,0.0,19.549999999999983,-2.8529999999999998,-12.0,0.0,-10.449999999999989,-0.015000000000000568,-1.8000000000000114,0.0,-0.19999999999998863,0.35299999999999976,1.0499999999999972,0.0,28.099999999999994,0.04300000000000104,95.2,0.0,133.0,0.13599999999999923,119.80000000000001,0.0,64.30000000000001,0.11700000000000088,-10.0,0.1980000000000004,40.69999999999993,2.347999999999999,-45.14999999999998,-13.002555555555553,-14.023285714285715,-13.159833333333331,485.99166666666673,3501.881,3567.347,3619.792,3547.8156000000004,-79.57199999999966,3422.309
1.33,-11.368,-11.579,-11.185,-11.301,-11.301,-13.894,-13.894,-13.914,-13.914,-13.818,-13.818,-13.791,-13.791,-13.675,-13.675,-13.53,-13.329,-11.07,113.7,99.3,93.0,89.69999999999999,110.2,97.85,87.05000000000001,84.6,84.8,85.75,127.0,218.65,360.0,467.5,523.05,513.4000000000001,560.75,508.15,-13.972,-14.162,170.1,154.9,-0.2110000000000003,-14.400000000000006,0.39400000000000013,-6.299999999999997,-0.11599999999999966,-3.3000000000000114,0.0,20.500000000000014,-2.593,-12.350000000000009,0.0,-10.799999999999983,-0.019999999999999574,-2.450000000000017,0.0,0.20000000000000284,0.09600000000000009,0.9500000000000028,0.0,41.25,0.026999999999999247,91.65,0.0,141.35,0.11599999999999966,107.5,0.0,55.549999999999955,0.14500000000000135,-9.649999999999864,0.20099999999999874,47.34999999999991,2.2590000000000003,-52.60000000000002,-12.935944444444447,-13.863285714285713,-13.178333333333333,488.80833333333334,3422.309,3501.881,3616.175,3501.8085999999994,-36.169000000000324,3386.14
1.33,-11.131,-11.442,-11.183,-11.316,-11.316,-13.883,-13.883,-13.91,-13.91,-13.806,-13.806,-13.773,-13.773,-13.634,-13.634,-13.518,-13.317,-11.064,115.75,99.45,92.6,89.6,109.95,97.55,87.2,84.25,84.75,85.80000000000001,143.2,221.75,369.0,462.5,526.5,510.9500000000001,559.1,505.05,-13.965,-14.138,170.3,154.9,-0.31099999999999994,-16.299999999999997,0.25900000000000034,-6.8500000000000085,-0.1330000000000009,-3.0,0.0,20.35000000000001,-2.5669999999999984,-12.400000000000006,0.0,-10.349999999999994,-0.027000000000001023,-2.950000000000003,0.0,0.5,0.10400000000000098,1.0500000000000114,0.0,57.39999999999998,0.032999999999999474,78.55000000000001,0.0,147.25,0.13899999999999935,93.5,0.0,64.0,0.11599999999999966,-15.549999999999898,0.2010000000000005,48.14999999999992,2.253,-54.05000000000001,-12.905499999999998,-13.852999999999998,-13.156666666666666,488.8500000000001,3386.14,3422.309,3631.366,3444.0828,-43.40299999999979,3342.737
1.33,-11.135,-11.378,-11.174,-11.252,-11.252,-13.888,-13.888,-13.898,-13.898,-13.846,-13.846,-13.816,-13.816,-13.679,-13.679,-13.514,-13.326,-11.019,114.4,100.45,92.35,89.65,110.8,96.85,87.15,84.3,84.8,86.0,161.0,230.45,375.65,475.5,525.85,516.0999999999999,546.55,508.5,-13.967,-14.131,169.3,156.4,-0.24300000000000033,-13.950000000000003,0.20400000000000063,-8.100000000000009,-0.07800000000000118,-2.6999999999999886,0.0,21.14999999999999,-2.6359999999999992,-13.950000000000003,0.0,-9.699999999999989,-0.009999999999999787,-2.8500000000000085,0.0,0.5,0.0519999999999996,1.2000000000000028,0.0,75.0,0.02999999999999936,69.44999999999999,0.0,145.2,0.13700000000000045,99.85000000000002,0.0,50.35000000000002,0.16500000000000092,-9.750000000000114,0.18799999999999883,30.450000000000045,2.3070000000000004,-38.049999999999955,-12.905777777777779,-13.86857142857143,-13.17216666666667,491.3583333333333,3342.737,3386.14,3567.347,3382.1614,-84.9970000000003,3257.74
1.33,-11.17,-11.369,-11.173,-11.296,-11.296,-13.916,-13.916,-13.939,-13.939,-13.8,-13.8,-13.755,-13.755,-13.6,-13.6,-13.526,-13.335,-11.06,113.65,101.5,92.15,89.55,110.15,96.45,87.25,84.45,85.2,86.35,153.7,230.3,384.9,489.2000000000001,520.45,518.0,539.1500000000001,511.65,-13.996,-14.171,168.2,156.5,-0.19899999999999984,-12.150000000000006,0.19599999999999973,-9.349999999999994,-0.12299999999999933,-2.6000000000000085,0.0,20.60000000000001,-2.620000000000001,-13.700000000000003,0.0,-9.200000000000003,-0.022999999999999687,-2.799999999999997,0.0,0.75,0.13899999999999935,1.1499999999999915,0.0,67.35,0.04499999999999993,76.60000000000002,0.0,154.59999999999997,0.15500000000000114,104.30000000000013,0.0,31.249999999999943,0.07399999999999984,-2.4500000000000455,0.19099999999999895,21.15000000000009,2.2750000000000004,-27.500000000000114,-12.902499999999998,-13.866428571428571,-13.146,493.8916666666667,3257.74,3342.737,3501.881,3342.5926,46.297000000000025,3304.037
1.33,-11.226,-11.481,-11.159,-11.283,-11.283,-13.888,-13.888,-13.899,-13.899,-13.787,-13.787,-13.762,-13.762,-13.6,-13.6,-13.57,-13.34,-11.06,113.45,101.4,92.35,89.19999999999999,109.55,96.1,87.6,84.45,85.15,86.35,142.2,204.8,388.95,488.75,519.75,520.3,536.3,518.3,-13.953,-14.117,168.6,155.7,-0.254999999999999,-12.049999999999997,0.3219999999999992,-9.050000000000011,-0.12399999999999878,-3.1500000000000057,0.0,20.35000000000001,-2.6050000000000004,-13.450000000000003,0.0,-8.5,-0.010999999999999233,-3.1499999999999915,0.0,0.7000000000000028,0.11199999999999832,1.1999999999999886,0.0,55.849999999999994,0.025000000000000355,62.60000000000002,0.0,184.14999999999998,0.1620000000000008,99.80000000000001,0.0,31.0,0.02999999999999936,0.5499999999999545,0.23000000000000043,16.0,2.2799999999999994,-18.0,-12.904111111111112,-13.844285714285716,-13.155333333333333,495.3916666666667,3304.037,3257.74,3422.309,3300.709,-91.14599999999973,3212.891
1.33,-11.215,-11.411,-11.034,-11.127,-11.127,-13.854,-13.854,-13.881,-13.881,-13.781,-13.781,-13.717,-13.717,-13.514,-13.514,-13.574,-13.414,-11.033,113.65,100.2,92.55,89.1,109.3,96.0,87.9,84.5,84.9,86.0,132.55,178.35,394.6,494.4,526.0,520.85,538.0999999999999,522.55,-13.959,-14.119,170.0,154.4,-0.19599999999999973,-13.450000000000003,0.3769999999999989,-7.650000000000006,-0.09299999999999997,-3.450000000000003,0.0,20.200000000000003,-2.7269999999999985,-13.299999999999997,0.0,-8.099999999999994,-0.027000000000001023,-3.4000000000000057,0.0,0.4000000000000057,0.09999999999999964,1.0999999999999943,0.0,46.55000000000001,0.06400000000000006,45.79999999999998,0.0,216.25000000000003,0.20300000000000118,99.79999999999995,0.0,31.600000000000023,-0.0600000000000005,-5.149999999999977,0.16000000000000014,17.249999999999886,2.3810000000000002,-15.549999999999955,-12.857166666666668,-13.821285714285716,-13.127666666666668,499.4166666666667,3212.891,3304.037,3386.14,3256.7275999999997,-46.6579999999999,3166.233
1.33,-11.157,-11.395,-10.971,-11.026,-11.026,-13.867,-13.867,-13.87,-13.87,-13.738,-13.738,-13.702,-13.702,-13.534,-13.534,-13.599,-13.44,-11.1,114.45,99.2,92.95,88.94999999999999,109.55,95.75,88.25,84.75,84.8,85.7,127.7,162.35000000000002,371.95,498.25,529.55,529.7,547.5999999999999,522.4,-13.909,-14.059,171.1,153.2,-0.23799999999999955,-15.25,0.4239999999999995,-6.25,-0.054999999999999716,-4.000000000000014,0.0,20.60000000000001,-2.841000000000001,-13.799999999999997,0.0,-7.5,-0.0029999999999983373,-3.5,0.0,0.04999999999999716,0.13199999999999967,0.9000000000000057,0.0,42.0,0.03599999999999959,34.65000000000002,0.0,209.59999999999997,0.16799999999999926,126.30000000000001,0.0,31.299999999999955,-0.0649999999999995,0.15000000000009095,0.1590000000000007,17.899999999999864,2.34,-25.199999999999932,-12.840888888888887,-13.80742857142857,-13.151499999999999,499.90833333333336,3166.233,3212.891,3342.737,3235.8943999999997,72.33799999999974,3238.571
1.33,-11.06,-11.36,-10.908,-10.973,-10.973,-13.801,-13.801,-13.84,-13.84,-13.729,-13.729,-13.698,-13.698,-13.536,-13.536,-13.587,-13.381,-11.194,115.55,98.95,93.25,89.1,109.0,95.5,88.19999999999999,85.0,84.65,85.25,125.65,163.75,321.95,499.3,537.0,523.0,554.25,515.45,-13.907,-14.068,170.4,152.4,-0.29999999999999893,-16.599999999999994,0.45199999999999996,-5.700000000000003,-0.06500000000000128,-4.150000000000006,0.0,19.900000000000006,-2.8279999999999994,-13.5,0.0,-7.300000000000011,-0.0389999999999997,-3.1999999999999886,0.0,-0.3499999999999943,0.11100000000000065,0.5999999999999943,0.0,40.400000000000006,0.030999999999998806,38.099999999999994,0.0,158.2,0.1620000000000008,177.35000000000002,0.0,37.69999999999999,-0.051000000000000156,-14.0,0.20599999999999952,31.25,2.1869999999999994,-38.799999999999955,-12.813555555555556,-13.776857142857141,-13.155333333333333,491.825,3238.571,3166.233,3257.74,3241.6092,47.74299999999994,3286.314
1.33,-10.988,-11.313,-10.871,-11.003,-11.003,-13.791,-13.791,-13.823,-13.823,-13.76,-13.76,-13.743,-13.743,-13.587,-13.587,-13.555,-13.369,-11.153,115.85,99.15,92.7,89.05000000000001,108.35,95.8,87.94999999999999,85.4,84.7,85.25,121.6,158.45,285.20000000000005,494.55,541.45,521.0,557.25,511.05,-13.906,-14.048,168.7,151.9,-0.32500000000000107,-16.69999999999999,0.44200000000000017,-6.450000000000003,-0.13199999999999967,-3.6499999999999915,0.0,19.299999999999983,-2.7880000000000003,-12.549999999999997,0.0,-7.8500000000000085,-0.03200000000000003,-2.549999999999983,0.0,-0.7000000000000028,0.06300000000000061,0.5499999999999972,0.0,36.349999999999994,0.01699999999999946,36.849999999999994,0.0,126.75000000000006,0.15600000000000058,209.34999999999997,0.0,46.900000000000034,0.03200000000000003,-20.450000000000045,0.18599999999999994,36.25,2.2159999999999993,-46.19999999999999,-12.81461111111111,-13.784428571428572,-13.165666666666668,485.0833333333333,3286.314,3238.571,3304.037,3253.0384000000004,74.86900000000014,3361.183
1.33,-10.992,-11.316,-11.062,-11.146,-11.146,-13.832,-13.832,-13.854,-13.854,-13.762,-13.762,-13.731,-13.731,-13.574,-13.574,-13.572,-13.361,-11.075,115.65,99.65,92.05,89.4,108.75,95.65,87.85,85.55000000000001,84.75,85.80000000000001,119.8,159.4,282.6,464.65,543.0,518.4000000000001,561.6,508.4,-13.928,-14.071,167.3,151.6,-0.32399999999999984,-16.0,0.25400000000000134,-7.6000000000000085,-0.0840000000000014,-2.6499999999999915,0.0,19.349999999999994,-2.686,-13.099999999999994,0.0,-7.800000000000011,-0.021999999999998465,-2.299999999999983,0.0,-0.8000000000000114,0.09199999999999875,1.0500000000000114,0.0,33.999999999999986,0.031000000000000583,39.60000000000001,0.0,123.20000000000002,0.15700000000000003,182.04999999999995,0.0,78.35000000000002,0.002000000000000668,-24.59999999999991,0.21099999999999852,43.19999999999993,2.2860000000000014,-53.200000000000045,-12.84311111111111,-13.803857142857142,-13.147833333333333,479.77500000000003,3361.183,3286.314,3212.891,3300.3474,88.25300000000016,3449.436
1.33,-11.129,-11.35,-10.997,-11.096,-11.096,-13.831,-13.831,-13.85,-13.85,-13.79,-13.79,-13.753,-13.753,-13.615,-13.615,-13.567,-13.357,-11.08,116.05,100.6,91.8,90.3,109.35,96.0,87.9,85.4,86.5,88.2,122.15,169.45,271.25,431.6,544.25,515.0,561.4,508.25,-13.917,-14.09,166.7,151.7,-0.22100000000000009,-15.450000000000003,0.35299999999999976,-8.799999999999997,-0.0990000000000002,-1.5,0.0,19.049999999999997,-2.7349999999999994,-13.349999999999994,0.0,-8.099999999999994,-0.019000000000000128,-2.5,0.0,1.0999999999999943,0.0600000000000005,1.7000000000000028,0.0,33.95,0.036999999999999034,47.29999999999998,0.0,101.80000000000001,0.1379999999999999,160.35000000000002,0.0,112.64999999999998,0.04800000000000004,-29.25,0.21000000000000085,46.39999999999998,2.2769999999999992,-53.14999999999998,-12.85277777777778,-13.81357142857143,-13.164500000000002,471.9583333333333,3449.436,3361.183,3166.233,3347.7286,-46.297000000000025,3403.139
1.33,-11.205,-11.413,-10.985,-11.082,-11.082,-13.841,-13.841,-13.872,-13.872,-13.785,-13.785,-13.766,-13.766,-13.626,-13.626,-13.56,-13.373,-11.144,116.65,101.0,91.85,90.4,109.05,97.1,88.0,85.4,90.4,93.2,126.35,172.8,276.5,419.95,537.45,527.5999999999999,552.95,507.45,-13.936,-14.112,166.5,151.7,-0.20800000000000018,-15.650000000000006,0.4280000000000008,-9.150000000000006,-0.09700000000000131,-1.4499999999999886,0.0,18.64999999999999,-2.7589999999999986,-11.950000000000003,0.0,-9.099999999999994,-0.031000000000000583,-2.5999999999999943,0.0,5.0,0.08699999999999974,2.799999999999997,0.0,33.14999999999999,0.019000000000000128,46.45000000000002,0.0,103.69999999999999,0.14000000000000057,143.45,0.0,117.50000000000006,0.06599999999999895,-9.850000000000136,0.18700000000000117,25.350000000000136,2.228999999999999,-45.50000000000006,-12.868,-13.823142857142857,-13.182500000000003,470.3166666666666,3403.139,3449.436,3238.571,3381.4379999999996,3.9789999999998145,3407.118
1.33,-11.183,-11.473,-11.015,-11.129,-11.129,-13.849,-13.849,-13.873,-13.873,-13.805,-13.805,-13.777,-13.777,-13.619,-13.619,-13.549,-13.352,-11.128,117.05,101.05,92.05,89.5,110.7,98.25,88.0,85.25,90.2,96.8,131.25,171.89999999999998,300.95000000000005,423.25,522.8499999999999,530.4,549.4,507.2,-13.942,-14.099,166.6,151.1,-0.2900000000000009,-16.0,0.4580000000000002,-9.0,-0.11399999999999899,-2.549999999999997,0.0,21.200000000000003,-2.7200000000000006,-12.450000000000003,0.0,-10.25,-0.023999999999999133,-2.75,0.0,4.950000000000003,0.06799999999999962,6.599999999999994,0.0,34.45,0.02800000000000047,40.64999999999998,0.0,129.05000000000007,0.15799999999999947,122.29999999999995,0.0,99.59999999999991,0.07000000000000028,7.550000000000068,0.19699999999999918,19.0,2.224,-42.19999999999999,-12.877999999999998,-13.833,-13.174,472.34166666666664,3407.118,3403.139,3286.314,3411.8198,31.105000000000018,3438.223
1.33,-11.249,-11.462,-10.994,-11.066,-11.066,-13.855,-13.855,-13.879,-13.879,-13.798,-13.798,-13.762,-13.762,-13.603,-13.603,-13.59,-13.394,-11.005,116.85,101.2,92.75,89.35,112.05,99.5,87.9,85.35,90.2,100.15,143.7,162.45,317.55,419.2,511.55,524.8,543.8,505.65,-13.956,-14.111,167.0,149.9,-0.2129999999999992,-15.649999999999991,0.46799999999999997,-8.450000000000003,-0.07200000000000095,-3.4000000000000057,0.0,22.700000000000003,-2.7889999999999997,-12.549999999999997,0.0,-11.599999999999994,-0.023999999999999133,-2.5500000000000114,0.0,4.8500000000000085,0.08099999999999952,9.950000000000003,0.0,43.54999999999998,0.03599999999999959,18.75,0.0,155.10000000000002,0.1590000000000007,101.64999999999998,0.0,92.35000000000002,0.0129999999999999,13.249999999999943,0.19599999999999973,19.0,2.3889999999999993,-38.14999999999998,-12.86777777777778,-13.832285714285714,-13.159500000000001,470.42499999999995,3438.223,3407.118,3361.183,3425.7088000000003,-7.5949999999998,3430.628
1.33,-11.138,-11.411,-11.003,-11.099,-11.099,-13.853,-13.853,-13.877,-13.877,-13.776,-13.776,-13.76,-13.76,-13.6,-13.6,-13.605,-13.398,-11.095,116.3,101.35,93.5,89.15,112.6,99.05,87.85,85.45,89.3,102.4,140.75,148.25,319.4,433.25,506.5,526.3,534.9000000000001,504.9,-13.948,-14.123,167.6,149.0,-0.2729999999999997,-14.950000000000003,0.4079999999999995,-7.849999999999994,-0.09600000000000009,-4.349999999999994,0.0,23.44999999999999,-2.7539999999999996,-13.549999999999997,0.0,-11.200000000000003,-0.02400000000000091,-2.3999999999999915,0.0,3.8499999999999943,0.10100000000000087,13.100000000000009,0.0,38.349999999999994,0.016000000000000014,7.5,0.0,171.14999999999998,0.16000000000000014,113.85000000000002,0.0,73.25,-0.005000000000000782,19.799999999999955,0.20700000000000074,8.600000000000136,2.302999999999999,-30.000000000000114,-12.865555555555552,-13.82457142857143,-13.176333333333332,470.87500000000006,3430.628,3438.223,3449.436,3420.4282,-7.595000000000255,3423.033
1.33,-11.074,-11.374,-10.986,-11.089,-11.089,-13.845,-13.845,-13.874,-13.874,-13.77,-13.77,-13.76,-13.76,-13.604,-13.604,-13.619,-13.414,-11.194,115.4,101.4,93.6,89.3,112.55,97.9,87.85,85.30000000000001,88.4,100.1,134.3,136.75,312.85,448.1,503.4,527.75,536.8,502.5,-13.935,-14.096,168.2,147.1,-0.3000000000000007,-14.0,0.3879999999999999,-7.800000000000011,-0.10299999999999976,-4.299999999999997,0.0,23.25,-2.7560000000000002,-14.649999999999991,0.0,-10.050000000000011,-0.028999999999999915,-2.549999999999983,0.0,3.0999999999999943,0.10400000000000098,11.699999999999989,0.0,34.20000000000002,0.009999999999999787,2.4499999999999886,0.0,176.10000000000002,0.15600000000000058,135.25,0.0,55.299999999999955,-0.015000000000000568,24.350000000000023,0.20500000000000007,9.049999999999955,2.219999999999999,-34.299999999999955,-12.863611111111105,-13.819714285714285,-13.199166666666665,471.8999999999999,3423.033,3430.628,3403.139,3423.5388,-4.3409999999998945,3418.692
1.33,-11.017,-11.331,-11.05,-11.159,-11.159,-13.837,-13.837,-13.861,-13.861,-13.76,-13.76,-13.754,-13.754,-13.581,-13.581,-13.635,-13.44,-11.127,115.0,101.6,93.6,89.6,111.75,97.6,88.0,85.25,87.85,97.45,126.75,132.85,289.15,455.6,503.65,526.3,538.0,498.25,-13.93,-14.087,168.1,145.1,-0.31400000000000006,-13.400000000000006,0.2809999999999988,-8.0,-0.10899999999999999,-4.0,0.0,22.150000000000006,-2.677999999999999,-14.150000000000006,0.0,-9.599999999999994,-0.02400000000000091,-2.75,0.0,2.5999999999999943,0.10100000000000087,9.600000000000009,0.0,29.299999999999997,0.006000000000000227,6.099999999999994,0.0,156.29999999999998,0.17300000000000004,166.45000000000005,0.0,48.049999999999955,-0.05400000000000027,22.649999999999977,0.19500000000000028,11.700000000000045,2.312999999999999,-39.75,-12.86133333333333,-13.810000000000002,-13.186333333333332,468.4916666666666,3418.692,3423.033,3407.118,3441.768,79.57200000000012,3498.264
1.33,-10.88,-11.253,-11.022,-11.115,-11.115,-13.835,-13.835,-13.834,-13.834,-13.828,-13.828,-13.787,-13.787,-9.664,-9.664,-13.666,-13.504,-11.131,115.25,101.25,93.9,90.25,110.05,97.65,88.0,85.1,87.65,95.85,121.9,147.4,263.1,449.65,508.4,527.9000000000001,535.85,498.55,-13.92,-14.082,167.3,146.5,-0.37299999999999933,-14.0,0.23099999999999987,-7.349999999999994,-0.09299999999999997,-3.6500000000000057,0.0,19.799999999999997,-2.7200000000000006,-12.399999999999991,0.0,-9.650000000000006,0.0010000000000012221,-2.9000000000000057,0.0,2.5500000000000114,0.006000000000000227,8.199999999999989,0.0,26.05000000000001,0.04099999999999859,25.5,0.0,115.70000000000002,4.123000000000001,186.54999999999995,0.0,58.75,-4.002000000000001,19.500000000000114,0.1620000000000008,7.949999999999932,2.3729999999999993,-37.30000000000001,-12.421222222222221,-13.825857142857146,-11.902666666666667,463.90833333333336,3498.264,3418.692,3438.223,3459.1292000000003,26.764999999999873,3525.029
1.33,-10.867,-11.175,-11.028,-11.163,-11.163,-13.89,-13.89,-13.911,-13.911,-13.764,-13.764,-13.751,-13.751,-13.626,-13.626,-13.907,-13.687,-11.248,115.9,100.85,93.9,90.3,110.15,98.05,89.35,85.15,87.7,94.95,118.15,147.25,248.15,434.45,515.4,531.9,539.75,500.15,-13.94,-14.135,166.8,146.8,-0.30799999999999983,-15.050000000000011,0.14700000000000024,-6.949999999999989,-0.1349999999999998,-3.6000000000000085,0.0,19.85000000000001,-2.7270000000000003,-12.100000000000009,0.0,-8.700000000000003,-0.02099999999999902,-4.199999999999989,0.0,2.549999999999997,0.14700000000000024,7.25,0.0,23.200000000000003,0.0129999999999999,29.099999999999994,0.0,100.9,0.125,186.29999999999998,0.0,80.94999999999999,-0.2810000000000006,16.5,0.22000000000000064,7.850000000000023,2.439,-39.60000000000002,-12.895666666666669,-13.840142857142856,-13.3075,461.6333333333334,3525.029,3498.264,3430.628,3478.0094,0.0,3525.029
1.33,-10.777,-11.178,-11.07,-11.182,-11.182,-13.853,-13.853,-13.879,-13.879,-13.778,-13.778,-13.765,-13.765,-13.619,-13.619,-13.921,-13.668,-11.221,116.6,100.6,94.1,90.3,110.6,98.7,90.9,85.15,87.19999999999999,94.0,117.9,135.1,256.55,415.1,513.35,532.3,527.9,498.85,-13.927,-14.073,165.7,146.6,-0.4010000000000016,-16.0,0.10800000000000054,-6.5,-0.1120000000000001,-3.799999999999997,0.0,20.299999999999997,-2.6709999999999994,-11.899999999999991,0.0,-7.799999999999997,-0.0259999999999998,-5.75,0.0,2.049999999999983,0.10099999999999909,6.800000000000011,0.0,23.900000000000006,0.0129999999999999,17.19999999999999,0.0,121.45000000000002,0.1460000000000008,158.55,0.0,98.25,-0.3019999999999996,18.949999999999932,0.2530000000000001,-4.399999999999977,2.446999999999999,-29.049999999999955,-12.888166666666669,-13.826428571428574,-13.302166666666666,457.34166666666664,3525.029,3525.029,3423.033,3492.2598,-30.744000000000142,3494.285
1.33,-10.981,-11.275,-11.053,-11.103,-11.103,-13.842,-13.842,-13.845,-13.845,-13.804,-13.804,-13.788,-13.788,-13.646,-13.646,-13.864,-13.683,-11.211,117.55,100.7,93.9,90.55,111.45,98.8,90.25,86.0,86.7,92.45,122.7,140.9,276.2,391.3,500.9500000000001,522.3,524.95,495.85,-13.928,-14.102,164.6,146.7,-0.2940000000000005,-16.849999999999994,0.22199999999999953,-6.799999999999997,-0.049999999999998934,-3.3500000000000085,0.0,20.900000000000006,-2.7390000000000008,-12.650000000000006,0.0,-8.549999999999997,-0.0030000000000001137,-4.25,0.0,0.7000000000000028,0.04100000000000037,5.75,0.0,30.25,0.016000000000000014,18.200000000000003,0.0,135.29999999999998,0.14199999999999946,115.10000000000002,0.0,109.65000000000009,-0.21799999999999997,21.349999999999852,0.18100000000000094,2.650000000000091,2.4719999999999995,-29.100000000000023,-12.895722222222224,-13.824285714285713,-13.306333333333335,451.92499999999995,3494.285,3525.029,3418.692,3512.0080000000003,23.14800000000014,3517.433
1.33,-11.105,-11.307,-11.024,-11.12,-11.12,-13.875,-13.875,-13.89,-13.89,-13.802,-13.802,-13.767,-13.767,-13.623,-13.623,-13.864,-13.657,-11.195,117.55,100.85,93.7,90.5,113.3,98.45,89.55000000000001,87.85,86.4,90.95,130.05,144.35,253.45,394.0,500.8,527.15,536.8499999999999,493.85,-13.946,-14.117,163.6,147.9,-0.20199999999999996,-16.700000000000003,0.28300000000000125,-7.1499999999999915,-0.09600000000000009,-3.200000000000003,0.0,22.799999999999997,-2.755000000000001,-14.849999999999994,0.0,-8.899999999999991,-0.015000000000000568,-1.700000000000017,0.0,-1.4499999999999886,0.08800000000000097,4.549999999999997,0.0,39.10000000000001,0.03500000000000014,14.299999999999983,0.0,109.1,0.14400000000000013,140.55,0.0,106.80000000000001,-0.24100000000000144,26.349999999999966,0.20700000000000074,9.699999999999932,2.4619999999999997,-42.999999999999886,-12.905888888888887,-13.842999999999998,-13.288166666666664,451.01666666666665,3517.433,3494.285,3498.264,3534.3604,92.59299999999985,3610.026
1.33,-11.137,-11.402,-11.019,-11.156,-11.156,-13.856,-13.856,-13.891,-13.891,-13.783,-13.783,-13.77,-13.77,-13.639,-13.639,-13.84,-13.59,-11.252,116.95,101.1,93.35,90.65,113.8,97.9,89.30000000000001,88.94999999999999,86.25,90.2,126.45,144.85,247.75,413.0,477.55,514.75,521.35,499.3,-13.935,-14.125,162.9,148.8,-0.2649999999999988,-15.850000000000009,0.3829999999999991,-7.75,-0.13700000000000045,-2.6999999999999886,0.0,23.14999999999999,-2.6999999999999993,-15.899999999999991,0.0,-8.599999999999994,-0.03500000000000014,-0.35000000000002274,0.0,-2.6999999999999886,0.10800000000000054,3.950000000000003,0.0,36.25,0.0129999999999999,18.39999999999999,0.0,102.9,0.13100000000000023,165.25,0.0,64.55000000000001,-0.2010000000000005,37.19999999999999,0.25,6.600000000000023,2.337999999999999,-22.05000000000001,-12.912777777777782,-13.832857142857142,-13.288333333333334,445.61666666666673,3610.026,3517.433,3525.029,3542.1006,-46.29599999999982,3563.73
1.33,-11.18,-11.444,-11.051,-11.18,-11.18,-13.861,-13.861,-13.881,-13.881,-13.804,-13.804,-13.787,-13.787,-13.636,-13.636,-13.851,-13.602,-11.189,116.65,102.05,93.4,90.55,113.65,97.6,89.19999999999999,88.15,86.2,89.6,118.0,151.35000000000002,263.6,414.95,479.05,517.75,528.45,496.55,-13.948,-14.109,162.8,149.3,-0.2640000000000011,-14.600000000000009,0.3930000000000007,-8.649999999999991,-0.12899999999999956,-2.8500000000000085,0.0,23.10000000000001,-2.681000000000001,-16.05000000000001,0.0,-8.400000000000006,-0.019999999999999574,-1.049999999999983,0.0,-1.9500000000000028,0.07699999999999996,3.3999999999999915,0.0,28.400000000000006,0.01699999999999946,33.35000000000002,0.0,112.25,0.15100000000000158,151.34999999999997,0.0,64.10000000000002,-0.21500000000000163,38.69999999999999,0.24900000000000055,10.700000000000045,2.4130000000000003,-31.900000000000034,-12.923055555555557,-13.839857142857143,-13.283499999999998,450.0583333333334,3563.73,3610.026,3525.029,3555.9172,30.382000000000062,3594.112
1.33,-11.183,-11.416,-11.001,-11.093,-11.093,-13.864,-13.864,-13.893,-13.893,-13.8,-13.8,-13.774,-13.774,-13.628,-13.628,-13.837,-13.661,-11.181,116.3,102.35,93.55,90.45,111.85,97.2,89.3,87.5,85.85,88.9,111.45,165.55,272.65,400.7000000000001,487.0,517.0999999999999,528.5,498.3,-13.951,-14.143,163.1,149.5,-0.23300000000000054,-13.950000000000003,0.4150000000000009,-8.799999999999997,-0.09200000000000053,-3.0999999999999943,0.0,21.39999999999999,-2.771000000000001,-14.649999999999991,0.0,-7.900000000000006,-0.028999999999999915,-1.7999999999999972,0.0,-1.6500000000000057,0.09299999999999997,3.0500000000000114,0.0,22.549999999999997,0.026000000000001577,54.10000000000001,0.0,107.09999999999997,0.14599999999999902,128.05000000000013,0.0,86.2999999999999,-0.20899999999999963,30.09999999999991,0.17600000000000016,11.400000000000091,2.4800000000000004,-30.19999999999999,-12.910166666666667,-13.841142857142858,-13.284833333333333,450.7083333333333,3594.112,3563.73,3494.285,3580.2951999999996,22.063000000000102,3616.175
1.33,-11.219,-11.441,-11.034,-11.153,-11.153,-13.849,-13.849,-13.883,-13.883,-13.798,-13.798,-13.765,-13.765,-13.624,-13.624,-13.886,-13.663,-11.192,116.5,101.8,93.6,89.95,110.75,97.1,89.6,87.1,85.7,88.6,108.65,159.8,287.04999999999995,407.6,496.55,520.1500000000001,531.3,500.9,-13.95,-14.139,163.7,148.7,-0.2220000000000013,-14.700000000000003,0.40700000000000003,-8.200000000000003,-0.11899999999999977,-3.6499999999999915,0.0,20.799999999999997,-2.6959999999999997,-13.650000000000006,0.0,-7.5,-0.03399999999999892,-2.5,0.0,-1.3999999999999915,0.08499999999999908,2.8999999999999915,0.0,20.05000000000001,0.032999999999999474,51.150000000000006,0.0,127.24999999999994,0.14100000000000001,120.55000000000007,0.0,88.94999999999999,-0.2619999999999987,23.60000000000008,0.22299999999999898,11.149999999999864,2.471,-30.399999999999977,-12.921055555555554,-13.832142857142857,-13.292333333333332,457.2583333333334,3616.175,3594.112,3517.433,3586.3716,-68.36000000000013,3547.815
1.33,-11.306,-11.498,-10.98,-11.122,-11.122,-13.846,-13.846,-13.89,-13.89,-13.779,-13.779,-13.781,-13.781,-13.624,-13.624,-13.858,-13.617,-11.25,117.25,101.65,94.1,89.8,110.55,97.1,89.65,86.80000000000001,86.1,89.85,111.15,143.15,305.0,415.9,493.35,523.95,532.75,501.65,-13.951,-14.111,164.2,147.1,-0.19200000000000017,-15.599999999999994,0.5179999999999989,-7.550000000000011,-0.14199999999999946,-4.299999999999997,0.0,20.75,-2.724,-13.450000000000003,0.0,-7.449999999999989,-0.04400000000000048,-2.8499999999999943,0.0,-0.700000000000017,0.11100000000000065,3.75,0.0,21.30000000000001,-0.002000000000000668,32.0,0.0,161.85,0.15700000000000003,110.89999999999998,0.0,77.45000000000005,-0.23399999999999999,30.600000000000023,0.24099999999999966,8.799999999999955,2.367000000000001,-31.100000000000023,-12.921833333333332,-13.830142857142858,-13.292333333333334,462.09999999999997,3547.815,3616.175,3610.026,3579.3548,27.126999999999953,3574.942
1.33,-11.212,-11.49,-10.978,-11.093,-11.093,-13.873,-13.873,-13.875,-13.875,-13.79,-13.79,-13.769,-13.769,-13.609,-13.609,-13.855,-13.617,-11.192,117.0,101.45,94.55,89.95,110.8,96.65,89.15,86.7,86.15,90.9,109.05,133.14999999999998,305.29999999999995,424.65,492.15,519.8,530.5,503.35,-13.947,-14.116,164.5,146.4,-0.27800000000000047,-15.549999999999997,0.5120000000000005,-6.900000000000006,-0.11500000000000021,-4.599999999999994,0.0,20.849999999999994,-2.7799999999999994,-14.149999999999991,0.0,-7.5,-0.002000000000000668,-2.450000000000003,0.0,-0.5499999999999972,0.08500000000000085,4.75,0.0,18.14999999999999,0.02099999999999902,24.09999999999998,0.0,172.14999999999998,0.16000000000000014,119.35000000000002,0.0,67.5,-0.24600000000000044,27.649999999999977,0.23799999999999955,10.700000000000045,2.4250000000000007,-27.149999999999977,-12.909,-13.834999999999999,-13.275166666666669,462.62499999999994,3574.942,3547.815,3563.73,3572.2656,-46.6579999999999,3528.284
1.33,-11.174,-11.457,-11.012,-11.12,-11.12,-13.867,-13.867,-13.891,-13.891,-13.795,-13.795,-13.766,-13.766,-13.611,-13.611,-13.881,-13.658,-11.209,117.6,101.5,94.35,90.2,111.5,96.3,89.1,86.95,86.0,90.2,106.75,131.75,289.85,439.45,494.8,517.3,526.1,504.1,-13.944,-14.123,165.0,147.1,-0.28300000000000125,-16.099999999999994,0.4450000000000003,-7.150000000000006,-0.10799999999999876,-4.1499999999999915,0.0,21.299999999999997,-2.7470000000000017,-15.200000000000003,0.0,-7.200000000000003,-0.023999999999999133,-2.1499999999999915,0.0,-0.9500000000000028,0.09600000000000009,4.200000000000003,0.0,16.549999999999997,0.028999999999999915,25.0,0.0,158.10000000000002,0.15499999999999936,149.59999999999997,0.0,55.35000000000002,-0.2699999999999996,22.499999999999943,0.22300000000000075,8.800000000000068,2.449,-22.0,-12.916166666666664,-13.838857142857142,-13.289333333333333,461.93333333333334,3528.284,3574.942,3594.112,3553.096,-30.019999999999982,3498.264
1.33,-11.192,-11.411,-11.005,-11.107,-11.107,-13.839,-13.839,-13.875,-13.875,-13.778,-13.778,-13.765,-13.765,-13.626,-13.626,-13.838,-13.646,-11.247,118.25,101.85,94.05,90.4,112.05,96.6,89.0,86.85,85.9,89.45,102.3,147.1,261.55,452.0,497.8,517.55,521.7,501.15,-13.948,-14.128,165.3,148.4,-0.21899999999999942,-16.400000000000006,0.4059999999999988,-7.799999999999997,-0.10199999999999854,-3.6499999999999915,0.0,21.64999999999999,-2.732000000000001,-15.450000000000003,0.0,-7.599999999999994,-0.03599999999999959,-2.1500000000000057,0.0,-0.9499999999999886,0.09699999999999953,3.549999999999997,0.0,12.849999999999994,0.0129999999999999,44.8,0.0,114.45000000000002,0.13900000000000112,190.45,0.0,45.80000000000001,-0.21199999999999974,19.749999999999943,0.1919999999999984,4.150000000000091,2.399000000000001,-20.550000000000068,-12.906611111111111,-13.821285714285716,-13.291333333333334,458.625,3498.264,3528.284,3616.175,3540.292200000001,53.891999999999825,3552.156
1.33,-11.174,-11.397,-10.972,-11.094,-11.094,-13.842,-13.842,-13.874,-13.874,-13.801,-13.801,-13.778,-13.778,-13.628,-13.628,-13.812,-13.583,-11.229,118.15,102.3,93.95,90.9,112.85,97.0,88.8,86.55000000000001,85.95,89.19999999999999,99.75,145.5,253.95,443.85,502.9,518.4,522.85,498.5,-13.943,-14.094,165.4,150.2,-0.22300000000000075,-15.850000000000009,0.4250000000000007,-8.349999999999994,-0.12199999999999989,-3.049999999999997,0.0,21.94999999999999,-2.748000000000001,-15.849999999999994,0.0,-8.200000000000003,-0.03200000000000003,-2.249999999999986,0.0,-0.6000000000000085,0.0730000000000004,3.249999999999986,0.0,10.550000000000011,0.022999999999999687,45.75,0.0,108.44999999999999,0.15000000000000036,189.90000000000003,0.0,59.049999999999955,-0.18399999999999928,15.5,0.2289999999999992,4.4500000000000455,2.354000000000001,-24.350000000000023,-12.900055555555554,-13.830285714285717,-13.276333333333334,456.7416666666666,3552.156,3498.264,3547.815,3555.5556000000006,71.97600000000011,3624.132
1.33,-11.08,-11.412,-11.019,-11.087,-11.087,-13.86,-13.86,-13.876,-13.876,-13.772,-13.772,-13.747,-13.747,-13.624,-13.624,-13.78,-13.575,-11.17,118.6,102.55,93.65,90.95,114.2,97.6,88.80000000000001,86.44999999999999,86.2,88.9,98.45,158.0,284.35,421.65,510.5,522.3,523.5,496.0,-13.943,-14.117,165.8,152.6,-0.33200000000000074,-16.049999999999997,0.3930000000000007,-8.899999999999991,-0.06799999999999962,-2.700000000000003,0.0,23.25,-2.7729999999999997,-16.60000000000001,0.0,-8.799999999999983,-0.016000000000000014,-2.3500000000000227,0.0,-0.2499999999999858,0.1039999999999992,2.700000000000003,0.0,9.549999999999997,0.025000000000000355,59.55,0.0,126.35000000000002,0.12299999999999933,137.29999999999995,0.0,88.85000000000002,-0.1559999999999988,11.799999999999955,0.20500000000000007,1.2000000000000455,2.4049999999999994,-27.5,-12.887111111111112,-13.823285714285715,-13.253333333333336,459.7166666666667,3624.132,3552.156,3574.942,3570.6742,26.402999999999793,3650.535
1.33,-10.976,-11.332,-11.019,-11.116,-11.116,-13.872,-13.872,-13.883,-13.883,-13.789,-13.789,-13.739,-13.739,-13.604,-13.604,-13.836,-13.619,-11.215,118.45,102.85,93.9,90.65,115.85,98.2,88.6,86.35,86.2,89.19999999999999,97.8,177.10000000000002,286.65,406.35,513.9,526.5,526.7,496.85,-13.944,-14.113,166.5,155.6,-0.35599999999999987,-15.600000000000009,0.3130000000000006,-8.949999999999989,-0.09699999999999953,-3.25,0.0,25.19999999999999,-2.7560000000000002,-17.64999999999999,0.0,-9.600000000000009,-0.010999999999999233,-2.25,0.0,-0.14999999999999147,0.09399999999999942,2.999999999999986,0.0,8.600000000000009,0.049999999999998934,79.30000000000003,0.0,109.54999999999995,0.13500000000000156,119.70000000000005,0.0,107.54999999999995,-0.2320000000000011,12.600000000000023,0.21700000000000053,0.20000000000004547,2.404,-29.850000000000023,-12.889055555555554,-13.83242857142857,-13.2695,459.49166666666673,3650.535,3624.132,3528.284,3597.5116000000003,11.93600000000015,3662.471
1.33,-10.929,-11.263,-10.994,-11.112,-11.112,-13.835,-13.835,-13.879,-13.879,-13.76,-13.76,-13.75,-13.75,-13.598,-13.598,-13.828,-13.623,-11.261,118.4,102.9,94.25,90.65,117.2,98.25,88.19999999999999,86.35,85.9,88.9,100.25,187.1,289.55,412.95,502.15,522.1,523.55,496.65,-13.93,-14.101,167.6,157.7,-0.33399999999999963,-15.5,0.26900000000000013,-8.650000000000006,-0.11800000000000033,-3.5999999999999943,0.0,26.549999999999997,-2.7230000000000008,-18.950000000000003,0.0,-10.050000000000011,-0.04399999999999871,-1.8499999999999943,0.0,-0.44999999999998863,0.11899999999999977,3.0,0.0,11.349999999999994,0.009999999999999787,86.85,0.0,102.45000000000002,0.15199999999999925,123.39999999999998,0.0,89.19999999999999,-0.22999999999999865,19.950000000000045,0.20500000000000007,1.4499999999999318,2.362,-26.899999999999977,-12.875888888888891,-13.814000000000002,-13.276333333333334,457.82500000000005,3662.471,3650.535,3498.264,3609.0858,-106.33599999999979,3556.135
1.33,-10.94,-11.246,-10.993,-11.098,-11.098,-13.858,-13.858,-13.873,-13.873,-13.704,-13.704,-13.667,-13.667,-13.514,-13.514,-13.83,-13.627,-11.211,118.75,102.95,94.4,90.6,119.6,97.75,88.05000000000001,86.15,85.6,88.6,106.4,205.5,308.6,430.05,496.35,524.65,534.65,495.65,-13.93,-14.106,168.9,159.9,-0.30600000000000094,-15.799999999999997,0.2530000000000001,-8.549999999999997,-0.10500000000000043,-3.8000000000000114,0.0,29.0,-2.76,-21.849999999999994,0.0,-9.699999999999989,-0.014999999999998792,-1.9000000000000057,0.0,-0.5500000000000114,0.1689999999999987,3.0,0.0,17.80000000000001,0.03700000000000081,99.1,0.0,103.10000000000002,0.15300000000000047,121.44999999999999,0.0,66.30000000000001,-0.3160000000000007,28.299999999999955,0.2029999999999994,10.0,2.4160000000000004,-39.0,-12.848611111111117,-13.791,-13.227166666666664,464.99166666666673,3556.135,3662.471,3552.156,3607.4944000000005,-11.93600000000015,3544.199
1.33,-10.962,-11.293,-10.997,-11.034,-11.034,-13.8,-13.8,-13.798,-13.798,-13.689,-13.689,-13.631,-13.631,-13.488,-13.488,-13.829,-13.628,-11.191,118.4,102.85,94.7,90.75,121.6,97.5,88.25,85.9,85.5,87.9,108.9,224.5,309.5,427.95,492.7000000000001,524.0,532.25,496.8,-13.883,-14.038,170.2,161.4,-0.3309999999999995,-15.550000000000011,0.2959999999999994,-8.149999999999991,-0.03700000000000081,-3.950000000000003,0.0,30.849999999999994,-2.766,-24.099999999999994,0.0,-9.25,0.002000000000000668,-2.3499999999999943,0.0,-0.4000000000000057,0.10899999999999999,2.4000000000000057,0.0,21.0,0.05799999999999983,115.6,0.0,85.0,0.14300000000000068,118.44999999999999,0.0,64.75000000000011,-0.3410000000000011,31.299999999999898,0.2010000000000005,8.25,2.4369999999999994,-35.44999999999999,-12.821111111111112,-13.74357142857143,-13.209166666666667,463.86666666666673,3544.199,3556.135,3624.132,3595.4139999999998,19.53099999999995,3563.73
1.33,-10.939,-11.27,-10.98,-11.108,-11.108,-13.779,-13.779,-13.798,-13.798,-13.667,-13.667,-13.619,-13.619,-13.467,-13.467,-13.841,-13.651,-11.221,117.35,102.9,94.9,91.0,120.9,97.6,88.45,85.6,85.55,87.55000000000001,103.55,238.7,314.9,437.45,498.95,526.2,529.6,497.75,-13.883,-14.045,171.2,161.7,-0.3309999999999995,-14.449999999999989,0.28999999999999915,-8.0,-0.1280000000000001,-3.9000000000000057,0.0,29.900000000000006,-2.6709999999999994,-23.30000000000001,0.0,-9.149999999999991,-0.019000000000000128,-2.8500000000000085,0.0,-0.04999999999999716,0.13100000000000023,2.000000000000014,0.0,15.999999999999986,0.04800000000000004,135.14999999999998,0.0,76.19999999999999,0.15199999999999925,122.55000000000001,0.0,61.5,-0.3739999999999988,27.250000000000057,0.1899999999999995,3.3999999999999773,2.4299999999999997,-31.850000000000023,-12.821000000000003,-13.729571428571429,-13.211,467.47499999999997,3563.73,3544.199,3650.535,3569.4448,-43.04100000000017,3520.689
1.33,-10.966,-11.249,-10.978,-11.115,-11.115,-13.748,-13.748,-13.779,-13.779,-13.645,-13.645,-13.604,-13.604,-13.416,-13.416,-13.791,-13.639,-11.266,116.55,103.3,94.7,90.95,120.9,97.55,88.55000000000001,85.6,86.0,88.19999999999999,100.05,221.5,333.25,437.35,501.9,529.0,533.6500000000001,493.4,-13.871,-14.025,172.1,160.9,-0.28300000000000125,-13.25,0.2710000000000008,-8.599999999999994,-0.13700000000000045,-3.75,0.0,29.950000000000003,-2.632999999999999,-23.35000000000001,0.0,-8.999999999999986,-0.031000000000000583,-2.950000000000017,0.0,0.4000000000000057,0.13400000000000034,2.1999999999999886,0.0,11.850000000000009,0.04100000000000037,121.45,0.0,111.75,0.18799999999999883,104.10000000000002,0.0,64.54999999999995,-0.375,27.100000000000023,0.15200000000000102,4.650000000000091,2.3729999999999993,-40.250000000000114,-12.80572222222222,-13.706857142857142,-13.188666666666668,471.425,3520.689,3563.73,3662.471,3532.1184000000003,-44.84999999999991,3475.839
1.33,-10.862,-11.234,-11.001,-11.083,-11.083,-13.744,-13.744,-13.76,-13.76,-13.64,-13.64,-13.601,-13.601,-13.399,-13.399,-13.796,-13.605,-11.199,115.8,103.35,95.05,91.1,121.15,97.65,88.75,85.75,86.1,88.75,97.3,208.05,367.05,434.0,502.7,529.45,536.75,493.7,-13.852,-13.987,173.1,159.3,-0.3719999999999999,-12.450000000000003,0.23300000000000054,-8.299999999999997,-0.08200000000000074,-3.950000000000003,0.0,30.05000000000001,-2.6609999999999996,-23.5,0.0,-8.900000000000006,-0.016000000000000014,-3.0,0.0,0.3499999999999943,0.11999999999999922,2.6500000000000057,0.0,8.549999999999997,0.0389999999999997,110.75000000000001,0.0,159.0,0.20200000000000173,66.94999999999999,0.0,68.69999999999999,-0.39700000000000024,26.750000000000057,0.19099999999999895,7.2999999999999545,2.4060000000000006,-43.05000000000001,-12.786166666666666,-13.69842857142857,-13.1665,477.2749999999999,3475.839,3520.689,3556.135,3507.668,-41.95600000000013,3433.883
1.33,-11.034,-11.257,-10.976,-11.085,-11.085,-13.741,-13.741,-13.751,-13.751,-13.618,-13.618,-13.578,-13.578,-13.378,-13.378,-13.77,-13.581,-11.221,115.2,102.75,95.05,91.3,122.1,97.85,88.9,86.0,86.15,88.75,97.55,204.0,354.25,446.25,504.4500000000001,528.0,532.2,495.1,-13.852,-13.987,173.9,157.3,-0.22299999999999898,-12.450000000000003,0.2809999999999988,-7.700000000000003,-0.10899999999999999,-3.75,0.0,30.799999999999997,-2.655999999999999,-24.25,0.0,-8.949999999999989,-0.009999999999999787,-2.9000000000000057,0.0,0.15000000000000568,0.13299999999999912,2.5999999999999943,0.0,8.799999999999997,0.040000000000000924,106.45,0.0,150.25,0.1999999999999993,92.0,0.0,58.2000000000001,-0.39199999999999946,23.549999999999898,0.18900000000000006,4.2000000000000455,2.3599999999999994,-37.10000000000002,-12.785611111111113,-13.68542857142857,-13.151000000000002,476.7083333333333,3433.883,3475.839,3544.199,3477.8646,-38.70100000000002,3395.182
1.33,-11.145,-11.321,-10.968,-11.086,-11.086,-13.719,-13.719,-13.733,-13.733,-13.666,-13.666,-13.638,-13.638,-13.453,-13.453,-13.773,-13.568,-11.263,115.25,102.1,95.45,91.1,124.4,97.6,88.75,85.95,86.0,88.45,98.75,197.6,318.95,460.4,500.05,532.55,531.9,496.55,-13.831,-13.973,174.1,155.8,-0.17600000000000016,-13.150000000000006,0.35299999999999976,-6.6499999999999915,-0.11800000000000033,-4.3500000000000085,0.0,33.30000000000001,-2.632999999999999,-26.80000000000001,0.0,-8.849999999999994,-0.014000000000001123,-2.799999999999997,0.0,0.04999999999999716,0.06700000000000017,2.450000000000003,0.0,10.299999999999997,0.02800000000000047,98.85,0.0,121.35,0.1850000000000005,141.45,0.0,39.650000000000034,-0.3200000000000003,32.49999999999994,0.20500000000000007,-0.6499999999999773,2.3049999999999997,-35.349999999999966,-12.812666666666667,-13.696285714285713,-13.191333333333333,473.40000000000003,3395.182,3433.883,3563.73,3451.8952,38.70100000000002,3433.883
1.33,-11.157,-11.363,-10.999,-11.135,-11.135,-13.73,-13.73,-13.764,-13.764,-13.658,-13.658,-13.65,-13.65,-13.465,-13.465,-13.773,-13.538,-11.206,115.1,101.6,95.55,91.3,127.25,97.75,88.69999999999999,86.2,85.85,88.05,98.55,192.0,306.7,472.15,499.9500000000001,506.75,532.1,495.4,-13.848,-13.982,174.2,154.3,-0.20599999999999952,-13.5,0.363999999999999,-6.049999999999997,-0.13599999999999923,-4.25,0.0,35.95,-2.5950000000000006,-29.5,0.0,-9.050000000000011,-0.03399999999999892,-2.499999999999986,0.0,-0.3500000000000085,0.10599999999999987,2.200000000000003,0.0,10.5,0.007999999999999119,93.45,0.0,114.69999999999999,0.1850000000000005,165.45,0.0,27.800000000000125,-0.30799999999999983,6.799999999999898,0.23499999999999943,25.350000000000023,2.3320000000000007,-36.700000000000045,-12.824444444444445,-13.707714285714287,-13.182833333333333,468.8416666666667,3433.883,3395.182,3520.689,3439.9593999999997,27.127000000000407,3461.01
1.33,-11.156,-11.388,-10.973,-11.055,-11.055,-13.739,-13.739,-13.742,-13.742,-13.632,-13.632,-13.609,-13.609,-13.424,-13.424,-13.757,-13.557,-11.153,114.7,101.0,95.2,91.3,128.6,98.05,88.65,86.19999999999999,86.0,87.95,98.8,171.1,308.9,450.85,504.6,516.9,497.4,495.8,-13.843,-14.004,174.5,152.5,-0.23199999999999932,-13.700000000000003,0.41499999999999915,-5.799999999999997,-0.08199999999999896,-3.9000000000000057,0.0,37.3,-2.684000000000001,-30.549999999999997,0.0,-9.399999999999991,-0.0030000000000001137,-2.450000000000017,0.0,-0.19999999999998863,0.11000000000000121,1.9500000000000028,0.0,10.849999999999994,0.022999999999999687,72.3,0.0,137.79999999999998,0.1850000000000005,141.95000000000005,0.0,53.75,-0.3330000000000002,12.299999999999955,0.1999999999999993,-19.5,2.404,-1.599999999999966,-12.799222222222223,-13.690714285714288,-13.154000000000002,462.40833333333336,3461.01,3433.883,3475.839,3436.9936000000002,0.0,3461.01
1.33,-11.018,-11.315,-10.948,-11.049,-11.049,-13.714,-13.714,-13.728,-13.728,-13.655,-13.655,-13.623,-13.623,-13.462,-13.462,-13.755,-13.513,-11.228,114.1,100.85,94.65,91.7,128.39999999999998,98.0,88.6,86.05,86.1,87.95,104.65,157.2,300.15,436.65,510.15,518.45,520.25,491.25,-13.819,-13.982,174.0,151.3,-0.2969999999999988,-13.25,0.3669999999999991,-6.199999999999989,-0.10099999999999909,-2.950000000000003,0.0,36.699999999999974,-2.665000000000001,-30.399999999999977,0.0,-9.400000000000006,-0.013999999999999346,-2.549999999999997,0.0,0.04999999999999716,0.0730000000000004,1.8500000000000085,0.0,16.700000000000003,0.03200000000000003,52.54999999999998,0.0,142.95,0.1609999999999996,136.5,0.0,73.5,-0.29300000000000104,8.300000000000068,0.24200000000000088,1.7999999999999545,2.285,-29.0,-12.791055555555552,-13.688142857142859,-13.173833333333333,462.8166666666666,3461.01,3461.01,3433.883,3429.3258,-65.46600000000035,3395.544
1.33,-10.906,-11.27,-10.929,-11.041,-11.041,-13.728,-13.728,-13.757,-13.757,-13.696,-13.696,-13.675,-13.675,-13.517,-13.517,-13.728,-13.496,-11.198,113.85,100.6,94.3,92.05,127.7,98.35,88.65,86.0,86.2,88.1,109.5,151.4,286.6,438.85,512.55,515.9,520.5,470.0,-13.838,-13.992,171.9,150.8,-0.363999999999999,-13.25,0.3409999999999993,-6.299999999999997,-0.1120000000000001,-2.25,0.0,35.650000000000006,-2.6869999999999994,-29.35000000000001,0.0,-9.699999999999989,-0.028999999999999915,-2.6500000000000057,0.0,0.20000000000000284,0.06099999999999994,1.8999999999999915,0.0,21.400000000000006,0.02099999999999902,41.900000000000006,0.0,135.20000000000002,0.15800000000000125,152.25,0.0,73.69999999999993,-0.2110000000000003,3.3500000000000227,0.23199999999999932,4.600000000000023,2.298,-50.5,-12.797500000000003,-13.719571428571427,-13.1885,457.40000000000003,3395.544,3461.01,3395.182,3452.257,114.29400000000032,3509.838
1.33,-10.895,-11.212,-10.965,-11.057,-11.057,-13.754,-13.754,-13.784,-13.784,-13.687,-13.687,-13.671,-13.671,-13.515,-13.515,-13.755,-13.515,-11.109,113.55,100.25,93.75,91.9,125.1,98.95,88.65,85.95,86.19999999999999,87.7,110.75,149.55,255.7,428.95,505.75,524.3499999999999,518.3499999999999,481.55,-13.855,-14.01,169.4,150.5,-0.31700000000000017,-13.299999999999997,0.2469999999999999,-6.5,-0.09200000000000053,-1.8499999999999943,0.0,33.19999999999999,-2.696999999999999,-26.14999999999999,0.0,-10.299999999999997,-0.030000000000001137,-2.700000000000003,0.0,0.2499999999999858,0.09700000000000131,1.5000000000000142,0.0,23.049999999999997,0.016000000000000014,38.80000000000001,0.0,106.14999999999998,0.1559999999999988,173.25,0.0,76.80000000000001,-0.2400000000000002,18.59999999999991,0.2400000000000002,-6.0,2.4060000000000006,-36.7999999999999,-12.799277777777776,-13.73157142857143,-13.18,452.44166666666666,3509.838,3395.544,3433.883,3494.0684,133.10199999999986,3642.94
1.33,-10.906,-11.208,-10.866,-10.934,-10.934,-13.757,-13.757,-13.767,-13.767,-13.703,-13.703,-13.682,-13.682,-13.545,-13.545,-13.809,-13.572,-11.102,112.9,99.85,93.6,91.3,125.6,99.3,88.9,85.85,85.95,87.3,113.4,144.75,251.45,419.85,502.4500000000001,523.0,520.75,481.5,-13.848,-14.022,167.5,150.2,-0.3019999999999996,-13.050000000000011,0.3420000000000005,-6.25,-0.06799999999999962,-2.299999999999997,0.0,34.3,-2.8230000000000004,-26.299999999999997,0.0,-10.399999999999991,-0.009999999999999787,-3.0500000000000114,0.0,0.10000000000000853,0.06400000000000006,1.3499999999999943,0.0,26.10000000000001,0.02099999999999902,31.349999999999994,0.0,106.69999999999999,0.13700000000000045,168.40000000000003,0.0,82.60000000000008,-0.26399999999999935,20.549999999999898,0.2370000000000001,-2.25,2.469999999999999,-39.25,-12.791055555555552,-13.733714285714287,-13.209166666666667,449.8333333333333,3642.94,3509.838,3461.01,3519.1695999999997,-56.42399999999998,3586.516
1.33,-10.892,-11.251,-10.893,-10.992,-10.992,-13.758,-13.758,-13.789,-13.789,-13.71,-13.71,-13.697,-13.697,-13.552,-13.552,-13.818,-13.599,-11.143,112.2,99.5,93.7,90.95,126.0,99.1,89.15,86.0,85.55,86.7,113.8,148.5,259.35,397.6,500.15,525.35,524.1,482.1,-13.861,-14.033,166.1,150.5,-0.359,-12.700000000000003,0.35799999999999876,-5.799999999999997,-0.0990000000000002,-2.75,0.0,35.05,-2.7659999999999982,-26.900000000000006,0.0,-9.949999999999989,-0.031000000000000583,-3.1500000000000057,0.0,-0.45000000000000284,0.07899999999999885,1.1500000000000057,0.0,27.099999999999994,0.013000000000001677,34.7,0.0,110.85000000000002,0.14499999999999957,138.25,0.0,102.54999999999995,-0.266,25.200000000000045,0.21899999999999942,-1.25,2.4559999999999995,-42.0,-12.810666666666668,-13.744428571428573,-13.226833333333333,448.1083333333333,3586.516,3642.94,3461.01,3547.2368,14.829999999999927,3601.346
1.33,-10.888,-11.204,-10.872,-11.0,-11.0,-13.767,-13.767,-13.798,-13.798,-13.732,-13.732,-13.708,-13.708,-13.56,-13.56,-13.797,-13.569,-11.258,112.15,99.25,93.45,90.6,126.3,98.5,89.0,85.95,85.25,86.15,116.8,166.85000000000002,251.8,387.35,494.5,523.4,529.0,484.95,-13.865,-14.015,165.2,151.1,-0.3160000000000007,-12.900000000000006,0.33200000000000074,-5.799999999999997,-0.1280000000000001,-2.8500000000000085,0.0,35.7,-2.7669999999999995,-27.799999999999997,0.0,-9.5,-0.031000000000000583,-3.049999999999997,0.0,-0.7000000000000028,0.06600000000000072,0.9000000000000057,0.0,30.64999999999999,0.023999999999999133,50.050000000000026,0.0,84.94999999999999,0.1479999999999997,135.55,0.0,107.14999999999998,-0.2370000000000001,28.899999999999977,0.22799999999999976,5.600000000000023,2.3110000000000017,-44.05000000000001,-12.817666666666666,-13.757428571428571,-13.241999999999999,445.1666666666667,3601.346,3586.516,3395.544,3589.8438,7.233000000000175,3608.579
1.33,-10.919,-11.231,-10.942,-11.001,-11.001,-13.783,-13.783,-13.81,-13.81,-13.74,-13.74,-13.702,-13.702,-13.568,-13.568,-13.753,-13.557,-11.183,112.35,98.95,93.2,90.35,126.95,97.5,89.25,86.05000000000001,85.0,85.95,114.75,168.75,256.65,400.4,488.75,516.3,524.45,488.05,-13.88,-14.052,164.5,151.6,-0.3119999999999994,-13.399999999999991,0.2889999999999997,-5.75,-0.058999999999999275,-2.8500000000000085,0.0,36.60000000000001,-2.782,-29.450000000000003,0.0,-8.25,-0.027000000000001023,-3.1999999999999886,0.0,-1.0500000000000114,0.07000000000000028,0.9500000000000028,0.0,28.799999999999997,0.038000000000000256,54.0,0.0,87.89999999999998,0.13400000000000034,143.75,0.0,88.35000000000002,-0.1850000000000005,27.549999999999955,0.19599999999999973,8.150000000000091,2.3740000000000006,-36.400000000000034,-12.821833333333332,-13.766857142857143,-13.22183333333333,445.7666666666667,3608.579,3601.346,3509.838,3600.6222000000002,-44.84900000000016,3563.73
1.33,-11.149,-11.383,-10.939,-11.045,-11.045,-13.793,-13.793,-13.812,-13.812,-13.911,-13.911,-13.87,-13.87,-13.739,-13.739,-13.77,-13.554,-11.146,112.0,98.45,92.85,90.3,125.95,97.1,89.44999999999999,86.25,85.05000000000001,86.0,107.2,162.35000000000002,273.20000000000005,398.05,482.25,513.15,517.1,491.85,-13.888,-14.064,164.3,151.7,-0.23399999999999999,-13.549999999999997,0.44399999999999906,-5.6000000000000085,-0.10599999999999987,-2.549999999999997,0.0,35.650000000000006,-2.7479999999999993,-28.85000000000001,0.0,-7.650000000000006,-0.019000000000000128,-3.1999999999999886,0.0,-1.1999999999999886,-0.0990000000000002,0.9499999999999886,0.0,21.200000000000003,0.04100000000000037,55.15000000000002,0.0,110.85000000000002,0.13099999999999845,124.84999999999997,0.0,84.19999999999999,-0.030999999999998806,30.899999999999977,0.2159999999999993,3.9500000000000455,2.4079999999999995,-25.25,-12.9045,-13.843142857142857,-13.302999999999999,445.93333333333334,3563.73,3608.579,3642.94,3580.0782,-23.51000000000022,3540.22
1.33,-11.342,-11.525,-10.919,-11.031,-11.031,-13.972,-13.972,-13.993,-13.993,-13.894,-13.894,-13.882,-13.882,-13.725,-13.725,-13.789,-13.531,-11.18,112.0,98.25,92.8,90.1,125.4,96.9,89.55000000000001,86.1,85.4,86.85,102.1,155.05,299.35,396.8,480.0,512.4,515.75,489.25,-14.048,-14.211,164.4,151.9,-0.18299999999999983,-13.75,0.6059999999999999,-5.450000000000003,-0.1120000000000001,-2.700000000000003,0.0,35.30000000000001,-2.940999999999999,-28.5,0.0,-7.349999999999994,-0.021000000000000796,-3.450000000000017,0.0,-0.6999999999999886,0.0990000000000002,1.4499999999999886,0.0,15.25,0.012000000000000455,52.95000000000002,0.0,144.3,0.15700000000000003,97.44999999999999,0.0,83.19999999999999,-0.06400000000000006,32.39999999999998,0.2579999999999991,3.3500000000000227,2.351000000000001,-26.5,-12.959999999999999,-13.942857142857145,-13.305333333333332,448.925,3540.22,3563.73,3586.516,3554.1812,-83.18899999999985,3457.031
1.33,-11.395,-11.589,-10.913,-11.055,-11.055,-13.961,-13.961,-13.992,-13.992,-13.895,-13.895,-13.882,-13.882,-13.72,-13.72,-13.796,-13.572,-11.183,112.3,98.4,92.6,89.8,122.75,96.65,89.75,86.1,85.3,88.05,101.1,154.2,293.05,408.1,482.8,514.8,517.5999999999999,483.85,-14.059,-14.214,164.8,152.4,-0.19400000000000084,-13.899999999999991,0.6760000000000002,-5.800000000000011,-0.14199999999999946,-2.799999999999997,0.0,32.95,-2.9060000000000006,-26.099999999999994,0.0,-6.900000000000006,-0.031000000000000583,-3.6500000000000057,0.0,-0.7999999999999972,0.09700000000000131,2.75,0.0,13.049999999999997,0.0129999999999999,53.099999999999994,0.0,138.85000000000002,0.16199999999999903,115.05000000000001,0.0,74.69999999999999,-0.07599999999999874,31.999999999999943,0.2240000000000002,2.7999999999999545,2.3889999999999993,-33.749999999999886,-12.969888888888889,-13.939714285714286,-13.312166666666664,450.0333333333333,3457.031,3540.22,3601.346,3519.1694,-30.744000000000142,3426.287
1.33,-11.416,-11.596,-10.967,-11.056,-11.056,-13.958,-13.958,-13.979,-13.979,-13.906,-13.906,-13.867,-13.867,-13.724,-13.724,-13.817,-13.628,-11.149,112.55,98.05,92.2,89.65,119.65,96.3,89.65,86.25,85.19999999999999,88.4,101.35,155.85000000000002,288.05,427.55,482.5,514.55,526.1,482.9,-14.055,-14.228,165.1,152.7,-0.17999999999999972,-14.5,0.6289999999999996,-5.849999999999994,-0.08899999999999864,-2.549999999999997,0.0,30.0,-2.902000000000001,-23.35000000000001,0.0,-6.6499999999999915,-0.02099999999999902,-3.4000000000000057,0.0,-1.0500000000000114,0.07299999999999862,3.200000000000017,0.0,12.949999999999989,0.0389999999999997,54.50000000000003,0.0,132.2,0.14300000000000068,139.5,0.0,54.94999999999999,-0.09299999999999997,32.049999999999955,0.18900000000000006,11.550000000000068,2.479000000000001,-43.200000000000045,-12.975166666666663,-13.936142857142858,-13.318166666666665,453.60833333333335,3426.287,3457.031,3608.579,3488.8597999999997,30.744000000000142,3457.031
1.33,-11.393,-11.615,-10.913,-11.041,-11.041,-13.966,-13.966,-13.993,-13.993,-13.893,-13.893,-13.868,-13.868,-13.722,-13.722,-13.823,-13.617,-11.194,113.55,97.9,91.8,89.6,119.45,96.2,89.15,86.45,85.05,88.35,101.35,161.14999999999998,292.55,428.95,481.4,516.1,524.7,482.55,-14.059,-14.235,165.1,152.4,-0.22199999999999953,-15.649999999999991,0.702,-6.1000000000000085,-0.1280000000000001,-2.200000000000003,0.0,29.85000000000001,-2.924999999999999,-23.25,0.0,-7.049999999999997,-0.027000000000001023,-2.700000000000003,0.0,-1.4000000000000057,0.09999999999999964,3.299999999999997,0.0,13.0,0.025000000000000355,59.79999999999998,0.0,131.40000000000003,0.1460000000000008,136.39999999999998,0.0,52.44999999999999,-0.10100000000000087,34.700000000000045,0.20599999999999952,8.600000000000023,2.423,-42.150000000000034,-12.973388888888888,-13.938857142857144,-13.324333333333334,454.375,3457.031,3426.287,3563.73,3458.3331999999996,-45.93399999999974,3411.097
1.33,-11.383,-11.587,-10.954,-11.107,-11.107,-13.961,-13.961,-13.987,-13.987,-13.894,-13.894,-13.875,-13.875,-13.72,-13.72,-13.789,-13.554,-11.2,114.5,98.15,91.85,89.44999999999999,118.65,96.15,88.75,86.55,85.2,88.35,103.05,158.25,288.0,426.25,487.15,515.4,525.3,485.95,-14.055,-14.219,165.1,151.9,-0.20400000000000063,-16.349999999999994,0.6329999999999991,-6.300000000000011,-0.1529999999999987,-2.4000000000000057,0.0,29.200000000000017,-2.854000000000001,-22.5,0.0,-7.400000000000006,-0.0259999999999998,-2.200000000000003,0.0,-1.3499999999999943,0.09299999999999997,3.1499999999999915,0.0,14.700000000000003,0.019000000000000128,55.2,0.0,129.75,0.15499999999999936,138.25,0.0,60.89999999999998,-0.06899999999999906,28.25,0.23499999999999943,9.899999999999977,2.354000000000001,-39.349999999999966,-12.975277777777777,-13.937000000000001,-13.309666666666667,454.675,3411.097,3457.031,3540.22,3442.4188000000004,49.55099999999993,3460.648
1.33,-11.245,-11.525,-11.023,-11.115,-11.115,-13.966,-13.966,-13.985,-13.985,-13.888,-13.888,-13.867,-13.867,-13.705,-13.705,-13.706,-13.509,-11.173,114.85,98.35,91.8,89.2,120.0,95.95,88.44999999999999,86.45,85.05,89.5,104.8,146.89999999999998,294.04999999999995,430.55,493.4500000000001,520.3,526.8499999999999,487.9,-14.052,-14.218,165.1,151.1,-0.28000000000000114,-16.5,0.5020000000000007,-6.549999999999997,-0.09200000000000053,-2.5999999999999943,0.0,30.799999999999997,-2.850999999999999,-24.049999999999997,0.0,-7.500000000000014,-0.019000000000000128,-1.9999999999999858,0.0,-1.4000000000000057,0.09699999999999953,4.450000000000003,0.0,15.299999999999997,0.02099999999999902,42.09999999999998,0.0,147.14999999999998,0.1620000000000008,136.50000000000006,0.0,62.90000000000009,-0.0009999999999994458,26.849999999999852,0.19699999999999918,6.5499999999999545,2.3360000000000003,-38.94999999999993,-12.95738888888889,-13.935000000000002,-13.277500000000002,458.84999999999997,3460.648,3411.097,3457.031,3449.8696000000004,33.636999999999716,3494.285
1.33,-11.108,-11.418,-10.991,-11.07,-11.07,-13.955,-13.955,-13.978,-13.978,-13.886,-13.886,-13.864,-13.864,-13.71,-13.71,-13.679,-13.466,-11.145,114.45,98.85,91.6,88.9,122.05,95.9,88.25,86.1,84.69999999999999,89.15,102.65,135.39999999999998,295.15,430.75,493.15,520.0,529.95,487.3,-14.04,-14.204,165.0,150.2,-0.3099999999999987,-15.600000000000009,0.4269999999999996,-7.25,-0.07900000000000063,-2.6999999999999886,0.0,33.14999999999999,-2.885,-26.14999999999999,0.0,-7.650000000000006,-0.022999999999999687,-2.1500000000000057,0.0,-1.4000000000000057,0.09200000000000053,4.450000000000017,0.0,13.5,0.021999999999998465,32.74999999999997,0.0,159.75,0.15399999999999991,135.60000000000002,0.0,62.39999999999998,0.031000000000000583,26.850000000000023,0.21300000000000097,9.950000000000045,2.3209999999999997,-42.650000000000034,-12.929611111111113,-13.928857142857142,-13.262333333333332,459.3833333333334,3494.285,3460.648,3426.287,3456.8142,-33.274999999999636,3461.01
1.33,-10.986,-11.325,-11.015,-11.117,-11.117,-13.931,-13.931,-13.968,-13.968,-13.871,-13.871,-13.848,-13.848,-13.701,-13.701,-13.653,-13.445,-11.104,113.65,99.95,91.7,88.7,122.15,95.8,88.15,85.75,84.65,88.6,100.1,136.25,276.70000000000005,427.8,493.6,519.45,520.6500000000001,485.85,-14.045,-14.21,164.5,149.9,-0.33899999999999864,-13.700000000000003,0.3099999999999987,-8.25,-0.10200000000000031,-3.0,0.0,33.45,-2.8139999999999983,-26.35000000000001,0.0,-7.6499999999999915,-0.03700000000000081,-2.4000000000000057,0.0,-1.0999999999999943,0.09699999999999953,3.9499999999999886,0.0,11.5,0.022999999999999687,36.150000000000006,0.0,140.45000000000005,0.14700000000000024,151.09999999999997,0.0,65.80000000000001,0.04800000000000004,25.850000000000023,0.20800000000000018,1.2000000000000455,2.341000000000001,-34.80000000000007,-12.91111111111111,-13.912571428571427,-13.241999999999999,454.00833333333327,3461.01,3494.285,3457.031,3461.2267999999995,18.083999999999833,3479.094
1.33,-10.97,-11.294,-11.053,-11.157,-11.157,-13.935,-13.935,-13.977,-13.977,-13.876,-13.876,-13.849,-13.849,-13.701,-13.701,-13.652,-13.382,-11.101,112.95,100.9,91.75,88.75,120.4,95.6,88.1,85.55000000000001,84.65,88.69999999999999,97.2,139.1,242.4,427.25,495.9,519.0,523.1,487.25,-14.037,-14.19,163.9,149.9,-0.32399999999999984,-12.049999999999997,0.24099999999999966,-9.150000000000006,-0.1039999999999992,-3.0,0.0,31.650000000000006,-2.7780000000000005,-24.80000000000001,0.0,-7.5,-0.041999999999999815,-2.549999999999983,0.0,-0.9000000000000057,0.10100000000000087,4.049999999999983,0.0,8.500000000000014,0.026999999999999247,41.89999999999999,0.0,103.30000000000001,0.1479999999999997,184.85,0.0,68.64999999999998,0.049000000000001265,23.100000000000023,0.2699999999999996,4.100000000000023,2.280999999999999,-35.85000000000002,-12.913444444444444,-13.917857142857144,-13.231000000000002,449.15000000000003,3479.094,3461.01,3411.097,3492.4768000000004,88.25300000000016,3567.347
1.33,-11.023,-11.317,-11.053,-11.108,-11.108,-13.947,-13.947,-13.965,-13.965,-13.887,-13.887,-13.86,-13.86,-13.72,-13.72,-13.654,-13.43,-11.028,113.15,101.05,91.9,88.45,121.45,95.25,88.1,85.4,84.65,89.3,94.65,148.14999999999998,233.05,423.85,494.55,520.95,526.95,481.55,-14.034,-14.196,163.0,149.6,-0.2940000000000005,-12.100000000000009,0.26399999999999935,-9.149999999999991,-0.054999999999999716,-3.450000000000003,0.0,33.0,-2.8389999999999986,-26.200000000000003,0.0,-7.150000000000006,-0.018000000000000682,-2.6999999999999886,0.0,-0.75,0.0779999999999994,4.6499999999999915,0.0,5.3500000000000085,0.027000000000001023,53.49999999999997,0.0,84.90000000000003,0.1399999999999988,190.8,0.0,70.69999999999999,0.06600000000000072,26.400000000000034,0.2240000000000002,6.0,2.4019999999999992,-45.400000000000034,-12.915500000000002,-13.922571428571429,-13.235333333333331,446.8166666666668,3567.347,3479.094,3460.648,3512.9483999999998,-4.341000000000349,3563.006
1.33,-11.081,-11.335,-11.016,-11.108,-11.108,-13.951,-13.951,-13.978,-13.978,-13.899,-13.899,-13.871,-13.871,-13.737,-13.737,-13.662,-13.437,-11.053,113.0,100.45,92.65,88.45,121.55,95.1,87.85,85.4,84.4,89.05000000000001,92.3,153.95,234.65,394.65,492.05,521.85,524.4,483.95,-14.049,-14.202,162.4,149.4,-0.25400000000000134,-12.549999999999997,0.31900000000000084,-7.799999999999997,-0.09200000000000053,-4.200000000000003,0.0,33.099999999999994,-2.843,-26.450000000000003,0.0,-7.25,-0.026999999999999247,-2.4499999999999886,0.0,-1.0,0.07900000000000063,4.650000000000006,0.0,3.249999999999986,0.027999999999998693,61.64999999999999,0.0,80.70000000000002,0.13400000000000034,159.99999999999997,0.0,97.40000000000003,0.07499999999999929,29.80000000000001,0.22500000000000142,2.5499999999999545,2.3839999999999986,-40.44999999999999,-12.926222222222224,-13.932428571428572,-13.2495,441.92499999999995,3563.006,3567.347,3494.285,3519.8206,-34.35999999999967,3528.646
1.33,-11.157,-11.394,-11.058,-11.174,-11.174,-13.947,-13.947,-13.991,-13.991,-13.899,-13.899,-13.891,-13.891,-13.76,-13.76,-13.68,-13.496,-11.101,112.4,99.9,92.95,88.85,119.15,95.0,87.9,85.4,84.5,88.4,92.8,153.55,254.05,373.6,491.15,517.8499999999999,525.3,485.55,-14.061,-14.232,162.0,149.4,-0.2370000000000001,-12.5,0.3360000000000003,-6.950000000000003,-0.11599999999999966,-4.1000000000000085,0.0,30.30000000000001,-2.7729999999999997,-24.150000000000006,0.0,-7.099999999999994,-0.04400000000000048,-2.5,0.0,-0.9000000000000057,0.09200000000000053,3.9000000000000057,0.0,4.3999999999999915,0.007999999999999119,60.750000000000014,0.0,100.5,0.13100000000000023,119.55000000000001,0.0,117.54999999999995,0.08000000000000007,26.699999999999932,0.18399999999999928,7.4500000000000455,2.3949999999999996,-39.74999999999994,-12.95611111111111,-13.937857142857142,-13.281333333333334,441.25,3528.646,3563.006,3461.01,3532.6244000000006,-3.617000000000189,3525.029
1.33,-11.187,-11.444,-11.019,-11.127,-11.127,-13.978,-13.978,-14.006,-14.006,-13.922,-13.922,-13.914,-13.914,-13.754,-13.754,-13.647,-13.43,-11.109,111.45,99.5,93.3,88.85,119.1,94.9,87.80000000000001,85.25,84.3,88.0,96.65,169.3,272.05,377.4,485.7,513.3499999999999,518.05,485.1,-14.073,-14.242,162.0,149.8,-0.25700000000000145,-11.950000000000003,0.4250000000000007,-6.200000000000003,-0.10800000000000054,-4.450000000000003,0.0,30.25,-2.850999999999999,-24.19999999999999,0.0,-7.099999999999994,-0.02800000000000047,-2.5500000000000114,0.0,-0.9500000000000028,0.08399999999999963,3.700000000000003,0.0,8.650000000000006,0.008000000000000895,72.65,0.0,102.75,0.16000000000000014,105.34999999999997,0.0,108.30000000000001,0.10699999999999932,27.64999999999992,0.21700000000000053,4.7000000000000455,2.3209999999999997,-32.94999999999993,-12.957666666666665,-13.960857142857142,-13.267999999999999,441.94166666666666,3525.029,3528.646,3479.094,3550.1302000000005,41.59400000000005,3566.623
1.33,-11.198,-11.468,-11.028,-11.099,-11.099,-13.996,-13.996,-14.006,-14.006,-13.946,-13.946,-13.915,-13.915,-13.759,-13.759,-13.628,-13.419,-11.109,111.15,99.15,93.35,89.4,121.7,95.25,87.55,85.1,84.2,87.5,95.1,170.05,281.8,388.95,472.45,511.05,514.65,483.5,-14.082,-14.251,162.1,149.8,-0.2699999999999996,-12.0,0.4399999999999995,-5.800000000000011,-0.07099999999999973,-3.9499999999999886,0.0,32.3,-2.8970000000000002,-26.450000000000003,0.0,-7.700000000000003,-0.009999999999999787,-2.450000000000003,0.0,-0.8999999999999915,0.0600000000000005,3.299999999999997,0.0,7.599999999999994,0.031000000000000583,74.95000000000002,0.0,111.75,0.1559999999999988,107.14999999999998,0.0,83.5,0.13100000000000023,38.60000000000002,0.20899999999999963,3.599999999999966,2.3100000000000005,-31.149999999999977,-12.960666666666668,-13.973,-13.264833333333334,442.06666666666666,3566.623,3525.029,3567.347,3537.8326,-60.764000000000124,3505.859
1.33,-11.112,-11.449,-10.994,-11.14,-11.14,-13.995,-13.995,-14.037,-14.037,-13.916,-13.916,-13.888,-13.888,-13.747,-13.747,-13.589,-13.41,-11.135,111.5,98.4,92.85,89.80000000000001,124.25,95.7,87.19999999999999,85.1,84.4,87.05,95.6,161.6,300.85,406.2000000000001,466.1,500.3,509.7,479.6,-14.091,-14.248,162.4,149.2,-0.33699999999999974,-13.099999999999994,0.45500000000000007,-5.550000000000011,-0.1460000000000008,-3.049999999999983,0.0,34.44999999999999,-2.8549999999999986,-28.549999999999997,0.0,-8.500000000000014,-0.04200000000000159,-2.0999999999999943,0.0,-0.6999999999999886,0.12100000000000044,2.6499999999999915,0.0,8.549999999999997,0.02800000000000047,66.0,0.0,139.25000000000003,0.14100000000000001,105.35000000000008,0.0,59.89999999999992,0.15799999999999947,34.19999999999999,0.17900000000000027,9.399999999999977,2.2750000000000004,-30.099999999999966,-12.951944444444445,-13.969142857142858,-13.252666666666668,443.7916666666667,3505.859,3566.623,3563.006,3510.4888,-79.57200000000012,3426.287
1.33,-11.037,-11.375,-11.008,-11.155,-11.155,-13.987,-13.987,-14.024,-14.024,-13.905,-13.905,-13.893,-13.893,-13.735,-13.735,-13.537,-13.335,-11.154,111.9,98.15,92.6,90.0,125.25,96.0,87.0,85.05000000000001,84.6,86.95,98.6,157.2,312.79999999999995,416.15,465.3,499.2,501.25,476.8,-14.078,-14.232,163.2,148.1,-0.3379999999999992,-13.75,0.3670000000000009,-5.550000000000011,-0.14700000000000024,-2.5999999999999943,0.0,35.25,-2.8320000000000007,-29.25,0.0,-9.0,-0.036999999999999034,-1.9499999999999886,0.0,-0.45000000000001705,0.11899999999999977,2.3500000000000085,0.0,11.649999999999991,0.011999999999998678,58.599999999999994,0.0,155.59999999999997,0.15800000000000125,103.35000000000002,0.0,49.150000000000034,0.19799999999999862,33.89999999999998,0.20199999999999996,2.0500000000000114,2.181000000000001,-24.44999999999999,-12.935777777777778,-13.960714285714285,-13.231499999999999,445.25,3426.287,3505.859,3528.646,3483.1449999999995,-34.35999999999967,3391.927
1.33,-11.019,-11.324,-11.019,-11.127,-11.127,-13.981,-13.981,-13.996,-13.996,-13.91,-13.91,-13.894,-13.894,-13.723,-13.723,-13.506,-13.25,-11.053,112.65,98.1,92.45,89.9,126.1,96.5,86.85,84.75,84.94999999999999,87.4,97.4,146.55,305.04999999999995,424.65,469.55,499.65,504.5,473.55,-14.071,-14.233,163.7,146.6,-0.3049999999999997,-14.550000000000011,0.3049999999999997,-5.6499999999999915,-0.10800000000000054,-2.549999999999997,0.0,36.19999999999999,-2.853999999999999,-29.599999999999994,0.0,-9.650000000000006,-0.015000000000000568,-2.0999999999999943,0.0,0.19999999999998863,0.0860000000000003,2.450000000000017,0.0,10.0,0.016000000000000014,49.150000000000006,0.0,158.49999999999994,0.17099999999999937,119.60000000000002,0.0,44.900000000000034,0.21700000000000053,30.099999999999966,0.2560000000000002,4.850000000000023,2.196999999999999,-30.94999999999999,-12.912944444444445,-13.95257142857143,-13.1915,446.15833333333336,3391.927,3426.287,3525.029,3459.3458,14.105999999999767,3406.033
1.33,-11.126,-11.357,-11.032,-11.134,-11.134,-13.985,-13.985,-13.998,-13.998,-13.922,-13.922,-13.898,-13.898,-13.743,-13.743,-13.71,-13.411,-11.024,112.65,98.35,91.95,89.45,126.85,96.4,86.8,84.45,86.05,88.6,97.85,138.0,284.3,435.65,476.15,503.4,506.65,467.8,-14.067,-14.251,163.9,145.0,-0.23099999999999987,-14.300000000000011,0.3249999999999993,-6.3999999999999915,-0.10200000000000031,-2.5,0.0,37.39999999999999,-2.850999999999999,-30.44999999999999,0.0,-9.600000000000009,-0.0129999999999999,-2.3499999999999943,0.0,1.5999999999999943,0.07599999999999874,2.549999999999997,0.0,9.25,0.02400000000000091,40.150000000000006,0.0,146.3,0.15499999999999936,151.34999999999997,0.0,40.5,0.032999999999999474,27.25,0.29900000000000126,3.25,2.3870000000000005,-38.849999999999966,-12.945555555555556,-13.958285714285712,-13.254833333333332,445.65833333333336,3406.033,3391.927,3566.623,3416.8834,-51.72199999999975,3354.311
1.33,-11.212,-11.444,-11.059,-11.19,-11.19,-13.979,-13.979,-14.006,-14.006,-13.925,-13.925,-13.909,-13.909,-13.753,-13.753,-13.776,-13.507,-11.039,112.0,98.4,91.7,89.2,126.8,96.1,86.75,84.35,86.8,91.15,99.85,133.75,266.35,434.1,480.95,509.7,511.3,468.4,-14.071,-14.239,163.6,143.9,-0.2320000000000011,-13.599999999999994,0.38500000000000156,-6.700000000000003,-0.13100000000000023,-2.5,0.0,37.599999999999994,-2.7889999999999997,-30.700000000000003,0.0,-9.349999999999994,-0.027000000000001023,-2.4000000000000057,0.0,2.450000000000003,0.08099999999999952,4.3500000000000085,0.0,8.699999999999989,0.016000000000000014,33.900000000000006,0.0,132.60000000000002,0.15600000000000058,167.75,0.0,46.849999999999966,-0.022999999999999687,28.75,0.26900000000000013,1.6000000000000227,2.468,-42.900000000000034,-12.97561111111111,-13.961285714285713,-13.289500000000002,445.1333333333334,3354.311,3406.033,3505.859,3395.6161999999995,45.21199999999999,3399.523
1.33,-11.227,-11.483,-11.119,-11.235,-11.235,-13.977,-13.977,-14.018,-14.018,-13.922,-13.922,-13.914,-13.914,-13.753,-13.753,-13.901,-13.658,-11.153,111.45,98.4,91.55,89.15,127.9,95.8,86.9,84.4,86.3,91.55,101.45,132.2,238.7,424.0,487.55,512.75,515.1,468.85,-14.079,-14.243,163.1,143.7,-0.2560000000000002,-13.049999999999997,0.36400000000000077,-6.8500000000000085,-0.11599999999999966,-2.3999999999999915,0.0,38.75,-2.742000000000001,-32.10000000000001,0.0,-8.899999999999991,-0.04100000000000037,-2.5,0.0,1.8999999999999915,0.09600000000000009,5.25,0.0,9.900000000000006,0.008000000000000895,30.749999999999986,0.0,106.5,0.1609999999999996,185.3,0.0,63.55000000000001,-0.1479999999999997,25.19999999999999,0.24300000000000033,2.3500000000000227,2.504999999999999,-46.25,-13.009944444444443,-13.964,-13.355333333333334,441.1583333333333,3399.523,3354.311,3426.287,3391.2760000000003,5.062999999999647,3404.586
1.33,-11.237,-11.488,-11.086,-11.187,-11.187,-13.999,-13.999,-14.006,-14.006,-13.94,-13.94,-13.911,-13.911,-13.772,-13.772,-13.864,-13.665,-11.117,111.55,98.2,91.95,88.94999999999999,127.35,95.5,87.1,84.15,86.25,91.4,98.35,136.5,226.55,404.5,492.35,516.1,518.7,473.05,-14.083,-14.245,162.5,144.6,-0.25099999999999945,-13.349999999999994,0.40199999999999925,-6.25,-0.10099999999999909,-3.000000000000014,0.0,38.400000000000006,-2.812000000000001,-31.849999999999994,0.0,-8.400000000000006,-0.006999999999999673,-2.9499999999999886,0.0,2.0999999999999943,0.06600000000000072,5.150000000000006,0.0,6.949999999999989,0.028999999999999915,38.150000000000006,0.0,90.05000000000001,0.13899999999999935,177.95,0.0,87.85000000000002,-0.09200000000000053,23.75,0.19900000000000162,2.6000000000000227,2.5479999999999983,-45.650000000000034,-13.00483333333333,-13.971571428571428,-13.350166666666668,438.5416666666667,3404.586,3399.523,3391.927,3402.0544,41.233000000000175,3445.819
1.33,-11.254,-11.529,-11.038,-11.153,-11.153,-13.998,-13.998,-14.013,-14.013,-13.949,-13.949,-13.92,-13.92,-13.787,-13.787,-13.867,-13.625,-11.173,111.6,97.7,91.95,88.5,126.15,95.6,87.3,84.2,86.15,92.25,94.6,144.8,222.6,374.4,491.0,517.85,523.1500000000001,474.1,-14.086,-14.27,161.9,145.8,-0.27500000000000036,-13.899999999999991,0.49099999999999966,-5.75,-0.11500000000000021,-3.450000000000003,0.0,37.650000000000006,-2.844999999999999,-30.55000000000001,0.0,-8.299999999999997,-0.015000000000000568,-3.0999999999999943,0.0,1.9500000000000028,0.06400000000000006,6.099999999999994,0.0,2.3499999999999943,0.028999999999999915,50.20000000000002,0.0,77.79999999999998,0.13299999999999912,151.79999999999998,0.0,116.60000000000002,-0.08000000000000007,26.850000000000023,0.24200000000000088,5.300000000000068,2.452,-49.05000000000007,-13.007,-13.977142857142857,-13.359833333333334,433.84999999999997,3445.819,3404.586,3406.033,3416.739,33.63700000000017,3479.456
1.33,-11.239,-11.573,-11.06,-11.18,-11.18,-13.997,-13.997,-14.035,-14.035,-13.937,-13.937,-13.92,-13.92,-13.806,-13.806,-13.87,-13.576,-11.161,111.1,97.55,92.0,88.4,125.6,95.45,87.6,84.30000000000001,86.30000000000001,93.9,93.0,158.75,232.1,354.70000000000005,484.9500000000001,513.85,519.2,475.8,-14.087,-14.258,161.3,147.1,-0.33399999999999963,-13.549999999999997,0.5129999999999999,-5.549999999999997,-0.11999999999999922,-3.5999999999999943,0.0,37.19999999999999,-2.817,-30.14999999999999,0.0,-7.8500000000000085,-0.038000000000000256,-3.299999999999983,0.0,2.0,0.09800000000000075,7.599999999999994,0.0,-0.9000000000000057,0.01699999999999946,65.75,0.0,73.35,0.11400000000000077,122.60000000000005,0.0,130.25000000000006,-0.06400000000000006,28.89999999999992,0.2939999999999987,5.350000000000023,2.415000000000001,-43.400000000000034,-13.012722222222221,-13.979714285714284,-13.356499999999999,430.1000000000001,3479.456,3445.819,3354.311,3451.6059999999998,49.190000000000055,3528.646
1.33,-11.224,-11.513,-11.086,-11.211,-11.211,-14.007,-14.007,-14.035,-14.035,-13.944,-13.944,-13.934,-13.934,-13.802,-13.802,-13.83,-13.607,-11.12,111.15,97.75,92.1,88.6,124.6,95.35,87.7,84.35,86.6,97.65,93.25,163.10000000000002,241.5,347.15,476.8,508.4,513.25,479.0,-14.096,-14.266,161.0,148.5,-0.2889999999999997,-13.400000000000006,0.4269999999999996,-5.650000000000006,-0.125,-3.5,0.0,36.0,-2.7959999999999994,-29.25,0.0,-7.6499999999999915,-0.02800000000000047,-3.3500000000000085,0.0,2.25,0.0909999999999993,11.050000000000011,0.0,-4.400000000000006,0.010000000000001563,69.85000000000002,0.0,78.39999999999998,0.13199999999999967,105.64999999999998,0.0,129.65000000000003,-0.02800000000000047,31.599999999999966,0.22300000000000075,4.850000000000023,2.487,-34.25,-13.013666666666666,-13.986571428571429,-13.349166666666667,427.68333333333334,3528.646,3479.456,3399.523,3486.8345999999997,47.01999999999998,3575.666
1.33,-11.259,-11.473,-11.079,-11.155,-11.155,-14.025,-14.025,-14.029,-14.029,-14.056,-14.056,-14.196,-14.196,-14.087,-14.087,-13.798,-13.583,-11.11,111.65,97.75,91.65,88.6,123.45,95.05,87.8,84.65,86.15,96.6,94.25,169.10000000000002,264.15,350.75,461.7,499.25,510.1,477.25,-14.1,-14.3,161.0,149.9,-0.2140000000000004,-13.900000000000006,0.39400000000000013,-6.099999999999994,-0.07599999999999874,-3.0500000000000114,0.0,34.85000000000001,-2.870000000000001,-28.400000000000006,0.0,-7.25,-0.0039999999999995595,-3.1499999999999915,0.0,1.5,-0.026999999999999247,10.449999999999989,0.0,-2.3499999999999943,-0.14000000000000057,74.85000000000002,0.0,95.04999999999995,0.10899999999999999,86.60000000000002,0.0,110.94999999999999,0.2889999999999997,37.55000000000001,0.21499999999999986,10.850000000000023,2.4730000000000008,-32.85000000000002,-13.077666666666666,-14.05942857142857,-13.476833333333333,427.2,3575.666,3528.646,3404.586,3516.3486000000003,-23.51000000000022,3552.156
1.33,-11.432,-11.704,-11.047,-11.133,-11.133,-14.013,-14.013,-14.063,-14.063,-14.243,-14.243,-14.215,-14.215,-14.063,-14.063,-13.809,-13.55,-11.117,111.8,97.6,91.35,88.4,122.75,95.35,87.65,84.8,85.6,94.1,97.15,171.85000000000002,278.35,361.85,453.8,488.15,498.1,473.5,-14.338,-14.572,161.1,150.6,-0.27200000000000024,-14.200000000000003,0.657,-6.25,-0.08599999999999852,-2.9499999999999886,0.0,34.349999999999994,-2.880000000000001,-27.400000000000006,0.0,-7.699999999999989,-0.05000000000000071,-2.8500000000000085,0.0,0.7999999999999972,-0.17999999999999972,8.5,0.0,3.0500000000000114,0.02800000000000047,74.70000000000002,0.0,106.5,0.15199999999999925,83.5,0.0,91.94999999999999,0.25400000000000134,34.349999999999966,0.25899999999999856,9.950000000000045,2.433,-24.600000000000023,-13.117722222222222,-14.121857142857142,-13.469500000000002,425.625,3552.156,3575.666,3445.819,3523.076,-72.69999999999982,3479.456
1.33,-11.52,-11.744,-11.065,-11.193,-11.193,-14.294,-14.294,-14.33,-14.33,-14.23,-14.23,-14.214,-14.214,-14.057,-14.057,-13.804,-13.534,-11.142,111.0,97.5,91.35,88.75,124.4,95.5,87.5,85.0,85.19999999999999,92.05,111.65,172.8,293.95,377.15,448.35,486.3,488.8,469.7,-14.385,-14.567,161.6,151.0,-0.2240000000000002,-13.5,0.6790000000000003,-6.150000000000006,-0.1280000000000001,-2.5999999999999943,0.0,35.650000000000006,-3.101000000000001,-28.900000000000006,0.0,-8.0,-0.03599999999999959,-2.5,0.0,0.19999999999998863,0.09999999999999964,6.8500000000000085,0.0,19.60000000000001,0.016000000000000014,61.150000000000006,0.0,121.14999999999998,0.15700000000000003,83.19999999999999,0.0,71.20000000000005,0.2530000000000001,37.94999999999999,0.2699999999999996,2.5,2.3920000000000012,-19.100000000000023,-13.191388888888886,-14.274571428571429,-13.468000000000002,427.37499999999994,3479.456,3552.156,3479.456,3514.3232,-43.764000000000124,3435.692
1.33,-11.369,-11.665,-11.119,-11.206,-11.206,-14.294,-14.294,-14.32,-14.32,-14.221,-14.221,-14.176,-14.176,-14.024,-14.024,-13.766,-13.576,-11.102,110.75,97.65,91.4,88.6,125.4,95.75,87.5,85.0,84.95,90.6,120.65,167.05,302.9,393.25,451.4500000000001,484.95,489.8,459.35,-14.38,-14.549,162.3,150.9,-0.2959999999999994,-13.099999999999994,0.5459999999999994,-6.25,-0.08699999999999974,-2.8000000000000114,0.0,36.80000000000001,-3.088000000000001,-29.650000000000006,0.0,-8.25,-0.0259999999999998,-2.5,0.0,-0.04999999999999716,0.0990000000000002,5.6499999999999915,0.0,30.05000000000001,0.04499999999999993,46.400000000000006,0.0,135.84999999999997,0.15200000000000102,90.35000000000002,0.0,58.2000000000001,0.2579999999999991,33.499999999999886,0.1899999999999995,4.850000000000023,2.474,-30.44999999999999,-13.171055555555553,-14.263714285714286,-13.444666666666668,430.28333333333336,3435.692,3479.456,3528.646,3493.0558000000005,-13.38299999999981,3422.309
1.33,-11.205,-11.543,-11.12,-11.142,-11.142,-14.288,-14.288,-14.308,-14.308,-14.21,-14.21,-14.175,-14.175,-14.038,-14.038,-13.753,-13.519,-11.133,110.95,97.55,91.3,88.15,126.4,96.0,87.35,85.15,84.6,89.80000000000001,129.75,163.55,306.1,406.85,454.9,488.35,491.35,454.15,-14.367,-14.574,163.1,150.6,-0.3379999999999992,-13.400000000000006,0.42300000000000004,-6.25,-0.02200000000000024,-3.1499999999999915,0.0,38.25,-3.146000000000001,-30.400000000000006,0.0,-8.650000000000006,-0.019999999999999574,-2.1999999999999886,0.0,-0.5500000000000114,0.09799999999999898,5.200000000000017,0.0,39.94999999999999,0.03500000000000014,33.80000000000001,0.0,142.55,0.13700000000000045,100.75,0.0,48.049999999999955,0.28500000000000014,33.450000000000045,0.23399999999999999,3.0,2.386000000000001,-37.200000000000045,-13.14416666666667,-14.255285714285714,-13.442666666666668,433.6166666666666,3422.309,3435.692,3575.666,3456.308,-30.382000000000062,3391.927
1.33,-11.16,-11.509,-11.119,-11.233,-11.233,-14.275,-14.275,-14.306,-14.306,-14.202,-14.202,-14.192,-14.192,-14.032,-14.032,-13.773,-13.467,-11.05,111.1,97.2,90.95,88.1,127.35,96.2,87.15,84.94999999999999,84.3,89.6,138.9,160.35,301.6,419.05,460.7,490.0,496.7000000000001,453.25,-14.372,-14.553,163.7,150.8,-0.3490000000000002,-13.899999999999991,0.39000000000000057,-6.25,-0.11400000000000077,-2.8500000000000085,0.0,39.25,-3.042,-31.14999999999999,0.0,-9.049999999999997,-0.030999999999998806,-2.200000000000017,0.0,-0.6499999999999915,0.1039999999999992,5.299999999999997,0.0,49.30000000000001,0.009999999999999787,21.44999999999999,0.0,141.25000000000003,0.16000000000000014,117.44999999999999,0.0,41.64999999999998,0.25900000000000034,29.30000000000001,0.30599999999999916,6.700000000000102,2.417,-43.4500000000001,-13.142111111111115,-14.251142857142858,-13.424333333333331,436.8833333333334,3391.927,3422.309,3552.156,3421.2240000000006,-15.191000000000258,3376.736
1.33,-11.23,-11.514,-11.166,-11.289,-11.289,-14.291,-14.291,-14.311,-14.311,-14.199,-14.199,-14.179,-14.179,-14.032,-14.032,-13.802,-13.563,-11.1,111.0,96.75,91.15,88.15,125.6,95.75,86.9,84.95,84.15,89.05000000000001,156.0,165.4,290.29999999999995,421.5,466.8,493.4,498.6,451.15,-14.369,-14.544,164.0,151.2,-0.2839999999999989,-14.25,0.347999999999999,-5.599999999999994,-0.12299999999999933,-3.0,0.0,37.44999999999999,-3.0020000000000007,-29.849999999999994,0.0,-8.849999999999994,-0.019999999999999574,-1.9500000000000028,0.0,-0.7999999999999972,0.1120000000000001,4.900000000000006,0.0,66.94999999999999,0.019999999999999574,9.400000000000006,0.0,124.89999999999995,0.14700000000000024,131.20000000000005,0.0,45.30000000000001,0.23000000000000043,26.599999999999966,0.238999999999999,5.2000000000000455,2.463000000000001,-47.450000000000045,-13.16538888888889,-14.254428571428573,-13.45133333333333,436.9583333333333,3376.736,3391.927,3479.456,3396.8462,-19.16899999999987,3357.567
1.33,-11.386,-11.578,-11.222,-11.247,-11.247,-14.266,-14.266,-14.292,-14.292,-14.216,-14.216,-14.188,-14.188,-14.048,-14.048,-13.76,-13.583,-11.104,111.35,97.15,91.25,88.05000000000001,125.15,95.45,87.0,84.85,84.15,88.35,152.60000000000002,176.8,280.7,423.3,473.15,493.5,499.15,453.9500000000001,-14.361,-14.547,163.9,151.7,-0.19200000000000017,-14.199999999999989,0.35599999999999987,-5.900000000000006,-0.025000000000000355,-3.1999999999999886,0.0,37.099999999999994,-3.019,-29.700000000000003,0.0,-8.450000000000003,-0.0259999999999998,-2.1500000000000057,0.0,-0.6999999999999886,0.07600000000000051,4.199999999999989,0.0,64.25000000000003,0.027999999999998693,24.19999999999999,0.0,103.89999999999998,0.14000000000000057,142.60000000000002,0.0,49.849999999999966,0.28800000000000026,20.350000000000023,0.1769999999999996,5.649999999999977,2.479000000000001,-45.199999999999875,-13.174833333333332,-14.248,-13.455166666666665,437.29166666666674,3357.567,3376.736,3435.692,3373.6979999999994,-37.615999999999985,3319.951
1.33,-11.364,-11.662,-11.164,-11.268,-11.268,-14.27,-14.27,-14.3,-14.3,-14.209,-14.209,-14.178,-14.178,-14.036,-14.036,-13.774,-13.5,-11.12,111.6,97.3,91.25,87.69999999999999,125.75,95.15,87.1,84.65,83.95,87.69999999999999,142.2,174.4,282.45,421.05,478.4500000000001,499.5,500.5,455.2,-14.375,-14.557,163.6,151.2,-0.29800000000000004,-14.299999999999997,0.4980000000000011,-6.049999999999997,-0.10400000000000098,-3.5500000000000114,0.0,38.05000000000001,-3.001999999999999,-30.599999999999994,0.0,-8.050000000000011,-0.030000000000001137,-2.4499999999999886,0.0,-0.7000000000000028,0.09100000000000108,3.749999999999986,0.0,54.5,0.030999999999998806,32.20000000000002,0.0,108.04999999999998,0.14200000000000124,138.60000000000002,0.0,57.40000000000009,0.26200000000000045,21.049999999999898,0.27399999999999913,1.0,2.380000000000001,-45.30000000000001,-13.172555555555554,-14.248000000000001,-13.440666666666667,439.5249999999999,3319.951,3357.567,3422.309,3342.3032,-54.615999999999985,3265.335
1.33,-11.326,-11.613,-11.157,-11.275,-11.275,-14.258,-14.258,-14.301,-14.301,-14.204,-14.204,-14.185,-14.185,-14.036,-14.036,-13.779,-13.538,-11.063,111.75,97.45,91.05,87.75,126.95,94.95,87.15,84.55000000000001,83.6,86.8,136.0,174.7,306.75,410.75,481.0,501.7,506.45,456.7,-14.367,-14.536,163.5,150.3,-0.28699999999999903,-14.299999999999997,0.4559999999999995,-6.400000000000006,-0.11800000000000033,-3.299999999999997,0.0,39.2,-2.9829999999999988,-32.0,0.0,-7.799999999999997,-0.04300000000000104,-2.5999999999999943,0.0,-0.950000000000017,0.09699999999999953,3.200000000000003,0.0,49.2,0.019000000000000128,38.69999999999999,0.0,132.05,0.1490000000000009,104.0,0.0,70.25,0.2569999999999997,20.69999999999999,0.24099999999999966,4.75,2.4749999999999996,-49.75,-13.166333333333334,-14.244428571428573,-13.4395,443.89166666666665,3265.335,3319.951,3391.927,3318.4318,7.235000000000127,3272.57
1.33,-11.283,-11.57,-11.183,-11.268,-11.268,-14.285,-14.285,-14.296,-14.296,-14.216,-14.216,-14.177,-14.177,-14.017,-14.017,-13.77,-13.513,-11.11,111.4,97.7,90.95,87.85,128.35,94.55,87.1,84.55,83.5,86.45,132.3,176.8,313.15,414.8,482.3,501.65,506.85,460.55,-14.373,-14.542,163.7,149.8,-0.2870000000000008,-13.700000000000003,0.38700000000000045,-6.75,-0.08500000000000085,-3.1000000000000085,0.0,40.5,-3.0169999999999995,-33.8,0.0,-7.450000000000003,-0.010999999999999233,-2.549999999999997,0.0,-1.0499999999999972,0.08000000000000007,2.950000000000003,0.0,45.85000000000001,0.0389999999999997,44.5,0.0,136.34999999999997,0.16000000000000014,101.65000000000003,0.0,67.5,0.2469999999999999,19.349999999999966,0.2569999999999997,5.2000000000000455,2.4030000000000005,-46.30000000000001,-13.16372222222222,-14.252999999999998,-13.434,446.55,3272.57,3265.335,3376.736,3289.4966,-40.51000000000022,3232.06
1.33,-11.253,-11.542,-11.17,-11.261,-11.261,-14.278,-14.278,-14.298,-14.298,-14.206,-14.206,-14.166,-14.166,-14.017,-14.017,-13.826,-13.593,-11.039,110.5,97.9,91.05,87.75,127.95,93.95,87.19999999999999,84.55000000000001,83.65,86.8,129.3,171.5,306.3,425.35,480.1,498.8,505.4,464.2000000000001,-14.369,-14.537,164.0,149.8,-0.2889999999999997,-12.599999999999994,0.3719999999999999,-6.8500000000000085,-0.0909999999999993,-3.299999999999997,0.0,40.2,-3.0170000000000012,-34.0,0.0,-6.750000000000014,-0.019999999999999574,-2.6499999999999773,0.0,-0.9000000000000057,0.09200000000000053,3.1499999999999915,0.0,42.500000000000014,0.03999999999999915,42.19999999999999,0.0,134.8,0.1490000000000009,119.05000000000001,0.0,54.75,0.19099999999999895,18.69999999999999,0.23300000000000054,6.599999999999966,2.5540000000000003,-41.199999999999875,-13.159722222222221,-14.247142857142858,-13.443,446.69166666666666,3232.06,3272.57,3357.567,3266.493,10.489000000000033,3242.549
1.33,-11.312,-11.561,-11.14,-11.257,-11.257,-14.256,-14.256,-14.297,-14.297,-14.18,-14.18,-14.153,-14.153,-14.013,-14.013,-13.864,-13.623,-11.07,109.75,97.85,91.15,87.55,126.55,93.8,86.85,84.5,83.80000000000001,87.7,119.65,162.35,304.8,435.6,478.5,498.4,501.25,464.65,-14.365,-14.547,164.4,150.1,-0.24900000000000055,-11.900000000000006,0.4209999999999994,-6.699999999999989,-0.1169999999999991,-3.6000000000000085,0.0,39.0,-2.9990000000000006,-32.75,0.0,-6.950000000000003,-0.04100000000000037,-2.3499999999999943,0.0,-0.6999999999999886,0.11700000000000088,3.8999999999999915,0.0,31.950000000000003,0.026999999999999247,42.69999999999999,0.0,142.45000000000002,0.14000000000000057,130.8,0.0,42.89999999999998,0.14899999999999913,19.899999999999977,0.24100000000000144,2.8500000000000227,2.552999999999999,-36.60000000000002,-13.16011111111111,-14.231285714285717,-13.456000000000003,447.20000000000005,3242.549,3232.06,3319.951,3245.8766,-25.679999999999836,3216.869
1.33,-11.409,-11.604,-11.15,-11.287,-11.287,-14.249,-14.249,-14.289,-14.289,-14.169,-14.169,-14.159,-14.159,-13.991,-13.991,-13.872,-13.647,-11.184,108.95,97.35,91.15,87.7,123.6,93.8,86.75,84.44999999999999,83.94999999999999,88.9,109.75,152.15,306.4,439.45,480.4,500.1,500.9,463.9,-14.355,-14.516,164.6,150.6,-0.1949999999999985,-11.600000000000009,0.45399999999999885,-6.199999999999989,-0.13700000000000045,-3.450000000000003,0.0,35.89999999999999,-2.9619999999999997,-29.799999999999997,0.0,-7.049999999999997,-0.03999999999999915,-2.3000000000000114,0.0,-0.5,0.11999999999999922,4.950000000000017,0.0,20.849999999999994,0.009999999999999787,42.400000000000006,0.0,154.24999999999997,0.16800000000000104,133.05,0.0,40.94999999999999,0.11899999999999977,19.700000000000045,0.22499999999999964,0.7999999999999545,2.463000000000001,-37.0,-13.17522222222222,-14.224714285714287,-13.473999999999998,448.52500000000003,3216.869,3242.549,3265.335,3243.6341999999995,37.253999999999905,3254.123
1.33,-11.424,-11.671,-11.218,-11.283,-11.283,-14.255,-14.255,-14.275,-14.275,-14.194,-14.194,-14.167,-14.167,-14.005,-14.005,-13.884,-13.617,-11.164,108.55,96.65,91.5,87.75,122.5,93.6,86.69999999999999,84.44999999999999,84.0,89.95,105.35,148.75,290.95,429.5,484.75,502.35,503.9500000000001,460.7,-14.342,-14.495,164.6,151.4,-0.2469999999999999,-11.899999999999991,0.4529999999999994,-5.150000000000006,-0.0649999999999995,-3.75,0.0,34.75,-2.9720000000000013,-28.900000000000006,0.0,-6.900000000000006,-0.019999999999999574,-2.25,0.0,-0.44999999999998863,0.08099999999999952,5.950000000000003,0.0,15.399999999999991,0.027000000000001023,43.400000000000006,0.0,142.2,0.16199999999999903,138.55,0.0,55.25,0.12100000000000044,17.600000000000023,0.26699999999999946,1.6000000000000796,2.453000000000001,-43.250000000000114,-13.185333333333332,-14.230714285714287,-13.473666666666666,445.36666666666673,3254.123,3216.869,3272.57,3243.0554,15.552999999999884,3269.676
1.33,-11.468,-11.699,-11.168,-11.268,-11.268,-14.252,-14.252,-14.285,-14.285,-14.203,-14.203,-14.162,-14.162,-14.022,-14.022,-13.605,-13.444,-11.094,109.45,96.25,91.3,87.8,122.25,93.75,86.65,84.15,84.15,90.4,103.6,155.4,271.4,429.7,489.4,503.25,506.9,461.65,-14.354,-14.525,164.4,152.2,-0.23099999999999987,-13.200000000000003,0.5310000000000006,-4.950000000000003,-0.10000000000000142,-3.5,0.0,34.45,-2.984,-28.5,0.0,-7.099999999999994,-0.032999999999999474,-2.5,0.0,0.0,0.08200000000000074,6.25,0.0,13.199999999999989,0.04099999999999859,51.80000000000001,0.0,115.99999999999997,0.14000000000000057,158.3,0.0,59.69999999999999,0.4169999999999998,13.850000000000023,0.1609999999999996,3.6499999999999773,2.3500000000000014,-45.25,-13.158999999999999,-14.23457142857143,-13.3915,443.7166666666667,3269.676,3254.123,3232.06,3248.1914,-11.93600000000015,3257.74
1.33,-11.41,-11.688,-11.155,-11.272,-11.272,-14.248,-14.248,-14.303,-14.303,-14.183,-14.183,-14.162,-14.162,-14.015,-14.015,-13.638,-13.447,-11.169,109.85,95.65,91.25,87.75,121.65,94.15,86.44999999999999,83.95,84.2,90.2,101.35,154.8,257.55,424.95,490.3,507.4,506.3,463.85,-14.359,-14.521,164.0,152.9,-0.27800000000000047,-14.199999999999989,0.5330000000000013,-4.400000000000006,-0.11700000000000088,-3.5,0.0,33.900000000000006,-2.975999999999999,-27.5,0.0,-7.700000000000017,-0.05500000000000149,-2.499999999999986,0.0,0.25,0.120000000000001,6.0,0.0,11.149999999999991,0.02099999999999902,53.45000000000002,0.0,102.75,0.14700000000000024,167.39999999999998,0.0,65.35000000000002,0.37700000000000067,17.099999999999966,0.19100000000000072,-1.099999999999966,2.2779999999999987,-42.44999999999999,-13.159611111111111,-14.232857142857142,-13.407666666666666,441.72499999999997,3257.74,3269.676,3242.549,3256.6549999999997,27.127000000000407,3284.867
1.33,-11.239,-11.587,-11.191,-11.305,-11.305,-14.256,-14.256,-14.28,-14.28,-14.181,-14.181,-14.162,-14.162,-14.006,-14.006,-13.599,-13.355,-11.188,110.9,95.25,91.0,88.1,122.1,94.4,86.19999999999999,84.0,84.15,89.4,99.65,151.85000000000002,259.1,409.8,486.65,509.8,510.6,467.5,-14.355,-14.529,163.5,153.7,-0.347999999999999,-15.650000000000006,0.395999999999999,-4.25,-0.11399999999999899,-2.9000000000000057,0.0,34.0,-2.9510000000000005,-27.69999999999999,0.0,-8.200000000000017,-0.023999999999999133,-2.1999999999999886,0.0,0.15000000000000568,0.0990000000000002,5.25,0.0,10.25,0.01899999999999835,52.20000000000002,0.0,107.25,0.15600000000000058,150.7,0.0,76.84999999999997,0.40700000000000003,23.150000000000034,0.24399999999999977,0.8000000000000114,2.167,-43.10000000000002,-13.141055555555555,-14.228,-13.386000000000001,440.57500000000005,3284.867,3257.74,3216.869,3271.0504,3.9789999999998145,3288.846
1.33,-11.136,-11.467,-11.177,-11.247,-11.247,-14.27,-14.27,-14.276,-14.276,-14.184,-14.184,-14.157,-14.157,-14.013,-14.013,-13.526,-13.338,-11.113,111.75,95.6,90.55,88.0,122.7,94.6,86.15,83.9,84.1,88.55,103.65,149.5,254.15,403.45,483.85,506.0,509.15,466.9500000000001,-14.352,-14.547,163.0,154.4,-0.3310000000000013,-16.150000000000006,0.2900000000000009,-5.049999999999997,-0.07000000000000028,-2.549999999999997,0.0,34.7,-3.0229999999999997,-28.10000000000001,0.0,-8.449999999999989,-0.006000000000000227,-2.25,0.0,0.19999999999998863,0.09200000000000053,4.450000000000003,0.0,15.100000000000009,0.026999999999999247,45.849999999999994,0.0,104.65,0.14400000000000013,149.29999999999998,0.0,80.40000000000003,0.4870000000000001,22.149999999999977,0.1880000000000006,3.1499999999999773,2.2249999999999996,-42.199999999999875,-13.113944444444446,-14.230999999999998,-13.36,437.2583333333334,3288.846,3284.867,3254.123,3295.5730000000003,87.88999999999987,3376.736
1.33,-11.027,-11.4,-11.142,-11.257,-11.257,-14.251,-14.251,-14.287,-14.287,-14.176,-14.176,-14.132,-14.132,-13.979,-13.979,-13.512,-13.307,-11.08,112.1,96.45,90.3,88.0,124.2,94.7,86.05,83.65,84.05,88.35,111.8,157.5,247.9,392.0,481.7,504.1,504.25,470.85,-14.355,-14.518,162.4,155.1,-0.3730000000000011,-15.649999999999991,0.2580000000000009,-6.150000000000006,-0.11500000000000021,-2.299999999999997,0.0,36.2,-2.9939999999999998,-29.5,0.0,-8.650000000000006,-0.036000000000001364,-2.3999999999999915,0.0,0.3999999999999915,0.11100000000000065,4.299999999999997,0.0,23.450000000000003,0.04400000000000048,45.7,0.0,90.4,0.15300000000000047,144.1,0.0,89.69999999999999,0.46699999999999875,22.400000000000034,0.20500000000000007,0.14999999999997726,2.2270000000000003,-33.39999999999998,-13.090666666666667,-14.222857142857142,-13.331499999999998,433.46666666666664,3376.736,3288.846,3269.676,3319.1551999999997,10.851000000000113,3387.587
1.33,-11.045,-11.423,-11.17,-11.325,-11.325,-14.23,-14.23,-14.268,-14.268,-14.162,-14.162,-14.125,-14.125,-13.987,-13.987,-13.496,-13.308,-11.09,112.3,97.2,89.65,87.8,126.6,94.7,86.05000000000001,83.55,84.5,89.44999999999999,107.25,176.15,233.5,392.85,476.55,503.3,501.0,469.25,-14.341,-14.5,162.0,155.2,-0.3780000000000001,-15.099999999999994,0.2530000000000001,-7.549999999999997,-0.15499999999999936,-1.8500000000000085,0.0,38.8,-2.905000000000001,-31.89999999999999,0.0,-8.649999999999991,-0.038000000000000256,-2.500000000000014,0.0,0.9500000000000028,0.10599999999999987,4.949999999999989,0.0,17.80000000000001,0.03700000000000081,68.9,0.0,57.349999999999994,0.1379999999999999,159.35000000000002,0.0,83.69999999999999,0.49099999999999966,26.75,0.1880000000000006,-2.3000000000000114,2.218,-31.75,-13.095888888888888,-14.206428571428573,-13.332166666666668,429.4083333333333,3387.587,3376.736,3257.74,3350.5498,27.126000000000204,3414.713
1.33,-11.049,-11.401,-11.218,-11.335,-11.335,-14.232,-14.232,-14.256,-14.256,-14.171,-14.171,-14.132,-14.132,-13.958,-13.958,-13.435,-13.196,-11.026,112.0,97.8,89.69999999999999,87.65,127.6,94.65,86.1,83.55,85.55,97.4,102.5,199.05,246.15,380.4,472.2000000000001,500.55,499.95,466.55,-14.341,-14.484,162.0,154.8,-0.3520000000000003,-14.200000000000003,0.18299999999999983,-8.100000000000009,-0.11700000000000088,-2.049999999999983,0.0,39.94999999999999,-2.8969999999999985,-32.94999999999999,0.0,-8.550000000000011,-0.02400000000000091,-2.549999999999997,0.0,2.0,0.08500000000000085,11.850000000000009,0.0,5.099999999999994,0.0389999999999997,96.55000000000001,0.0,47.099999999999994,0.1739999999999995,134.24999999999997,0.0,91.80000000000013,0.5229999999999997,28.34999999999991,0.23900000000000077,-0.6000000000000227,2.17,-33.39999999999998,-13.082944444444443,-14.207142857142856,-13.284166666666666,427.6333333333334,3414.713,3387.587,3284.867,3375.0,-7.595000000000255,3407.118
1.33,-11.164,-11.473,-11.202,-11.269,-11.269,-14.228,-14.228,-14.261,-14.261,-14.169,-14.169,-14.127,-14.127,-13.975,-13.975,-13.52,-13.246,-10.93,110.75,98.1,90.2,87.4,127.1,94.45,86.3,83.55,85.19999999999999,102.15,102.0,178.3,272.6,364.5,467.95,495.35,502.4,465.65,-14.334,-14.5,162.6,153.1,-0.30900000000000105,-12.650000000000006,0.2710000000000008,-7.8999999999999915,-0.06700000000000017,-2.799999999999997,0.0,39.69999999999999,-2.9589999999999996,-32.64999999999999,0.0,-8.150000000000006,-0.032999999999999474,-2.75,0.0,1.6499999999999915,0.09199999999999875,16.950000000000017,0.0,-0.15000000000000568,0.041999999999999815,76.30000000000001,0.0,94.30000000000001,0.15200000000000102,91.89999999999998,0.0,103.44999999999999,0.45500000000000007,27.400000000000034,0.27399999999999913,7.0499999999999545,2.3160000000000007,-36.75,-13.088500000000002,-14.206142857142854,-13.295499999999999,428.07500000000005,3407.118,3414.713,3288.846,3396.3396000000002,-11.57400000000007,3395.544
1.33,-11.343,-11.561,-11.184,-11.291,-11.291,-14.228,-14.228,-14.257,-14.257,-14.176,-14.176,-14.146,-14.146,-13.963,-13.963,-13.566,-13.362,-10.988,109.85,98.6,90.6,86.8,126.65,94.1,86.3,83.6,84.85,99.15,101.0,168.6,306.6,371.95,466.95,492.85,495.75,462.65,-14.353,-14.5,163.7,151.7,-0.21799999999999997,-11.25,0.37700000000000067,-8.0,-0.1070000000000011,-3.799999999999997,0.0,39.85000000000001,-2.9369999999999994,-32.55000000000001,0.0,-7.799999999999997,-0.028999999999999915,-2.700000000000003,0.0,1.25,0.08099999999999952,14.300000000000011,0.0,1.8499999999999943,0.02999999999999936,67.6,0.0,138.00000000000003,0.1830000000000016,65.34999999999997,0.0,95.0,0.39699999999999847,25.900000000000034,0.20400000000000063,2.8999999999999773,2.3740000000000006,-33.10000000000002,-13.11811111111111,-14.209714285714286,-13.331333333333333,432.7916666666667,3395.544,3407.118,3376.736,3400.1011999999996,0.0,3395.544
1.33,-11.461,-11.676,-11.198,-11.326,-11.326,-14.219,-14.219,-14.271,-14.271,-14.161,-14.161,-14.153,-14.153,-13.972,-13.972,-13.586,-13.354,-11.104,108.75,98.4,91.1,86.85,126.8,93.8,86.44999999999999,83.55000000000001,84.30000000000001,96.4,103.4,160.10000000000002,312.6,392.4,460.55,490.85,496.5,461.45,-14.353,-14.499,164.6,151.5,-0.21499999999999986,-10.349999999999994,0.47799999999999976,-7.300000000000011,-0.1280000000000001,-4.25,0.0,39.95,-2.892999999999999,-33.0,0.0,-7.3500000000000085,-0.05200000000000138,-2.8999999999999773,0.0,0.75,0.11000000000000121,12.099999999999994,0.0,7.0,0.007999999999999119,56.70000000000002,0.0,152.5,0.18100000000000094,79.79999999999995,0.0,68.15000000000003,0.38599999999999923,30.30000000000001,0.2320000000000011,5.649999999999977,2.25,-35.05000000000001,-13.143499999999998,-14.207857142857145,-13.356833333333334,435.72499999999997,3395.544,3395.544,3387.587,3383.3911999999996,-91.50700000000006,3304.037
1.33,-11.428,-11.695,-11.198,-11.315,-11.315,-14.24,-14.24,-14.25,-14.25,-14.172,-14.172,-14.138,-14.138,-13.969,-13.969,-13.655,-13.421,-11.008,108.3,97.6,91.7,87.15,125.85,93.45,86.55000000000001,83.7,84.0,94.5,104.85,170.45,292.4,417.4500000000001,454.9500000000001,484.1,495.8,458.15,-14.352,-14.508,165.3,151.8,-0.26699999999999946,-10.700000000000003,0.4969999999999999,-5.8999999999999915,-0.1169999999999991,-4.549999999999997,0.0,38.69999999999999,-2.9250000000000007,-32.39999999999999,0.0,-6.8999999999999915,-0.009999999999999787,-2.8500000000000085,0.0,0.29999999999999716,0.0779999999999994,10.5,0.0,10.349999999999994,0.034000000000000696,65.6,0.0,121.94999999999999,0.16900000000000048,125.05000000000013,0.0,37.5,0.31400000000000006,29.14999999999992,0.23399999999999999,11.699999999999989,2.4130000000000003,-37.650000000000034,-13.142944444444444,-14.208857142857143,-13.36,433.8083333333334,3304.037,3395.544,3414.713,3364.4388,15.914000000000215,3319.951
1.33,-11.157,-11.568,-11.11,-11.247,-11.247,-14.233,-14.233,-14.262,-14.262,-14.183,-14.183,-14.138,-14.138,-13.973,-13.973,-13.698,-13.479,-11.116,107.8,96.75,91.9,87.4,124.95,93.35,86.5,83.85,84.05,93.0,102.6,184.3,285.95,434.9,460.15,482.25,486.5,456.05,-14.354,-14.511,165.8,151.7,-0.4109999999999996,-11.049999999999997,0.4580000000000002,-4.849999999999994,-0.13700000000000045,-4.5,0.0,37.55,-2.9860000000000007,-31.60000000000001,0.0,-6.849999999999994,-0.028999999999999915,-2.6500000000000057,0.0,0.20000000000000284,0.07900000000000063,8.950000000000003,0.0,9.599999999999994,0.04499999999999993,81.70000000000002,0.0,101.64999999999998,0.16499999999999915,148.95,0.0,25.25,0.27500000000000036,22.100000000000023,0.2190000000000012,4.25,2.3629999999999995,-30.44999999999999,-13.122222222222225,-14.21342857142857,-13.396166666666666,434.3,3319.951,3304.037,3407.118,3339.1205999999997,-39.42399999999998,3280.527
1.33,-10.853,-11.399,-11.159,-11.286,-11.286,-14.244,-14.244,-14.279,-14.279,-14.177,-14.177,-14.143,-14.143,-13.992,-13.992,-13.697,-13.505,-11.189,107.5,96.0,92.2,87.7,122.05,93.35,86.25,83.95,84.25,92.1,99.55,194.2,300.95,426.9500000000001,468.7,486.7000000000001,489.4,458.3,-14.346,-14.47,166.6,150.9,-0.5459999999999994,-11.5,0.23999999999999844,-3.799999999999997,-0.1269999999999989,-4.5,0.0,34.349999999999994,-2.958,-28.700000000000003,0.0,-7.099999999999994,-0.03500000000000014,-2.299999999999997,0.0,0.29999999999999716,0.10200000000000031,7.849999999999994,0.0,7.450000000000003,0.03399999999999892,94.64999999999999,0.0,106.75,0.1509999999999998,126.00000000000011,0.0,41.749999999999886,0.2950000000000017,18.000000000000114,0.1919999999999984,2.699999999999875,2.3160000000000007,-31.099999999999966,-13.113555555555553,-14.220428571428569,-13.419666666666666,438.50000000000006,3280.527,3319.951,3395.544,3316.9852,4.3400000000001455,3284.867
1.33,-10.945,-11.29,-11.165,-11.306,-11.306,-14.244,-14.244,-14.27,-14.27,-14.18,-14.18,-14.141,-14.141,-13.976,-13.976,-13.695,-13.501,-11.202,107.45,95.5,91.75,88.1,119.6,94.0,86.25,84.0,84.5,91.5,97.2,192.65,320.9,423.4,479.55,492.2000000000001,496.15,456.75,-14.354,-14.479,167.2,149.6,-0.34499999999999886,-11.950000000000003,0.125,-3.75,-0.14100000000000001,-3.6500000000000057,0.0,31.5,-2.9380000000000006,-25.599999999999994,0.0,-7.75,-0.0259999999999998,-2.25,0.0,0.5,0.08999999999999986,7.0,0.0,5.700000000000003,0.0389999999999997,95.45,0.0,128.24999999999997,0.16499999999999915,102.5,0.0,56.150000000000034,0.2810000000000006,12.650000000000091,0.19400000000000084,3.949999999999875,2.2989999999999995,-39.39999999999998,-13.112888888888888,-14.218428571428573,-13.415166666666666,444.825,3284.867,3280.527,3395.544,3301.8666,35.08399999999983,3319.951
1.33,-11.185,-11.391,-11.173,-11.249,-11.249,-14.24,-14.24,-14.253,-14.253,-14.177,-14.177,-14.14,-14.14,-13.969,-13.969,-13.723,-13.505,-11.102,107.8,95.05,91.1,88.5,118.95,94.3,86.1,83.9,85.0,93.1,99.0,177.45,334.5,421.45,487.65,495.75,498.75,459.4500000000001,-14.348,-14.508,167.7,148.1,-0.20599999999999952,-12.75,0.21799999999999997,-3.950000000000003,-0.07600000000000051,-2.5999999999999943,0.0,30.450000000000003,-2.9909999999999997,-24.650000000000006,0.0,-8.200000000000003,-0.0129999999999999,-2.1999999999999886,0.0,1.0999999999999943,0.07600000000000051,8.099999999999994,0.0,5.900000000000006,0.036999999999999034,78.44999999999999,0.0,157.05,0.17100000000000115,86.94999999999999,0.0,66.19999999999999,0.24599999999999866,8.100000000000023,0.21799999999999997,3.0,2.4030000000000005,-39.2999999999999,-13.11861111111111,-14.211428571428572,-13.401333333333334,449.5916666666667,3319.951,3284.867,3304.037,3307.2918,11.211999999999989,3331.163
1.33,-11.254,-11.544,-11.169,-11.287,-11.287,-14.241,-14.241,-14.261,-14.261,-14.181,-14.181,-14.158,-14.158,-13.989,-13.989,-13.737,-13.543,-11.153,108.45,94.8,90.55,88.65,119.7,94.8,85.95,83.9,85.15,94.15,101.6,165.75,339.35,435.7000000000001,489.4,505.65,501.15,463.3,-14.343,-14.511,168.0,147.4,-0.2900000000000009,-13.650000000000006,0.375,-4.25,-0.11800000000000033,-1.8999999999999915,0.0,31.049999999999997,-2.953999999999999,-24.900000000000006,0.0,-8.849999999999994,-0.019999999999999574,-2.049999999999997,0.0,1.25,0.08000000000000007,9.0,0.0,7.449999999999989,0.022999999999999687,64.15,0.0,173.60000000000002,0.1689999999999987,96.35000000000008,0.0,53.699999999999875,0.25200000000000067,16.25,0.19400000000000084,-4.5,2.389999999999999,-37.849999999999966,-13.146333333333331,-14.217714285714283,-13.428166666666668,455.75833333333344,3331.163,3319.951,3319.951,3292.6072,-84.63500000000022,3246.528
1.33,-11.357,-11.594,-11.143,-11.269,-11.269,-14.231,-14.231,-14.276,-14.276,-14.165,-14.165,-14.157,-14.157,-13.986,-13.986,-13.733,-13.526,-11.23,109.05,94.55,90.05000000000001,88.2,121.3,95.35,85.55,84.05,84.9,92.9,103.1,159.55,317.15,450.3,489.25,512.25,506.6,463.4500000000001,-14.348,-14.484,168.1,147.7,-0.2370000000000001,-14.5,0.45099999999999874,-4.499999999999986,-0.12599999999999945,-1.8500000000000085,0.0,33.099999999999994,-2.9619999999999997,-25.950000000000003,0.0,-9.799999999999997,-0.04499999999999993,-1.5,0.0,0.8500000000000085,0.11100000000000065,8.0,0.0,10.199999999999989,0.007999999999999119,56.45000000000002,0.0,157.59999999999997,0.17099999999999937,133.15000000000003,0.0,38.94999999999999,0.2530000000000001,23.0,0.20700000000000074,-5.649999999999977,2.2959999999999994,-43.14999999999992,-13.152833333333332,-14.21442857142857,-13.436333333333335,456.50000000000006,3246.528,3331.163,3280.527,3282.9138,-14.467999999999847,3232.06
1.33,-11.364,-11.615,-11.159,-11.249,-11.249,-14.232,-14.232,-14.261,-14.261,-14.169,-14.169,-14.149,-14.149,-13.976,-13.976,-13.736,-13.546,-11.164,109.35,94.8,89.75,87.9,121.75,95.35,85.45,83.94999999999999,85.05,92.8,101.6,168.6,290.0,455.65,491.85,512.75,514.25,465.35,-14.342,-14.491,167.9,149.5,-0.25099999999999945,-14.549999999999997,0.4559999999999995,-5.049999999999997,-0.08999999999999986,-1.8499999999999943,0.0,33.849999999999994,-2.9829999999999988,-26.400000000000006,0.0,-9.899999999999991,-0.028999999999999915,-1.5000000000000142,0.0,1.1000000000000085,0.09199999999999875,7.75,0.0,8.799999999999997,0.02000000000000135,67.0,0.0,121.4,0.17299999999999827,165.64999999999998,0.0,36.200000000000045,0.2400000000000002,20.899999999999977,0.19000000000000128,1.5,2.3819999999999997,-48.89999999999998,-13.147555555555552,-14.210428571428569,-13.424500000000002,454.97499999999997,3232.06,3246.528,3284.867,3273.7992,7.233999999999924,3239.294
1.33,-11.287,-11.594,-11.095,-11.202,-11.202,-14.24,-14.24,-14.253,-14.253,-14.172,-14.172,-14.134,-14.134,-13.991,-13.991,-13.729,-13.548,-11.188,109.9,95.3,89.44999999999999,87.45,121.9,95.1,85.65,83.8,84.94999999999999,94.35,101.55,187.35,277.9,447.05,498.75,513.55,517.2,470.5,-14.336,-14.496,167.7,152.0,-0.3069999999999986,-14.600000000000009,0.4989999999999988,-5.8500000000000085,-0.10699999999999932,-1.9999999999999858,0.0,34.45,-3.0380000000000003,-26.80000000000001,0.0,-9.449999999999989,-0.0129999999999999,-1.8500000000000085,0.0,1.1499999999999915,0.08099999999999952,9.400000000000006,0.0,7.200000000000003,0.038000000000000256,85.8,0.0,90.54999999999998,0.14300000000000068,169.15000000000003,0.0,51.69999999999999,0.26200000000000045,14.799999999999955,0.18099999999999916,3.650000000000091,2.3599999999999994,-46.700000000000045,-13.13472222222222,-14.209142857142856,-13.430166666666667,454.1583333333333,3239.294,3232.06,3319.951,3266.7823999999996,45.57300000000032,3284.867
1.33,-11.216,-11.529,-11.068,-11.193,-11.193,-14.233,-14.233,-14.268,-14.268,-14.175,-14.175,-14.136,-14.136,-14.001,-14.001,-13.724,-13.544,-11.214,110.45,95.55,89.2,87.0,120.5,94.75,85.75,83.45,84.55000000000001,93.95,102.35,214.4,286.95,423.5,504.35,519.0,518.35,473.7,-14.346,-14.51,167.8,154.0,-0.3130000000000006,-14.900000000000006,0.4610000000000003,-6.349999999999994,-0.125,-2.200000000000003,0.0,33.5,-3.040000000000001,-25.75,0.0,-9.0,-0.03500000000000014,-2.299999999999997,0.0,1.1000000000000085,0.09299999999999997,9.399999999999991,0.0,8.399999999999991,0.03900000000000148,112.05000000000001,0.0,72.54999999999998,0.1349999999999998,136.55,0.0,80.85000000000002,0.27699999999999925,14.649999999999977,0.17999999999999972,-0.6499999999999773,2.33,-44.650000000000034,-13.128166666666665,-14.212571428571428,-13.436666666666666,454.30833333333334,3284.867,3239.294,3331.163,3274.2332,83.54999999999973,3368.417
1.33,-11.14,-11.472,-11.129,-11.277,-11.277,-14.247,-14.247,-14.27,-14.27,-14.177,-14.177,-14.147,-14.147,-13.995,-13.995,-13.698,-13.471,-11.261,110.55,95.75,89.15,86.7,120.65,94.15,86.1,83.25,84.15,92.45,101.9,217.35,320.2,408.45,504.25,519.85,519.7,475.4,-14.339,-14.516,168.1,155.2,-0.33199999999999896,-14.799999999999997,0.34299999999999997,-6.599999999999994,-0.1479999999999997,-2.450000000000003,0.0,33.95,-2.9700000000000006,-26.5,0.0,-8.050000000000011,-0.022999999999999687,-2.8499999999999943,0.0,0.9000000000000057,0.09299999999999997,8.299999999999997,0.0,9.450000000000003,0.02999999999999936,115.44999999999999,0.0,102.85,0.15200000000000102,88.25,0.0,95.80000000000001,0.2969999999999988,15.600000000000023,0.2270000000000003,-0.14999999999997726,2.210000000000001,-44.30000000000007,-13.133166666666666,-14.219285714285713,-13.427833333333332,457.97499999999997,3368.417,3284.867,3246.528,3291.1602,-37.253999999999905,3331.163
1.33,-11.166,-11.479,-11.195,-11.268,-11.268,-14.26,-14.26,-14.279,-14.279,-14.154,-14.154,-14.125,-14.125,-13.967,-13.967,-13.694,-13.477,-11.127,109.9,96.3,89.44999999999999,86.4,121.0,93.55,86.45,83.35,84.6,92.3,101.05,225.1,342.05,407.6,499.65,518.45,515.95,476.05,-14.345,-14.521,168.9,156.2,-0.31299999999999883,-13.600000000000009,0.2839999999999989,-6.8500000000000085,-0.0730000000000004,-3.049999999999983,0.0,34.599999999999994,-2.991999999999999,-27.450000000000003,0.0,-7.099999999999994,-0.019000000000000128,-3.1000000000000085,0.0,1.25,0.125,7.700000000000003,0.0,8.75,0.028999999999999915,124.05,0.0,116.95000000000002,0.15799999999999947,65.55000000000001,0.0,92.04999999999995,0.2729999999999997,18.800000000000068,0.21700000000000053,-2.5,2.3499999999999996,-39.900000000000034,-13.124666666666668,-14.215857142857143,-13.392833333333334,459.9583333333334,3331.163,3368.417,3232.06,3294.0538,-84.63500000000022,3246.528
1.33,-11.233,-11.502,-11.162,-11.256,-11.256,-14.23,-14.23,-14.25,-14.25,-14.155,-14.155,-14.104,-14.104,-13.942,-13.942,-13.711,-13.516,-11.12,109.25,97.0,89.7,86.3,120.7,93.1,86.65,83.45,84.80000000000001,94.05,99.7,219.3,357.45,422.4500000000001,490.7000000000001,516.3,514.55,479.6,-14.323,-14.511,169.7,157.3,-0.26900000000000013,-12.25,0.33999999999999986,-7.299999999999997,-0.09399999999999942,-3.4000000000000057,0.0,34.400000000000006,-2.974,-27.60000000000001,0.0,-6.449999999999989,-0.019999999999999574,-3.200000000000003,0.0,1.3500000000000085,0.09500000000000064,9.249999999999986,0.0,5.650000000000006,0.051000000000000156,119.60000000000001,0.0,138.14999999999998,0.16199999999999903,65.00000000000011,0.0,68.25,0.23099999999999987,25.599999999999852,0.19500000000000028,-1.75,2.396000000000001,-34.94999999999993,-13.117666666666668,-14.196285714285713,-13.389166666666668,463.50833333333327,3246.528,3331.163,3239.294,3277.9948000000004,-87.529,3158.999
1.33,-11.086,-11.434,-11.129,-11.241,-11.241,-14.207,-14.207,-14.25,-14.25,-14.124,-14.124,-14.103,-14.103,-13.923,-13.923,-13.684,-13.464,-11.196,109.25,97.15,90.0,86.2,120.9,92.85,86.8,83.75,84.4,93.85,96.7,206.5,359.3,443.5,488.6,511.5,514.3,477.85,-14.319,-14.489,170.5,157.6,-0.347999999999999,-12.099999999999994,0.3049999999999997,-7.150000000000006,-0.1120000000000001,-3.799999999999997,0.0,34.7,-2.966000000000001,-28.05000000000001,0.0,-6.049999999999997,-0.04299999999999926,-3.049999999999997,0.0,0.6500000000000057,0.12599999999999945,9.449999999999989,0.0,2.8500000000000085,0.021000000000000796,109.8,0.0,152.8,0.17999999999999972,84.19999999999999,0.0,45.10000000000002,0.23900000000000077,22.899999999999977,0.21999999999999886,2.7999999999999545,2.2680000000000007,-36.44999999999993,-13.093833333333333,-14.180714285714284,-13.382166666666665,465.84166666666664,3158.999,3246.528,3284.867,3247.3958,-27.126999999999953,3131.872
1.33,-11.041,-11.455,-11.133,-11.249,-11.249,-14.199,-14.199,-14.214,-14.214,-14.119,-14.119,-14.083,-14.083,-13.893,-13.893,-13.675,-13.421,-11.169,109.15,96.85,90.1,86.35,121.8,93.55,86.69999999999999,84.1,84.0,92.4,95.0,192.3,367.35,458.25,488.55,513.45,512.3,478.2000000000001,-14.294,-14.461,171.0,157.8,-0.4139999999999997,-12.300000000000011,0.32200000000000095,-6.75,-0.11600000000000144,-3.75,0.0,35.45,-2.9499999999999993,-28.25,0.0,-6.8500000000000085,-0.015000000000000568,-2.5999999999999943,0.0,-0.09999999999999432,0.09500000000000064,8.400000000000006,0.0,2.5999999999999943,0.03599999999999959,97.30000000000001,0.0,175.05,0.1899999999999995,90.89999999999998,0.0,30.30000000000001,0.21799999999999997,24.900000000000034,0.25400000000000134,-1.150000000000091,2.251999999999999,-34.09999999999985,-13.078222222222223,-14.163857142857141,-13.355666666666666,469.6833333333334,3131.872,3158.999,3368.417,3194.9507999999996,-25.679999999999836,3106.192
1.33,-11.075,-11.362,-11.147,-11.221,-11.221,-14.193,-14.193,-14.212,-14.212,-14.098,-14.098,-14.074,-14.074,-13.882,-13.882,-13.658,-13.481,-11.035,108.85,96.5,90.6,86.6,123.6,94.3,86.35,84.35,84.0,91.9,93.55,165.2,353.5,461.3,494.4,515.85,516.75,477.6,-14.285,-14.462,171.3,157.7,-0.2870000000000008,-12.349999999999994,0.21499999999999986,-5.900000000000006,-0.07399999999999984,-4.0,0.0,37.0,-2.9719999999999995,-29.299999999999997,0.0,-7.950000000000003,-0.019000000000000128,-2.0,0.0,-0.3499999999999943,0.11399999999999899,7.900000000000006,0.0,1.6499999999999915,0.02400000000000091,71.64999999999999,0.0,188.3,0.19200000000000017,107.80000000000001,0.0,33.099999999999966,0.2240000000000002,21.450000000000045,0.1769999999999996,0.8999999999999773,2.4459999999999997,-39.14999999999998,-13.062111111111113,-14.154285714285715,-13.335333333333333,469.8999999999999,3106.192,3131.872,3331.163,3155.0926,25.679999999999836,3131.872
1.33,-11.06,-11.383,-11.121,-11.241,-11.241,-14.167,-14.167,-14.188,-14.188,-14.072,-14.072,-14.054,-14.054,-13.881,-13.881,-7.55,-6.697,-5.739,108.6,96.45,90.75,86.75,122.25,94.7,86.1,84.35,83.95,91.8,93.3,156.55,329.05,468.15,500.65,518.25,520.6,476.5,-14.273,-14.442,171.2,158.4,-0.3229999999999986,-12.149999999999991,0.2619999999999987,-5.700000000000003,-0.11999999999999922,-4.0,0.0,35.5,-2.926,-27.549999999999997,0.0,-8.600000000000009,-0.021000000000000796,-1.75,0.0,-0.3999999999999915,0.11600000000000144,7.849999999999994,0.0,1.5,0.017999999999998906,63.250000000000014,0.0,172.5,0.17300000000000004,139.09999999999997,0.0,32.5,6.331,17.600000000000023,0.8529999999999998,2.3500000000000227,0.9580000000000002,-44.10000000000002,-12.042000000000002,-14.129714285714286,-10.300333333333333,468.8666666666666,3131.872,3106.192,3246.528,3122.5404,-48.10500000000002,3083.767
1.33,-11.099,-11.425,-11.12,-11.273,-11.273,-14.165,-14.165,-14.195,-14.195,-14.076,-14.076,-14.059,-14.059,-13.883,-13.883,-13.272,-12.526,-10.932,108.35,96.15,90.65,86.95,118.15,95.2,85.75,84.3,83.85,91.35,94.35,186.25,293.2,468.15,506.35,518.75,521.5999999999999,479.0,-14.266,-14.434,171.0,159.7,-0.3260000000000005,-12.199999999999989,0.3050000000000015,-5.5,-0.15300000000000047,-3.700000000000003,0.0,31.200000000000003,-2.8919999999999995,-22.950000000000003,0.0,-9.450000000000003,-0.030000000000001137,-1.4500000000000028,0.0,-0.45000000000000284,0.11899999999999977,7.5,0.0,3.0,0.017000000000001236,91.9,0.0,106.94999999999999,0.17600000000000016,174.95,0.0,38.200000000000045,0.6109999999999989,12.399999999999977,0.7460000000000004,2.849999999999909,1.5939999999999994,-42.59999999999991,-12.981999999999998,-14.132999999999997,-13.092500000000001,464.50833333333327,3083.767,3131.872,3158.999,3118.6341999999995,55.70100000000002,3139.468
1.33,-11.011,-11.397,-11.139,-11.205,-11.205,-14.154,-14.154,-14.189,-14.189,-14.092,-14.092,-14.046,-14.046,-13.886,-13.886,-8.288,-7.017,-6.099,108.35,95.75,90.35,87.45,117.5,95.65,85.55000000000001,84.05000000000001,83.85,91.15,99.95,254.9,256.85,458.2,509.85,517.1,518.6,480.4500000000001,-14.266,-14.434,171.0,160.4,-0.386000000000001,-12.599999999999994,0.2580000000000009,-5.400000000000006,-0.06600000000000072,-2.8999999999999915,0.0,30.049999999999997,-2.949,-21.849999999999994,0.0,-10.099999999999994,-0.03500000000000014,-1.5,0.0,-0.20000000000001705,0.09699999999999953,7.300000000000011,0.0,8.799999999999997,0.04600000000000115,154.95,0.0,1.950000000000017,0.16000000000000014,201.34999999999997,0.0,51.650000000000034,5.597999999999999,7.25,1.271,1.5,0.9180000000000001,-38.14999999999992,-12.116388888888885,-14.130857142857142,-10.536999999999999,456.8416666666667,3139.468,3083.767,3131.872,3115.596,-22.786999999999807,3116.681
1.33,-11.07,-11.372,-11.122,-11.239,-11.239,-14.154,-14.154,-14.188,-14.188,-14.102,-14.102,-14.048,-14.048,-13.898,-13.898,-8.253,-6.729,-5.603,108.7,95.45,90.5,87.7,116.9,96.2,85.44999999999999,83.7,83.85,89.9,105.7,261.25,265.55,433.55,512.2,517.5,517.4,479.7,-14.266,-14.429,171.5,160.1,-0.3019999999999996,-13.25,0.25,-4.950000000000003,-0.11700000000000088,-2.799999999999997,0.0,29.200000000000003,-2.914999999999999,-20.700000000000003,0.0,-10.750000000000014,-0.034000000000000696,-1.7499999999999858,0.0,0.14999999999999147,0.0860000000000003,6.050000000000011,0.0,15.799999999999997,0.05400000000000027,155.55,0.0,4.300000000000011,0.15000000000000036,168.0,0.0,78.65000000000003,5.645,5.2999999999999545,1.524,-0.10000000000002274,1.1260000000000003,-37.69999999999999,-12.078166666666668,-14.133714285714287,-10.404833333333332,454.31666666666666,3116.681,3139.468,3106.192,3126.085,41.95600000000013,3158.637
1.33,-11.089,-11.409,-11.075,-11.197,-11.197,-14.141,-14.141,-14.185,-14.185,-14.045,-14.045,-14.014,-14.014,-13.849,-13.849,-10.343,-7.851,-6.299,108.35,95.05,90.5,87.65,118.75,96.9,85.45,83.35,83.75,88.75,107.6,233.15,331.35,398.25,510.65,517.9,516.45,478.55,-14.27,-14.425,172.6,159.0,-0.3200000000000003,-13.299999999999997,0.3340000000000014,-4.549999999999997,-0.12199999999999989,-2.8499999999999943,0.0,31.099999999999994,-2.944000000000001,-21.849999999999994,0.0,-11.450000000000003,-0.04400000000000048,-2.1000000000000085,0.0,0.4000000000000057,0.14000000000000057,5.0,0.0,18.849999999999994,0.031000000000000583,125.55000000000001,0.0,98.20000000000002,0.16499999999999915,66.89999999999998,0.0,112.39999999999998,3.5060000000000002,7.25,2.492,-1.4499999999999318,1.5519999999999996,-37.900000000000034,-12.273777777777777,-14.108,-11.03416666666667,458.8583333333334,3158.637,3116.681,3131.872,3123.0468,-41.95600000000013,3116.681
1.33,-11.098,-11.405,-11.066,-11.224,-11.224,-14.126,-14.126,-14.16,-14.16,-14.038,-14.038,-14.018,-14.018,-13.804,-13.804,-10.924,-10.432,-8.12,108.3,94.85,90.4,87.35,121.65,97.15,85.4,83.3,83.69999999999999,88.1,108.05,217.35,378.2,392.85,506.6,517.5,513.5,480.6,-14.232,-14.368,174.1,158.3,-0.3069999999999986,-13.450000000000003,0.33899999999999864,-4.449999999999989,-0.15799999999999947,-3.0500000000000114,0.0,34.30000000000001,-2.9019999999999992,-24.5,0.0,-11.75,-0.034000000000000696,-2.1000000000000085,0.0,0.3999999999999915,0.12199999999999989,4.400000000000006,0.0,19.950000000000003,0.019999999999999574,109.3,0.0,160.85,0.2140000000000004,14.650000000000034,0.0,113.75,2.880000000000001,10.899999999999977,0.4919999999999991,-4.0,2.312000000000001,-32.89999999999998,-12.543611111111112,-14.095142857142857,-11.850333333333333,464.875,3116.681,3158.637,3083.767,3119.864,-48.827999999999975,3067.853
1.33,-11.13,-11.419,-11.066,-11.168,-11.168,-14.118,-14.118,-14.138,-14.138,-14.03,-14.03,-13.992,-13.992,-13.783,-13.783,-13.201,-12.613,-10.749,108.45,95.05,90.3,87.35,122.35,96.95,85.4,83.2,85.3,90.55,107.75,208.4,368.05,419.7,491.7000000000001,516.4000000000001,513.05,478.05,-14.226,-14.38,175.1,158.4,-0.2889999999999997,-13.400000000000006,0.35299999999999976,-4.75,-0.10199999999999854,-2.950000000000003,0.0,35.0,-2.950000000000001,-25.39999999999999,0.0,-11.549999999999997,-0.019999999999999574,-2.200000000000003,0.0,2.0999999999999943,0.10800000000000054,5.25,0.0,17.200000000000003,0.03799999999999848,100.65,0.0,159.65,0.2090000000000014,51.64999999999998,0.0,72.00000000000011,0.581999999999999,24.69999999999999,0.588000000000001,-3.3500000000001364,1.863999999999999,-34.99999999999994,-12.92422222222222,-14.08057142857143,-13.020166666666666,464.49166666666673,3067.853,3116.681,3139.468,3114.511,44.84999999999991,3112.703
1.33,-11.159,-11.457,-11.079,-11.191,-11.191,-14.102,-14.102,-14.126,-14.126,-14.017,-14.017,-13.977,-13.977,-13.789,-13.789,-10.501,-8.584,-7.016,107.85,95.6,90.1,87.5,122.35,96.7,85.65,83.2,86.35,94.55,109.95,188.9,331.65,453.7,479.05,503.65,513.05,476.95,-14.214,-14.369,175.5,158.3,-0.29800000000000004,-12.25,0.3780000000000001,-5.5,-0.1120000000000001,-2.5999999999999943,0.0,34.849999999999994,-2.9109999999999996,-25.64999999999999,0.0,-11.049999999999997,-0.023999999999999133,-2.450000000000003,0.0,3.1499999999999915,0.10899999999999999,8.200000000000003,0.0,15.400000000000006,0.03999999999999915,78.95,0.0,142.74999999999997,0.1880000000000006,122.05000000000001,0.0,25.350000000000023,3.2880000000000003,24.599999999999966,1.9169999999999998,9.399999999999977,1.5679999999999996,-36.099999999999966,-12.344444444444443,-14.066714285714285,-11.276000000000002,459.6749999999999,3112.703,3067.853,3116.681,3118.996,26.403000000000247,3139.106
1.33,-11.363,-11.541,-11.062,-11.198,-11.198,-14.064,-14.064,-14.119,-14.119,-13.999,-13.999,-13.963,-13.963,-13.779,-13.779,-7.756,-6.897,-5.865,107.7,95.9,89.9,87.4,120.15,96.3,86.0,83.0,88.75,98.5,108.95,199.75,320.2,464.7,477.7000000000001,499.75,502.0,477.25,-14.198,-14.36,175.6,157.4,-0.17800000000000082,-11.799999999999997,0.479000000000001,-6.0,-0.136000000000001,-2.5,0.0,32.75,-2.8659999999999997,-23.85000000000001,0.0,-10.299999999999997,-0.054999999999999716,-3.0,0.0,5.75,0.11999999999999922,9.75,0.0,10.450000000000003,0.036000000000001364,90.8,0.0,120.44999999999999,0.18399999999999928,144.5,0.0,13.000000000000114,6.023,22.049999999999898,0.859,2.25,1.032,-24.75,-12.040444444444443,-14.046714285714284,-10.339833333333333,456.9333333333334,3139.106,3112.703,3158.637,3117.5492,12.29699999999957,3151.403
1.33,-11.622,-11.727,-11.098,-11.227,-11.227,-14.076,-14.076,-14.106,-14.106,-14.179,-14.179,-14.149,-14.149,-13.958,-13.958,-10.946,-8.749,-6.916,108.25,95.95,90.0,87.30000000000001,120.5,95.7,86.2,82.9,93.1,102.65,106.55,195.95,296.0,451.4500000000001,486.2,501.35,501.35,478.7000000000001,-14.195,-14.341,175.6,156.3,-0.10500000000000043,-12.299999999999997,0.6289999999999996,-5.950000000000003,-0.12899999999999956,-2.6999999999999886,0.0,33.19999999999999,-2.849,-24.799999999999997,0.0,-9.5,-0.02999999999999936,-3.299999999999997,0.0,10.199999999999989,-0.0730000000000004,9.550000000000011,0.0,3.8999999999999915,0.030000000000001137,89.39999999999999,0.0,100.05000000000001,0.19099999999999895,155.4500000000001,0.0,34.749999999999886,3.0120000000000005,15.150000000000034,2.196999999999999,0.0,1.8330000000000002,-22.64999999999992,-12.469333333333331,-14.124428571428572,-11.446,452.5083333333334,3151.403,3139.106,3116.681,3132.9572,42.31800000000021,3193.721
1.33,-11.681,-11.838,-11.117,-11.202,-11.202,-14.258,-14.258,-14.276,-14.276,-14.195,-14.195,-14.166,-14.166,-13.984,-13.984,-11.1,-9.093,-7.335,108.75,95.55,90.2,87.35,119.4,95.9,86.55000000000001,83.2,91.15,103.4,105.75,194.0,303.85,441.4500000000001,492.2,504.85,503.4500000000001,472.7,-14.365,-14.538,175.7,155.9,-0.15700000000000003,-13.200000000000003,0.7209999999999983,-5.349999999999994,-0.08499999999999908,-2.8500000000000085,0.0,32.05000000000001,-3.055999999999999,-23.5,0.0,-9.349999999999994,-0.018000000000000682,-3.3500000000000085,0.0,7.950000000000003,0.08099999999999952,12.25,0.0,2.3499999999999943,0.028999999999999915,88.25,0.0,109.85000000000002,0.18200000000000038,137.60000000000008,0.0,50.749999999999886,2.8840000000000003,12.650000000000034,2.0069999999999997,-1.3999999999999204,1.758,-30.750000000000114,-12.573666666666664,-14.232,-11.610333333333331,453.0833333333334,3193.721,3151.403,3067.853,3152.6332,-27.48799999999983,3166.233
1.33,-11.637,-11.87,-11.076,-11.183,-11.183,-14.266,-14.266,-14.283,-14.283,-14.27,-14.27,-14.293,-14.293,-14.108,-14.108,-13.583,-13.455,-11.254,109.05,95.25,90.2,87.1,118.75,96.1,86.69999999999999,83.25,90.0,101.35,111.25,204.5,303.8,426.05,494.95,500.5,494.5,471.65,-14.375,-14.552,175.9,156.1,-0.23299999999999876,-13.799999999999997,0.7939999999999987,-5.049999999999997,-0.10699999999999932,-3.1000000000000085,0.0,31.650000000000006,-3.083,-22.650000000000006,0.0,-9.400000000000006,-0.01699999999999946,-3.4499999999999886,0.0,6.75,0.0129999999999999,11.349999999999994,0.0,9.900000000000006,-0.022999999999999687,93.25,0.0,99.30000000000001,0.18499999999999872,122.25,0.0,68.89999999999998,0.5250000000000004,5.550000000000011,0.1280000000000001,-6.0,2.2010000000000005,-22.850000000000023,-13.204500000000003,-14.27585714285714,-13.466833333333334,448.57500000000005,3166.233,3193.721,3112.703,3171.1516,39.0619999999999,3205.295
1.33,-11.572,-11.83,-11.103,-11.247,-11.247,-14.27,-14.27,-14.322,-14.322,-14.297,-14.297,-14.284,-14.284,-14.1,-14.1,-13.632,-13.445,-11.243,109.3,95.3,90.4,87.05000000000001,121.5,95.9,86.55,83.25,88.65,100.95,110.8,198.2,317.6,418.05,493.85,504.95,489.6,471.65,-14.48,-14.647,175.9,156.2,-0.2580000000000009,-14.0,0.7270000000000003,-4.8999999999999915,-0.14400000000000013,-3.3499999999999943,0.0,34.44999999999999,-3.0229999999999997,-25.599999999999994,0.0,-9.350000000000009,-0.0519999999999996,-3.299999999999997,0.0,5.400000000000006,0.02499999999999858,12.299999999999997,0.0,9.849999999999994,0.0129999999999999,87.39999999999999,0.0,119.40000000000003,0.18400000000000105,100.44999999999999,0.0,75.80000000000001,0.46799999999999997,11.099999999999966,0.1869999999999994,-15.349999999999966,2.202,-17.950000000000045,-13.214722222222221,-14.294571428571428,-13.467333333333334,449.28333333333336,3205.295,3166.233,3139.106,3187.283,14.467999999999847,3219.763
1.33,-11.381,-11.676,-11.117,-11.213,-11.213,-14.384,-14.384,-14.412,-14.412,-14.299,-14.299,-14.276,-14.276,-14.077,-14.077,-7.648,-6.545,-5.576,109.55,95.4,90.15,87.2,123.15,95.75,86.35,83.6,87.35,98.2,108.4,187.95,325.5,426.05,491.1,506.75,496.7000000000001,459.9500000000001,-14.486,-14.641,176.2,157.2,-0.29499999999999993,-14.149999999999991,0.5589999999999993,-5.25,-0.09599999999999831,-2.950000000000003,0.0,35.95,-3.171000000000001,-27.400000000000006,0.0,-9.400000000000006,-0.02800000000000047,-2.75,0.0,3.75,0.11300000000000132,10.850000000000009,0.0,10.200000000000003,0.022999999999999687,79.54999999999998,0.0,137.55,0.19899999999999984,100.55000000000001,0.0,65.05000000000001,6.429,15.649999999999977,1.1029999999999998,-10.049999999999898,0.9690000000000003,-36.75,-12.18138888888889,-14.352285714285713,-10.3665,451.00833333333344,3219.763,3205.295,3151.403,3203.9208,14.829000000000178,3234.592
